# Resource object code (Python 3)
# Created by: object code
# Created by: The Resource Compiler for Qt version 6.6.2
# WARNING! All changes made in this file will be lost!

from PySide6 import QtCore

qt_resource_data = b"\
\x00\x00\x03\x00\
\x89\
PNG\x0d\x0a\x1a\x0a\x00\x00\x00\x0dIHDR\x00\
\x00\x00P\x00\x00\x00P\x08\x03\x00\x00\x00\xb9\xcf\x02\x9f\
\x00\x00\x00\x04gAMA\x00\x00\xb1\x8f\x0b\xfca\x05\
\x00\x00\x00\x01sRGB\x00\xae\xce\x1c\xe9\x00\x00\x00\
QPLTELiq\xff\xbe\x1e\xff\xd9S\xff\xce\
>\xff\xc3/\xff\xbd\x1a\xff\xc1#\xff\xb8\x05\xff\xb8\x11\
\xff\xd7p\xff\xcb8\xff\xd3I\xff\xd1D\xff\xd6N\xff\
\xc93\xff\xb7\x11\xff\xbd\x15\xff\xdb\x85\xff\xb9\x04\xff\xc3\
%\xff\xb2\x0e\xff\xe2\x9a\xff\xe4\xaa\xff\xdb\x5c\xff\xf0\xd2\
\xff\xdfw\xff\xdcjT\x17R\x0c\x00\x00\x00\x0atR\
NS\x00\x7f\xff\xff\x1d\xdc\xbf^\x9e_,\xafm \
\x00\x00\x027IDATX\xc3\xed\x98\xeb\x96\x9b \
\x14F\x13Q3U\xbc\x8dIm|\xff\x07-\x1c\x0e\
\x97c\x0e*\xf4G\xbbV\xdd\x80\x80\xe1\xdbq\x5c\x93\
8\xcc\xedvqqqqLY\xfe\xe0(su\xf7\
EQ(:E\x0bH\x8d\xa8\x1eY\xbe\xaaW\xcc\x94\
q\x1e\x81{\x86\xb0\x1a\xf7\xf8J\xf6=\xa8`\x806\
@\x0f\xd4\xa9w\xb26\x0eP\x0c\x1a\xec\x86\x11\xdbP\
\x7f1\xc4\xef\xaeO\xbb\x0e'\xfbT\xe5\xae0\x87G\
\x8a\xf0\xa9\x8a\x1d<]\xdb\xc0_\xa3^\xa9\xaa\x98^\
\xa7\x99z#\xe4\x7f\xa7\xcck\xeb\xaf$V\x08Uq\
\xe1\xfc3\x91\x19bq\xa1\x9c\x12\x91q\xe1\xaa\x99\xa6\
W<\xfc6\xc5\xb3\xbe\xd7\x15>\xf1\xacp{\xc3_\
\xceB\x15\xef\x15Yt]\x00V\x18\xbe\xadgq!\
\xf8&\xc2Z\x04\xe8)+\x0c#\xf0%\xb6\x14xX\
\x0a\xebX\x9c\xc4W\x0d+,H\xc4O\x96\x82ye\
CL\xb8\xf8w\xdf\xcd\x9f\x16f\xd2e\x08;s\xf8\
,\xeai\xa1ZTh\x96\x04\xd1\x0ee\x9dy\xce(\
lO`\x85\x9dy8A+l.\x88SSqB\
\xf8\x07\xfc#\xc2VWW\xda\xd6<\xbc\xbb\xe8g9\
L\xb6\xbewyJG\x86\xac\x90_\x1d\x9c\x03o\x17\
\xbc\xee\x97\xf1B\xf7\xa3\x98\xc6Yc\x1c]a*2\
W(\xb1J\xfbW\x14\xb2{\x85j\xb9\xc4$MI\
:3s<\xc7\x0a?\x13\xe7\x89\x08\xe5\xdf\x10\x0a\xdb\
\xd9\x02\x87C!\xae\xc3\x81\x19\x09h\x826\x84\x17\xda\
$.\xc48N\xc3\xd3\xbe\x97\xb8\x8a\x15\x06\xef(7\
y)\x04\xb5m\xe1\x85\xc1U\xa5\x12\x15&\xd2\xe4\x09\
\x1b\xd3L\xe7J\x83\xe7\xf4\xa0\x89\x08\xdd\x1a\x9b\xb4\xa7\
\x1a\x18\x1a\x9c.$*\x14v1]/\xbcI\xf83\
\xb6\xc5\x84\xcd\xc6!\x9a\xad\x81\xf8\x8f\xaf\xd0]H\x06\
'\xaep\x97\xde\xb4\x1e\x07\xfd\xb1\xb0\xa7\x07\xa2\xe8\x81\
\x06\x1aN\xfa\x98P/\xd0\x9d\x8eb\xaa\xb1\x19\x17\xa6\
C3\xe7\xb7f}65\xbfy<\x8a\xcd\xba\xce\xf3\
v\x03\xac\x88l\xa5j\x9b\xfbL\x8cPL\xa7\x98\xe9\
\xc6\xb5\x8an\xc0ut\x9c?\x02\xc0\xb7.\xdf\xd8\x11\
\xa2\xbb\xc7[y\xaf\xb6\x8b\x8fy\xdew\xf7\xd1\x8fT\
\xca\xdc\x7fp\x5c\x5c\x5c\xfc_\xfc\x06\x034\x8c\x16x\
\x9d\xcd}\x00\x00\x00\x00IEND\xaeB`\x82\
\x00\x00\x00\xe2\
\x89\
PNG\x0d\x0a\x1a\x0a\x00\x00\x00\x0dIHDR\x00\
\x00\x00 \x00\x00\x00 \x08\x06\x00\x00\x00szz\xf4\
\x00\x00\x00\x01sRGB\x00\xae\xce\x1c\xe9\x00\x00\x00\
\x9cIDATXG\xed\x97Q\x0e\x80 \x0cC\xd7\
\x9b\xe9\xc9\xf5f3\x90\x90\x88J,\x22\x12\x93\xfa=\
\xd8\xa3ce\xc2\x06\x7f\x18\x9c\xdf\x04pR\xc0\xdd\x17\
3\x9b:\x95f\x050\xef\xf7\xbe\x02\xf0N\xc9\xe3\xb6\
\x00\xb2\x9cE\x80c`+\x94\xbb\xc7\x83\x09@\x0a\xfc\
B\x81\xe0\x03\xe1\xb6f\xfd\xfaY\x17\xb4&*\xad\xa7\
\xdbP\x00\x95o\xc1\xc9\xdb\x9bK\x90j\xc5\x96\x82\xb5\
l\xfa\x0e\x94\x02\x8f@l\x5cZ'\x00) \x05\xfe\
\xa7\xc0\x13#b\x5c\x94\x99\x07j\xc6\xf2\xcc\x8a\x09\x80\
\xfb\xb1\x9c=\xf9[q\xfa5\x1b\xae\xc0\x06\x0f\xfc\xd0\
!\xbf\xbcV\x14\x00\x00\x00\x00IEND\xaeB`\
\x82\
\x00\x00\x01\xed\
\x89\
PNG\x0d\x0a\x1a\x0a\x00\x00\x00\x0dIHDR\x00\
\x00\x00\x1c\x00\x00\x00\x1c\x08\x06\x00\x00\x00r\x0d\xdf\x94\
\x00\x00\x00\x01sRGB\x00\xae\xce\x1c\xe9\x00\x00\x01\
\xa7IDATHK\xed\xd5\xcf\x8b\xceQ\x14\xc7\xf1\
\xd7g\xefW\xd9([a\xe1\x1f\xa0\x94)\x85bi\
!\x12\x1b\xa1\xfc*?\xb2\x92\xac(\x11%\xd9\x90\x14\
5vJ\x942\xb1\xb0\xb0V\x94\x85\x0d\xb1P~l\
ds\xf5\x9d\xeeHO\xcf<s\x9f\xc74\x8bi\xce\
\xe6\xde\xba\xf7\x9e\xf7\xb9\xe7\x9e\xf3\xb91\xc7\x969\xe6\
\x19\x1aXJ\xd9\x8a\xcd5\xd0gI\x9e\x0c\x13t3\
\xb0\x94\xb2\x0cw\xb1\xa3\x07\xf0\x08{\x93|k\x01\x0f\
\x03\xbc\x82\xe3\xd5\xe9\xc7:\xae\xac\xe3\xd5$'f\x1b\
\xf8\x16kp\x0f\x87\xab\xf3\x1b\xd8\x83wI\xd6\xce6\
\xb0T\x87cI&\xbay)e\x13\x9ew\xf3$M\
\xd9j\xdaT\x9d/\x00\x9b\xb2\xd5\xb4i\xfe\xa6\xb4\x94\
r\x1b\xabk\xb3\x7f\x1dT\xa5X\x8e\x17x\x9dd\xff\
t-20\xa5\xa5\x94\xefX\x82]8_\xe1g\x92\
\x5c\xaai>\x8d\x8b\xf8\x80\xb3\xb8\x8f\x9fI\xba3}\
m&`\xa7\x93[p\x13\x8b\xb1\x1b?\xf0\xaaz[\
_\x03\xea\xe4\xadS\x9f\x83\x98H26*\xb0\xbb\xc9\
)\xfcB'\xda\x93\x0d\xdfc\x9fp\x00\x0f\xb0\x08\x97\
\x93\x9c\x1c\x15\xb8\x0a/\xb1\x02o\x92\xac+\xa5\x9c\xc3\
\xce\xeap\x1c\xb7\xf0\x10\x1b\xf0\x19\x1b\x93\xbc\x1f\x09X\
\xdf\xe9\x08\xaeU\x07_\xea\x9b=\xc5ol\xc3\x05,\
\xad\xebG\x93\x5c\x1f\xa4\xa9M}XJ9\x84N\xa8\
\x07\xd9\xb1$S\x81M\xbb\xaf\x09Xo\xba\xbd\xbeU\
\xef\x7fx\x07\xe3I\x1e\xcf\x10\xd0\xe4r3p\xca\xd9\
\xbf?\x04\xfe\xfe\x1c-\xb0\x05`\xdf,\xcd\xff\x94\xd6\
\x8a\xdd\xd7I\xddL=\xd7/ECWik5\x8e\
\xac4\xff\x0b\xe8=\xff\x07\x5c\xbe\xb8\x1d\xa3ARa\
\x00\x00\x00\x00IEND\xaeB`\x82\
\x00\x00\x01\xef\
\x89\
PNG\x0d\x0a\x1a\x0a\x00\x00\x00\x0dIHDR\x00\
\x00\x00 \x00\x00\x00 \x08\x06\x00\x00\x00szz\xf4\
\x00\x00\x00\x01sRGB\x00\xae\xce\x1c\xe9\x00\x00\x01\
\xa9IDATXG\xed\x96=K\x1dA\x18\x85\x9f\
\xf3\x03\xc42\xe0/\x10\x0b\xab`\x15\x08\x82\x9d\x85]\
\xd0\xc6\xc4B!\x04+\x11m\xb4H\x8a\x80E*\x8b\
\xa4\x09I\x932\x88\xc6B\x14\x22h#\x82`!h\
\x11H\x97\x8f2)S\x1cya.\x0ci\xee\xce\xee\
\xba\xb7q\xaa\xdd\x99\x81\xe7\xd9\xf3\xbe\xbb;b\xc0C\
\x03\xe6s/p'\x09\xd8\x1e\x03V%-\xf4+q\
\xeb\x02\xb6\x03\xfa\x1e8\x964\xd9\xa9\x80\xedw\xc0R\
\x82v+`\xfb\x12\x18O\xf0\xdf\xc0\xa2\xa4\xdd;O\
\xc0\xf6#\xe0$\x03}M\xf0o\xfd\xe0\xb1\xde\xa8\x07\
l\xaf\x03\xaf3\xd0\xb6\xa4\xe5*\xe0\xde\x9e\xda\x02\xb6\
w\x80\x99\x0c\xf6\x5c\xd2\xdb\x12x\xad\x04l\x0f\x037\
\xc0\x83\x04\x8b\xeb\xa7\x92\xceJ\xe1\xc5\x02\xb6\xa7\x81/\
\x19\xe830+\xe9_\x1dx\x91\x80\xed\xa8u\xd4\xbc\
76%\xbd\xaa\x0b.\xea\x01\xdb\xd1\xe5\xd1\xed1\xfe\
\x02s\x92\xf6\x9b\xc2+%`\xdb\x19\xe8\x14x\x22\xe9\
G\x1b\xf0:\x02\x91D\x08\xfc\xecL @\xb6\x8f\x81\
\xc7\x09\xfa'I\x1c\xb4!Q\xf9;`\xfb%\xb0\x91\
A\xd7$m5\x95\xa8,\x90\x92\x98\x02\x0e3\xe8'\
\xe0Y'\xafa\x0fj{\x08\xb8\x06F\xd2\xdc\x150\
/\xe9\xa2N\x1aE\x09\xe4\x00\xdb\xf1\xf4s\xd9\xdc\x82\
\xa4\x0f\xa5\x12\xb5\x05RI^\x00\xdb\x19\xf4\x8d\xa4\x95\
\x12\x89F\x02Ib\x02\xc8\xff\x03G\xe9w\xfc\xbd\x8a\
Hc\x81\xac7\xce\x81\x87\xe9\xfeW\x92\xd8\xeb'\xd1\
\x9a@J#\xca\x11e\x89\xd1\xed\x91,Kb\x1e\xf8\
80\x81\x94\xc4(\x10\x1f\xaa\xee\x8f\xe5\xfdj\xfe\xff\
z\xab=P\x0a\x8f\xfd\xf7\x02\xb7\x8b\xff\x82!\x8a+\
%\x92\x00\x00\x00\x00IEND\xaeB`\x82\
\x00\x00\x02\x02\
\x89\
PNG\x0d\x0a\x1a\x0a\x00\x00\x00\x0dIHDR\x00\
\x00\x00\x1c\x00\x00\x00\x1c\x08\x06\x00\x00\x00r\x0d\xdf\x94\
\x00\x00\x00\x01sRGB\x00\xae\xce\x1c\xe9\x00\x00\x01\
\xbcIDATHK\xed\x96\xcb\xabNQ\x18\x87\x9f\
g(\x03\xa5\xc4\xc0@\x19\x1cQ\x06D\x14:\x7f\x81\
\xcb\xc0\x84\x89\xe32PF\x94\xcb\xc81q+F\xca\
\x00\x87\x893u)cB\x111P\xc4\x88\x81\x01\x13\
e \xc3\x9f\xd6\xd7\xfa\xeas\xfa\xf6\xf9\xf6F\x92\xce\
\xaa=\xd8\xad\xf7\xfd=k\xbf\xeb\xb7\xd6\xbb\xe5/\x0f\
\x7f\x85\x97d\xac\xe4\xa9\xef\xba\xe6w\x02&\xd9\x08\x5c\
\x01VU\xd0k\xe0\x80\xfa\xa4-\xb850\xc9<\xe0\
#\xb0p\x86\xf8\x17`\xa9\xfa\xbd\x0d\xb4\x0bp\x0fp\
\xbdAtB\xbd\xf1\xa7\x81'\x81\xc9\x06\xd1I\xf5\xd4\
\x1c\xb0\xe7\xec6e(1I\xe6J:g\x9a\x9e]\
\xfe\x0d\xd3$\xb9\x05l\x07V\xf4/\xe8${\x81k\
\x0d\xae\xde\xa7NU7\x97\x8b\xfd-p[\xdd13\
~\xe8\x17&9\x0e\x9c\x01\xb6\xa9w\xab\xd0:\xe0Y\
\x03p\xbd\xfa\xbc\xc6m\x05\xee\x00'\xd4\xb3m\x81\xbb\
\x80\x9b\xc01\xf5|?\xa9\xe1,\xfet\xad%9\x0a\
\x9c\x03v\xab\xd3m\x81k\x80\xa7\xc0W`L-\x1d\
\xa17\x92\xac\x066\xd5\xd7\xc7\xea\xab\x81\xb9\xd2IJ\
\x8f\x5c\x00lP_\xb6\x02V\xe1\x0b\xc0a\xe0\x91\xba\
\xa5\xcd\x8d\x94\xe4!\xb0\x19\xb8\xa8\x1e\x19\x963\xabK\
\x93|\x02\x16\x03\xa5\xf5\x1cR\xbf\x0d\x13I2\x1f\xb8\
\x04\x94\x16\xf6Y]\xd2\xb4\xc0\x91\xc7\x22I\xe9\x81E\
\xe8\x03p\x19x\x03\xbc\xa8\x82k\x81\x95\xc0A`Y\
Y\x98:1[5F\x02ky\xf7\x03\xc5\xb9\xcb\x1b\
\xc4\xde\x03\xa7\xd5\xab\xa3J\xdf\x0a8`\x8aq`g\
}\x16\x01\xc5\x85\xd3\xea\xbdQ\xa0\xfe|'\xe0\x00\xf8\
>0\xaev\xce\xef\x9cPK\xfc\xff\x03\xcb^\x96\x1f\
\xe1\x07m\xf7\xee\xb7\xf6\xb0+d0\xfe\x07\xe70\xb9\
\x1df}63\x00\x00\x00\x00IEND\xaeB`\
\x82\
\x00\x00\x02P\
\x89\
PNG\x0d\x0a\x1a\x0a\x00\x00\x00\x0dIHDR\x00\
\x00\x00 \x00\x00\x00 \x08\x06\x00\x00\x00szz\xf4\
\x00\x00\x00\x01sRGB\x00\xae\xce\x1c\xe9\x00\x00\x02\
\x0aIDATXG\xed\x96\xb1k\x14A\x14\xc6\xbf\
\xb7p\xcd)v\x22\x08VJP\x84tZ\x88\x08i\
R\xd8\xdc\xbc\xbd.\x904\xf6V\xa2\x9d\x11-\x84\xf8\
?X\x08\x87\xc5\xc1\xbc\xb9\xbbB\x14$\x81`\xa1\xa9\
\x02\x22\xa8`%*heau{O\xe6\xd8\x84#\
\xd9\xbd\x9b\xdd\x0c\x9cB\xb6\xdd7\xdf\xf7\x9b7o\xe6\
=\xc2\x9c?\x9a\xb3?\x8e\x01\xfe\x9d\x0c0\xf3\x82\xaa\
\x9e\x9dV\x13\x8dFc\xbb\xdb\xedf1\xebf?\x03\
\xcc\xfc\x0e\xc0\x95\x19\xe2\xfdf\xb3\xb9\xda\xe9t~\xc7\
\x82\x98\x04\xd0@\xd1\xd7Y\x96\xad\xf5\xfb\xfdo\x81\xf1\
S\xc3\x0e\x01\xa8\xea\x92sn\xeb\xe0\xaa4MYU\
\x9f\x018IDoUuMD>\x1d\x15\x22\x18\xc0\
\x1b\x19c\x96\x89\xc8C\x9c\x01\xf0\x1e\xc0\xaf\x10\x00U\
}\xec\x9c{U\x14[\x09\xc0\x0b\xb4Z\xadkI\x92\
x\x88\xf3!\xe6y\xcc\x96\x88,E\x01\xf0\x22\xedv\
{1\xcb2\x0e\x01 \xa2\x07\x00\xe2\x02\x84\x18\xe7G\
\xb6\xfe\xff\x02\x18c\xf6\xe8C7\x5c%n\xffHJ\
\x8b\x90\x99}\x95_\xae\xa2Z!\xf6\xbb\x88\x8c_\xdd\
B\x80$IN\xa9j\xcf\x07\x88H\xb4~\xc1\xcc?\
\xf2+\xfcPD\xd6K\x01\x88\xe86\x00_\xe5VD\
\xda\x15vV\x1a\x9a\xa6\xe9\x8a\xaav\xc6\xa6D\xe7\xac\
\xb5_\xa7\x01l\xfa\x9f\xa3\xd1\xe8F\xaf\xd7\xdb\x8e\x01\
\xc0\xcc/\x01,\x03x!\x227\xf74\x8b\x8e`\x83\
\x88\xee\xaa\xeaG\xe7\xdc\xc5H\xe6\x97\x00|\xc8w\x9f\
Zk\xa5\x14\x00\xc0O\x00\xa7U\xf5\x9esn#\x12\
\xc0\x13\x00w\x00|\x16\x91\x85I\xcd\xd2n8\x1c\x0e\
O\x0c\x06\x83?\x91\x00\xc6\x9dVU\x1f9\xe7\xee\x87\
\x00<\x15\x91[1\xcc\x8d1\xaby\x03S\x22\xba`\
\xad\xfd2\x13\x80\x88\xae[k\xdf\xc4\x00`\xe6]\x00\
\x8b\x00\x9e\x8b\xc8\xcaA\xcd:\x03I].#\x22\xe3\
\xb7\xa5,\x03!#Y]\xf3\x1d\x11\xb9Z\xb4x2\
\x033\x87\xd2\xba\xeeE\x13\xd6\xa1kXW\xfc\xa8\xeb\
\xa2\xbd\xf3uA\x8e\x01\xe6\x9e\x81\xbf\xce\xb4\x1502\
\xd6\x02\xd4\x00\x00\x00\x00IEND\xaeB`\x82\
\x00\x00$\xb5\
\x00\
\x00\x01\x00\x01\x00sp\x00\x00\x01\x00 \x00\x9f$\x00\
\x00\x16\x00\x00\x00\x89PNG\x0d\x0a\x1a\x0a\x00\x00\x00\
\x0dIHDR\x00\x00\x00s\x00\x00\x00p\x08\x06\x00\
\x00\x00-\xd7OH\x00\x00\x00\x01sRGB\x01\xd9\
\xc9,\x7f\x00\x00\x00\x09pHYs\x00\x00\x0b\x13\x00\
\x00\x0b\x13\x01\x00\x9a\x9c\x18\x00\x00$DIDAT\
x\x9c\xed\x9d\x07xT\xc5\xda\xc7/Q\x14\xbd(\xf6\
~\xaf\xdfU\x14QP@A\xa9\x09% \x08\x04\x12\
jB\x91\xde!\x80T\xe9\x10\x8a\x80\xf4\xde;H\xaf\
\xa17Q\x02*\x88\x8b\xf4j\x08\xa8\x88\xde\x22\x88\xa2\
\xbe\xdf\xfcf\xcf\xc4\xcd\xb2Iv\x93\xb3\xec\xc6{\xe7\
y\xfe\xcf&\xd9\xcd\x9e\xb3\xf3\x9f\xb7\xbf3\xfb\x97\xbf\
d\x91\xe1p8@6\x0b!\x16\xeeQx\xc9B\x05\
\x85\x01\x19@\x05\x97\xf7\xb8\xc7\xe5\xbd\xcd\xb5\x02\xfd\xd1\
\xff\x1c\xc3\x22\x90\x89\xcd\xaep\xb7B\x01\x85P\x858\
\x85I\x0a',\x5cP\x90L\xe0\x82\xcb{M\xb2\xde\
?\xd4\xba\xde\xdd\xd6\xf5C\xfeGl\x06\x86\x9a\xb4\xdb\
\x14\xeeR\xb8O\xa1\xa8\xc20\x851\x0a\xe72I\x9a\
\xaf8k]w\x98u\x1f\xf7Y\xf7u[\xa0\xe7(\
\xa8\x87E\xe0_\x15r*\xbc\xa10B\xe1\x94\xc2\x99\
[L`j8c\xdd\xcf\x08\xeb\xferZ\xf7\xfb?\
b\xcdP\x93q\xbb\xc2\xbd.\x128J\xe1d\x10\x90\
\x97\x16NZ\xf7i$\x96\xfb\xbf=\xd0s\x19\xb0\xe1\
p\xda\xa1\xfb\x15JX\x93rD\xe1\xb7  \xca\x17\
\xfcf\xdd7\xf7_\xdc\xfa<\xd9\x03=\xb7\xb7tX\
\x1f\xba\xa4\xc2P\x85\xc3\x0a7\x82\x80\x98\xcc\xe0\x86\xf5\
9\x86Z\x9f\xeb\xfe@\xcf\xb1\xdf\x87\xfa\x90w(<\
\xa3\xd0O\xe1\x90\xc2\xcfA@\x84\x9d\xf8\xd9\xfa\x5c\xfd\
\xac\xcfyG\xa0\xe7\xdc\xf6a\x91\xf8\xa8B\x19\x85\xad\
\x0a\xd7\x83`\xe2\xfd\x89\xeb\xd6\xe7,c}\xee?\x07\
\xa9\xea\x83\xdc\xe9\xf8\xc3.\x1e\xfc/ \xd2\x95\xd0\x83\
\xd6\xe7\xe6\xf3\xdf\x19h.25\xd4\x07x\xc4\xe1\xcc\
\xb0\xacW\xb8\xe6\x8fI;t\xe8\x90\xec\xdd\xbbW6\
o\xde,k\xd7\xae\x95\xd5\xabWk\xf0\xf3\xc6\x8d\x1b\
\xe5\xa3\x8f>\x92\xcf?\xff<\x90\xa4^\xb3>?\xf3\
\xf0H\xa09\xf1yX\xd2\xf8\x94BW\x85\x03v\x13\
\xf9\xc5\x17_\xc8'\x9f|\x22\xeb\xd7\xaf\x97\x0f>\xf8\
@f\xcc\x98!#G\x8e\x94A\x83\x06\xc9\xc0\x81\x03\
5\x86\x0c\x19\xa2\xff6s\xe6LY\xb6l\x99&\x9b\
\xff\x09 \xa1\x07\xac\xf9x*\xcbH\xa9Ed)\x85\
\x91\x0e?\x04\xfc\x07\x0e\x1c\x90\x0d\x1b6\xc8\x82\x05\x0b\
\xe4\xfd\xf7\xdf\x97\xa1C\x87\xca\xacY\xb3d\xf7\xee\xdd\
r\xf4\xe8Q9s\xe6\x8c\xc6\xa9S\xa7\xe4\xb3\xcf>\
\xd3D\x8e\x193F&N\x9c(\x0b\x17.\x94-[\
\xb6\xe8\xf7\x08\x10\xa9g\xacy)\x15\xf4\x84\xaa\x1b\xcc\
\xe1p\xe64W*\x5c\xb5[\x1aQ\xa7\xf3\xe6\xcd\x93\
\xf1\xe3\xc7\xcb\xec\xd9\xb35)\x90v\xe2\xc4\x89d\x1c\
?~\x5c\xe3\xe4\xc9\x93\xfa9'N\xcb\xbe}\xfb\xb4\
\x94\xf2\xbfH3\xef\x15 B\xafZ\xf3\xc3<\xe5\x08\
4g\x1e\x87\x0b\x91+\xec&\x12\xbb\xb8m\xdb6\x99\
4i\x92\x8c\x1e=Z\xf6\xec\xd9\x93\x828~\x86\xb4\
s\xe7\xce\xc9W_}%IIIr\xe9\xeb\xaf\xe5\
\x9bo\xbf\x95o\xbf\xbd\xac\xf0\xad|\xad~\xe7\xef;\
v\xeeTR:I\xa6O\x9f!\x1f~\xf8a \x09\
]\x11\x94\x84ZD\x86Y7\xf8\xa3\xddDb\x1b\x87\
\x0d\x1b&S\xa7N\x95#G\x8e\xdcDbbb\xa2\
&\xec\xdf\xff\xfe\xb7\xfc\xf4\xd3Or\xe3\xc6\x0d\xf9\xfd\
\xf7\xdf\x15\xc4\xc2\xef\xf2\xdbo\xbf\xc9/\xbf\xfc\x22\xd7\
\xae]\xd3R\x8bd\xb38P\xcfH}\x00\x08\xfd\xd1\
\x9a\xaf\xb0\xa0!\xd4\x9fD2\xc9\x109x\xf0`\xed\
\xe4\x18\x12\x0d\x91H\xe1w\xdf}\xa7\x09\x82,o\x07\
\xe4^\xbatI\xdb\xdai\xd3\xa6\xc9\xc7\x1f\x7f\x1c(\
\x09\x0d\x1eB\xfdMd||\xbc\xf4\xed\xdbW;.\
\xee\xf6\xf0\xe2\xc5\x8b\xf2\xe3\x8f?\xfaD\xa2;\xa1\x17\
.$ji_\xb2d\x89|\xfa\xe9\xa7\xff\xbd\x84\xfa\
\x93H\x80\xd7\xd9\xabW/\x993gN\x0a\x22O\x9f\
>\xadU\xea\xf5\xeb\xd75!\x99\x1b\xbf\xcb\x97_~\
\xa9\xed0\xd7\x0b\x10\x99\x81%\xd4\x91\xd2\xd9\xb1\x9dH\
<\xcf\xae]\xbb*'ez\x0a\x22\xb1\x8f\x97/_\
\xd66\xd1\xae\x81d/]\xfa\x81\xf6t\x13\x12\x12\x82\
\x81\xd0\xd0[J\xa8\xba\xd8\xd3\x0eg\x05\xdeV\xaf\x15\
\x1c<xP\xfa\xf4\xe9\xa3\xa5\xe5\xd8\xb1c\xc9\xf6\x11\
\xd5\x0a\x9181v\x0f<\xdd\xf7\xde{Og\x8c\x02\
\xe4\x0c\x19\x5c\xb5\xe6\xf5\xe9[E\xe4c\x0a\xdd\x1c6\
'\x04\xcc$\x92\xb5!\x83\xc3\xcf\xae6\x12\x87\xc5\x1f\
D\x9aAra\xfe\xfc\xf9\x81\xcc\x12\x19\x9c\xb6\xe6\xf7\
1\x7f\x13Iv\xa7\xb2\xc3\x99@\xb6\xfd\x83\xe0\xe8\xbc\
\xf3\xce;:\xa0w\xf5\x5c\xf1Z\xed\xb1\x91\xa9\x0f\x16\
\xcb\x88\x11#d\xc7\x8e\x1d\x81&S\xac\xf9e\x9e\xfd\
\x93%\xb2\x88\x0cUX\xe7\xf0C\xd2\x1c\xcf566\
V?\xba\xc7\x91\xff\xf9\xcf\x7f\xfcJ$\x03\xdbI>\
7\x08T\xadX\xf3\xbb\xce\x9ao\xfb\x09Uo\xfa\xa4\
\xc3\x99W\xb4\x9dH\xa4\xa1u\xeb\xd6\xb2h\xd1\xa2\x14\
\x12i\xecdF\xc3\x0f_\x07\xa9\xc2\xc5\x8b\x17\xeb\x9c\
n\x10H\xe75k\xbe\x9f\xb4\x9bH\xa42B!\xd1\
\xce\x1bF\x02 \xd2x\xaedw\x5c\xbdWbI\xbb\
\xed\xa433\xf4\xbbGI'\xd6$)O\xd9,\x08\
\xc8\x14k\xbe#l\x95N\xf5fy\x15\xb6\xdb}\xb3\
;w\xee\x94w\xdf}W\xdbJ~7\xaa\xd5\x10i\
\xb7\x9d\xc4k%\xa3\xf4\xe1\x87\xbb\xe5_\xff\xfa\xd7M\
\xcf\x7f\xf3\xcd7\xd2\xbf\x7f\xff`\xb1\x9b\x06\xcc{^\
\xbb\x88|Xa\x90\xc3\xe6\x0e\x01RhL\xdc\xd2\xa5\
K\xe5\xf0\xe1\xc3)\xd4+\xce\xc8\xcf?\xffl\x1b\x89\
\x8c\xb3g\xcf\xea\x8aI\xaf\xde\xbd\xa5g\xcf\x9e:\x96\
u](\xfc\xcc}\xbd\xf5\xd6[\xda\xa3\x0e\x02\xaf\xd6\
\x80y\x1f\x08\x0f\x99%\x92\xde\x9dr\x0a_\xd8us\
\xa8\xd6\xfd\xfb\xf7kgc\xc5\x8a\x15:\x03\x834\x9a\
\x04:\xd2\x83j\xb5S\x22\xaf^\xbd*+W\xae\x94\
\x05\x0b\x16\xaa\x85\xf3\xa5\xae{~\xff\xfd\xf7\xc9\xd7p\
\xa6\xf6.\xe8\xd4^\x85\x0a\x15\xa4U\xabV\xba2\x13\
\x04D\x1a0\xffe\x1d\x99\xe9%\xb2\xa4\x92\x0en\xdb\
\xba\xe8h\xe1\xa0#\xc0H$N\x0e\x13\xdd\xbcys\
m\xb3\xec\x96H\x069\x5c\xcac8S\xbf\xfe\xfa\xeb\
M\x0b\x85\xdfy\x0d!P\xa7N\x9dt\xbd\x93\xe4E\
\x10\x90h\xf0\xb3\xc5C\xc6\xa4\xd3\x92J\xba\xcb\x0e\xdb\
yc\xa3F\x8d\x92\xb9s\xe7\xea\xd2\x16D._\xbe\
\x5c\x0a\x15*$\x7f\xfb\xdb\xdftI\xcaH\xa5\x9d\x92\
\x897\xec\x89DwBy\x1d\x0bm\xfb\xf6\xed\x81&\
\xcf\x13\x0e[|\xf8.\x9d\xea\x9f\x1et8]\xe3_\
\xec\xba!\x92\xe6\x94\x9cP\xb3\xa8\xd45k\xd6h\x22\
\x0b\x17.,O<\xf1\x84\xae1B&\xd2{\xfe\xfc\
y\xdb\xc8\xf4v@(\xa9D\x0a\xe1A@\x9e;~\
\xb1\xf8x\xd0W\x22\xd9:@\x06\xff\x88\x1d7\x82\x9d\
\xc4s%\xc3\xc2\xaa\x87\xc8]\xbbvI\xd1\xa2E%\
{\xf6\xec\xf2\xd7\xbf\xfeUr\xe6\xcc)\x9b6m\xd2\
\x09\x82\x16-Zh;\x1a\x082\x83X2\xc5\xe2\x03\
^\xbc\xdf\x02\xe1pn\x1f`\x15\xfcj\xc7M\xa0R\
qx\xd6\xad[\xa7\x93\xe7\xd8#\xbc\xc6\x1c9r\x88\
\xba\x9cF\xc1\x82\x05\xa4N\x9d:\xd2\xa5K\x17\xc9\x9f\
?\xbf\xee\x1ep\x8d\x09\xedV\xbd\xa9\x91I\xd9m\xeb\
\xd6\xad\x81&-5\xfcj\xf1\xe2\xfd\xf6\x07\xf5\xe2\x07\
\x14&\xda%\x95S\xa6L\xd1v\x12\x12\xb1\x93\x1d:\
t\x90\x07\x1ex \x99\xc8l\xd9\xb2)\x22k\xcb\xb3\
\xcf>+O=\xf5\x94\xbc\xf9\xe6\x9bZ\x1d\xe3u\xd2\
\xb7\x83\xea\xc5\xdb\xbd\x15d\x92\xc0\x08pm3=L\
\x80\x1f_Ul\xa6\xb7\xd5A$5B\xa4\xd2\xe4\x5c\
I\x10<\xf7\xdcs\x9a@C\xe6\xed\xb7\xdf.\x91\x91\
\xd5\xe5\xae\xbb\xee\xd2*\x172\xeb\xd5\xab\xa7l\xecl\
\x9d\xe2\xa3-\x84\x8a\x06\x8f\xfe\x1c8@Y\x80\xcc\x93\
\x0eoU\xadzQ.\x85\xd1\x0a\xbf\xdbqq\xd2c\
&\xc3CL\x09Qw\xdcq\x87\xbc\xf8\xe2\x8b\x9a<\
\xc8|\xe0\x81\xfb5\xc1\xb7\xddv\x9b\x94)SF^\
z\xe9%\xfd\xfc\x90!\x83u\xf2\x9dp\x05\xd5\xc7\xc2\
\xf0\xa7t\xe2\xf1v\xef\xde=\x98\xd5\xacX\xbc\xc0O\
\xae\xf4\x88\x04O8l\xaaU\x92E\x190`\x80\xf6\
ZQ\xaf\x13&L\x90\xa7\x9f~Z\x93V\xa2D\x09\
y\xe8\xa1\x87\xe4\x9e{rJ\xee\xdc\xcf\xca?\xfe\xf1\
\x0f\x09\x0d\x0d\x95\xf2\xe5\xc3%$$D\xab\xdb\x87\x1f\
~X\xc2\xc3\xc3ug\xc1\xd1\xa3G\xb4\xaa\xf6'\x99\
Hf\x90\xdbL\x03\xf8y\xdc\x91\xd6\x19\x0b\x0e\xe7.\
fD\xf8lf/\x88\x8a\xa5\x15\x83\xac\x8a\x09E\xaa\
T\xa9\xa2\xa5\x12\xa2\x90D$0\xff\xcb\xf9%\xcf\x0b\
y\x14\xa9\xf7h\xa9\xe49T0\x99\x98\xfb\xee\xbbO\
\x1e{\xec1-\x99d\x86H\xffe\x94Lo\xfe\x8f\
\xd7\xf4\xeb\xd7/XC\x13W\x9c\xb5xJ}\xb7\xb6\
\xc3\xb9O\x7f\x94\x1d\x17\x84\xcc\xe1\xc3\x87\xcb\xaaU\xab\
\xb4T\x22U/\xbc\xf0\x82V\xab\x8f?\xfe\xb8\xb6\x8d\
/\xbf\xfc\xb2\x14)RX\xee\xbe\xfbn-\xad\xf7\xdf\
\x7f\xbf<\xf9\xe4\x93\x9a\xcc\xfc\xf9\xf3\xe9\xd0\xe5\xde{\
\xef\xd5\x99\x1bZ*;v\xec\xe8\x13\x99\xbc\x16\xe7\xe9\
\xca\x95\xef\xf4\x96\x05Rx\xae\x03\xb5\xcaB\xe1\xd1\xbc\
~\xec\xd8\xb1z\xe3Q\x807\x1by\x03x\xca\x99\x96\
\x8a\xe54\x0d[\xbcX\xcaH\x93'O\xd6\xce\x04d\
\xb6l\xd9R\x9e\x7f\xfe\xf9\x14\xe1\x08\xb6\xb2\xd0\xab\x05\
\xe5\xce;s(\x1b\x99W;B\xfc\x1dry,Y\
\xb2\xa4\x96X<Y\xc8l\xdb\xb6\xad\xd7d\xf2:r\
\xb2\xec\x06C}sm\xd2t\xe69H\xe4\x1e!\x8f\
\xfb3\x7f't\xea\xdd\xbb\xb7\x8e5\x83\xa0H\x9d\x16\
\xf0j\xf1o<\x92\xc9i\x1f\x1c\xb6`\xcb\xf1,\x14\
y\xf1D\x09G\xa8P\x94*UJ^{\xed\xb5\x14\
!\x09(P\xe0\x15E\xe6\x9d\x92'O\x9ed\xa2k\
\xd6\xac\xa9\xedf\xf1\xe2\xc5\xe4\x91G\x1e\xd1Io\xc8\
\xec\xd4\xb9\x93\xfcF\xbc\xe9\x05\x99t\xb6\xa3\x0d\x8c\xe7\
\x1c\x16\x16\xa6\xbb\xd7\x19\xd8`H.X\xb0\xa0\xbe'\
\xcc\x80\xab$\xd3\xdcE\x82\x83\xc4\x061r\x10\x10\xe7\
\x09\xe7,\xben>\xed\xc4\x22\xf3M\xbb.F\x9e\x15\
\xc7\x87\xb6\x0f\xc2\x8a\x22E\x8ahO\x16\x1b\xe8J&\
\x93\x09\x89\x10\x0a\x81\xfc\x8d>\xa0\x5c\xb9r\xa9\x05P\
R\x11ZB\xd7 \xaf\x5c\xb9\xa2\x13\x0a?Q\xe3\xf4\
B*\xd9GR\xbati\xfd~\x0f>\xf8\xa0.k\
!\xa9<\x07A8V\x5c\x17\x87\x07{\xec\xfa\xbf\xec\
S!\xad\xc7\xf5P\xb9,\xa6 K\xbc\x1bTH\x8d\
LzaG\xf8\x83L\xb6\x17 \x05\xf5\xeb\xd7\x97\xbf\
\xff\xfd\xef\x1e\xc9t\xfd[tt\xb4\x96\xe0J\x95*\
i\x89Z\xbal\x99\xb6w\xd4!u?\x90\x17R\x09\
y,\x10\xd2\x84\xb4\xa4`3\x19x\xac\x10\x85\xc4\x97\
/_^\xb7\x88\xb8\xd75\xf9\x7f2P\x94\xe8\x1a5\
j\xa4IE\xcb`2\xf0tQ\xcf\x01\xdc\x16\xe8\x8a\
\xe1\x0eO=\xb6\x0e\xe7\xc9S\xd3\xec\xb8\x08\xab\x98\xac\
\x0f\xaa\x8c\x1ck\xdd\xbau\xf5\xa4\xd6\xaaU\xeb&2\
_y\xc5\xa9f]\xfff\xa4\x17\xd5\x9c/_>m\
\xeb~\xf8\xe1\x07-E<\xa67x\x0d\xfb6\x9fy\
\xe6\x19i\xda\xb4\xa9\x96DC\x18\xb6\xb2G\x8f\x1e\x9a\
H\xc8q/\xb9\x99\xb4!RLI\x8cE\xc0\xe7`\
!A,\x88\x8b\x8b\xd3\xb13\x1a\x03\xcf\x175\x1d \
2\xe1\xeb.O\xce\x0f[\xd6O\xd9q\x11\x9c\x07*\
 $\xd7Y\xf9\x84\x1c\xa8:\x1c\x1a\x1e]\x89#\x85\
G\xb2\xdd\xf5o\x06/\xbd\xe4L,\xcc_0_\x13\
\x84D\xd1\x85\x90\xde\xc0;%A\x01Y\xa8Pw\xc9\
\xa3\x10\xcd\x16\x07\xe3\xc5z\x1a\xc6I\xe2uTp\xa8\
\x87\x02\x9c1\xea\xaf8Ih\x10R\x93\xc4\xcf\xa8\xe3\
\x00l@:e\xf1\x96\x82L\x0e\xf9{\xcd.2\xa9\
Q\x22M\xa8\x22\xd4\x12\x12\x86Z#$!\xce4d\
\xe1\x98 \x95\xae\xa9=W\x90P\x80\xcc\xb9\xf3\xe6j\
2\x89\x01\x99\x5c_<ZO\xaf\xf5&i\xef\x9a\xdc\
\xc7)b\xbb v\x9b\xc5\xc1b@j!\x99\xed\xf5\
,\xb2&M\x9ah\xcf\x98]\xdd,\xe0[\xe4\x09\x9f\
\xb2x\x0bq'\xb3\xb0B\x92\x1d\x17A*Y\xbd\xb8\
\xf9\xc4\x99\x15+U\xd4q\xa5;Y\xd8E\xe2KO\
D\x1a\x10\xa6\xa0\xe6\xb0\x994\x7f1\xa1\xfeN\xb8\xa7\
7\xb8\xbe\x89Q\xe9P`\xa1\xb1\xa1\x89\x0eC\xd41\
-\x9b\xb7\xa8\xc3/\xc9\xe2-\x05\x99x\xb2\x11v]\
\x04{\x09\x998?l\x97\xab\x1aQEr\xdd\x97K\
'\x05\x5c%\xb3b\xc5\x8a:\x8eL\x8bLl-6\
\x18\x12I\x1a\xfc\xf3\x9f\xff\x0c(\x91\xa9\x0dC0\x99\
.j\xa2f\x87\xf7- \x14\xdens%\x93J\xc9\
P\xbb.@\xb2\x00O\x102Q\xb7\xc4\x8d\xe4a\x0b\
\x14(\xa0m\xa6Q\xab$\x12\x5cm\xa8kxbH\
Fz\x891\xc9\x02Q\xb4\xbe\x15\xdd\xed\x99\x19\xdc\x1b\
\x9e0\xd9/\x8a\x0c\xb7\xc09\x82\xb7\xec~#\x13u\
\x83\xdd4j\xb6r\x95\xb749\xeev322R\
{\xae\x84&\x10L\x1f\x90\x09SH\xc4\xf37\x92\x09\
\xacx\xc8\xa4\xe9\x8b~\xd7`&\x93A\xf8\x83\xda%\
\xf9\x80\xc9\xf1\xb3\xfd\xf4/\x99l/gW\x15\xc5e\
\x1c\x02r\xac\xd9B\xb2\xe9D\xc0\x1bo\xbc\xa1\xab!\
H j\x968\x93p\x05\xdbI\x92\xdd\x84)\xed\xda\
\xb5\xd3\xaf\xa9\x5c\xb9r\xf2\xb6u\xe2E\xd7\x16\xc9`\
\x1e,@\xcc\x03\xc5\x01\xf6\xafdY29\xa3\x07\xf5\
\xca\xcf;vl\x97\xe2\xc5\x8bk\x82 \x8b\xa2s\xbe\
|\xf9\x95t\xde)e\xcb\x96\xd5\x99!\xca_\x90i\
\xd4/9Z\x8a\xc4<RB#\xfd\xc6\xea&\xceD\
\xe5f\x052\x19h\x91\x15+\x96\xeb\xa4\x89\x1f\x93\x0c\
\xfe%\x93^\x1fRx\x14\x93\xe9\x85%\xce\x84$\x82\
\xf8\x1a5jh\xe9\xc4\xbb\xa5\x00\x8d\xb4\x12~\xb8\x86\
'\x94\xbebbb\xb4\x94\x12\xbb\x91\x91\xc1\x91b\x91\
\xe0\x08e\x95\xc1\x9a#.%\x81\x81C\x98%\xc9\xc4\
-G\xd5nQ1\xe6\xb1\xe3\xc7\xa4Z\xb5j:\xc4\
\xb8\xf7\xde{tq\x1aI\x85D\xbc[\xf7\xd0\x04\x15\
\xccs\xd8J*\x1d\xc4w\x80\xac\x0d\xab\xdb\xbd\x8c\x15\
\xec\x03\x87\x0d\x22\xc9\x1aeI2I\x9fM\x99:U\
\xd6\xa8\xf8\x10\x8f\x16[G_,j\x93lO\xee\xdc\
\xb9\x93[F\x0c \x10\xe9|\xf4\xd1G\x93\xa5\xb4}\
\xfb\xf6Z\xa5\xe2\xfc4k\xd6L\xa7\xd6\xbcI\xe7\x05\
\xd3\xe0\xfe\xd1N\xa8Z?\x85*\xfe%\x13\x90\xe22\
\x85i\xba\xd8!\xd0\x84\x1d\x90\xea\x9e\xf5\xa1\xbd\xd2\xd4\
3\x01\x1e/\x95\x0f\xec%;\xa9i\x0a\xc3C\xcc\x0a\
\xde\xac\xfb\xa0\xc3\x90\x06p\x90%\xc9D\xcd\x12\x9e\x90\
#\xa5\xb9\x99\xae\xf5\xb4\x92\x03\x84%\x86l\xf0\xfa\xeb\
\xaf\xebn<\xec%g\x1c\x90\xd0F\xca\xb3\x92\x03d\
\x06[\x13\xf1\xea\x91\xce,I&9YN\xd5\xa2\xc0\
\x0b\xa18>\xa8V\x92\x00\x9e\x12\xeb\xaeD\x02\xb2H\
\xc4k\x04\xe0\x84'\xc7\x8e9\xf7n\x92\x0f\xf5\xc7\xe6\
\x22\x7f\x0f\x8a\x0e,J?\xb4\xa3\xf8\x9fLn\xda\xb5\
\x07\xc8\x94\xa4(\x87\xd1\xe7\x93\x96\x94\xe2\xe5\x92\xd0F\
\xc5\xd2\x10\xc6B\x18:t\x98\xb6\xc5YU:\xb1\x9b\
\xcc\x07\xa4f92\x01]\xe9t\xe8QE\xc0\xf8\x13\
Wr|\x1a^jjD\x22\xb5H4d\xb1\x93\x99\
\xfa!-(\x90\xd9\xbbw\x1f\xe5\xd1\x1e\xcc\x92\xd2\x89\
V\xa1`\x8f\xe9\xc9rd\x12\xe4\xe3\xc0p\x1a%\xdd\
\xec|\x18lF\xf5\xea\xd5uHb\xc8#7k2\
B\x7f\xb1\xba\x0c\x90<T,\x8e\x13\x8e\x94y/\xd2\
cTNP\xb9&\x13\x04\xa9\xec\xf3\x5c\xafb[]\
\xbb\x0c4k\xa9\x0c\xcaf,R\xe0o2\xa9\x9aT\
\xb7[2!\x012\xa8\xca\xf33\x8d]\xa8L\xd7r\
X\xb9r\xe5\x92=Y\x1eI\x81A$j\x9anv\
\xfe\xc7\xbc\x17\xf6\x97\x8a\x04uC\xce<\xe0u'\x8f\
\x9f\x90\x11=\xfa\xc8\xcc\x9e\xfde\xc6\x84\x89*t\x09\
\xce8\x14-\x83S\xc8\xbd\xdb<\xcf\xf0\x96\xa2jb\
\xea\x99\x17\xed&\x14\x02\xb0\x15x\xa3\xd8N\xd2|T\
OL\xb2\x80\xf8\x93\x18\x13o\x17\x096\x85`*\xf8\
x\x80\xae\xef\x85\xcd\xe4o\x94\xc2P\xdd\xd4\x12\x13v\
\xef\x96\x01u\x1a\xc8g\x83F\xca\x9c^\xfd%^=\
\x9fY{\xca\xffS\x04\xdf\xb9s\x87\xb2\xf9+d\xc9\
\x92\xc5\xb2n\xddZ\xa5\x11\x8ef\xf8\x18\x1b4\x09u\
N\x8e\x22\xb7q~/:<\xd43m\xed4p\x97\
N<\xd39s\x9c\xbb\xc0Ho!\xa9\xa4\xf8\xc8\x0a\
QM\xa1k\x8f\x13>p\xe1qzh\xc6\x22&\xf3\
Tm`\xcb\x03U\x19V\xf8\xf7\xdf_\x91}\xca\x16\
\xf7\xacQG\xce\x8e\x1c/\xf1\x8a\xcc\xf1J\x15gt\
\x83\x11$r\x7f\x14\x98\xb1\xefh\x8a<y\x9e\xd71\
2\x0d\xdc\xe4\x91\x1b4h\xa0\xed\xbf\xaf\x0b\x86\xc4\x07\
\xad\x9f\x94\xc5l\x9c_\x8f\x9d\x06\xe0Q\x7f\x90\x09L\
\xd0\xbfr\xe5*5YGu5\x85\xd0\x05\xc7\x86>\
\x1dJe\xa6\xb3\x9c\x13Ap\x14R;X\x09\x82\x91\
N\xb2C\xd8\xd6\xa3j\xf2\x87t\xec,{\xfb\x0d\x96\
\xfd\x03\x86\xc9\xe4w\xfb\xea|nF\x88\xa4\xba\xc1\xb6\
\x08\xc2'\xf7P\xc9\x80\xf0\x8aNC\x12\x18\xbe\x10\x8a\
\xcd\xc4\x19\xb4\xd9f\x9e\xb2x\xfbK\x8a\xe1p~\xe9\
\xe7\x0c\x7f\x90\x09 \x0dot\xf9\xf2\x95\x9aPT.\
N\x11q$\xf9K@\xe3\xf1\xb8q\xe3\xd2=*\x94\
$\x04\x85m\xfap\xf8\xbf\x0d+VH\xe7\xa8\xda2\
\xa8e[\x89m\xd9F\x7fS\x82\xaf\xea\x90\x05\x06\x91\
\xee\x9d\x82\x9e\x80}\xc7\x99\xf3\x85L\xde\x9f\xcff\xb3\
7\x0b_)\xbb\xf3,2m\xed\x9b\xf5$QH#\
\x09\xe7Q\xa3\xc6\xe8\x10\x83\xd5M\xdcH\x8f\x0f\x8d\xcf\
\xa6\xd2\xe2\xcd\xc2\xc0\xa6\xb2\x18\xb0\xb1\x07?; \x9d\
\xda\xc7*{4V:w\xe9$\xdd\xbbu\xd0\x93\xe7\
]\xef\xbbs\xa0\x0d\xd2\x8a\x7f_}\xb5Pr\x0b(\
R\xdb\xb0aC\x9f\xc8D;\xb1\x00l>\xe4?\xd5\
\xbeYv\x80U\xf2\x17\x99\x86P**\x1c\x1bC\xbc\
\x09!\xa8KB\x10T\x9c\xb7g\xd6A&\x9e.\x8b\
\x81t\x1f\x1b\x83f\xce\x98$][\x97\x90\xfd\xcb\x8b\
\xcb\xb2)a\xb2p\xc1t\x9f&\x9bV\x17w2\xc9\
\x0fc7\xcd&`\x93\xb9\xc2y#\x09\xe2K\x97 \
\x9f\xaf[\xb7nvw\x1dTtx\xda\x09\xe6\xf8c\
\xaf\xc9y\x7f\x12\x0ap\x84 \x95\xbd\x1f\x80\xf0\xc3\x97\
\x0fI{#\x9d\x08\xa8YsN\xfb\xc7\x1f\xed\x96\x81\
]\xc3\xe5\xdc\xe6\x82\x92\xb08\x8f\xcc\x9e\xdcJ\xf7\xb9\
z;\xe1\xa8\xfb\x88\x88\x88\x14\xdd\xf5\x14\x03\x88\x83\xdd\
\xed'\xbb\xd7\xb4\xe4{\xf9\xdeTzp~h\x15\xb5\
q\x1e\xcf;\xd2\xd8kb\x0e\xa6\x98\xeco23\x03\
\xe2OR\x84\xacr2At\x9es\xd6:\xc4\xce\x99\
\xfc\xae\xc4\x8f\xcb+\xdfl\xcf+\xf1s\xc3U8\xb1\
TM\xb8w\xb6\x13\xe7\x0bB\xf1\x92\xabV\xad\xaa\xa5\
\xd4\xb5\xfb\x01Bi\xd8\xe6\xd0'T&\x1e\xb37d\
\x9a\x86l\xc23\x9b\xab&\x93,\xben\xe2\xd2\x10j\
\xdb\xfeL\xbb\x81\xe4\x02\xe2U\xa4\xb2G\x8f\xeeZu\
A\xe8\xf5\xeb?\xc9\xf5\x9f\x7f\x92m[\xd6\xc8\xd0N\
\x85\xe5\x9b\xad\xaf\xc8\xbe\xc5/\xca\x929\x9d\xe5\xe2\xc5\
$\xaf\xc8d \xe1\x90D\x80\x8f\x0a\xa7\xb3\x0e\xcf\x19\
\x87\x8b\x9f\x91\xc6\xc4\x0b\x89\xda\xf3\xf6\x86H\xde\x0f\xcd\
a\x16\x9f\xcd\x9dz\xa9\xef\xcft\xb1\x9b\x9c\x02u\xab\
\xbfu=]\x22I(p\xdc\x0c*\x0e\x1b\x86\xd7I\
\x9c\x8a\x1a\xcc\x9d\xfb9\xf9\xc73\xcf\xe8\x04D\xf1W\
\x1f\x95\xb5\xe3\xf3\xc9\xe5]\xf9d\xdd\xac\x0a\xb2v\xcd\
\x8a4\xb7!x\x1a\xe6\xb4.\xfe\x8f\xb8\x17\xf03\x7f\
\xf3\xd6K6\xfbUp\xd2\x90H2W6\xce\xc9Y\
\x8b\xa74wN\xdbz\xa6\x81\x9d\xc0\xcb\xe5\xf0\x08\x92\
\xf44\x85EEE\xe9]e8P\xacz6\xe2F\
DT\x93\x0a\xe5C\xa5o\x9b\x97\xe4\xf2\xf6|\xb2{\
\xee\xf32sr'9~\xe2\xa4v\x94nU\xa5\xc5\
\x10\x89\xcdF\xb2\xc9'#\xdd6:?g,\x9eR\
\xe5\xd2\x10\xcan\xdcq\x81&\xcf\x15\xa4\xf1\x08k\xc8\
\xeb\xe2\xfc\xb8~%\x86\x91\x16\x03Rn\x13F\xb4\x95\
\x8d\x93\xf3\xcaw\x1f\xe6\x95\xe5S\xca+\xe7c\x8e\x9c\
9sN7\x83\xd9\xf95\x1a\x9e\x06\x12\x8c\xc3\xc3=\
\xd2\xb3D\xc6\x87\xc5f\xf3\x9c\x8cu\xa4w\xda\x88E\
&\x15\x94\xd2\x0e\xe7)\xfe\x01'\x92\xd5\x0c\x81TS\
\xf0|\xb1ef\xbf\x89\xbb\xa41\x91\xdf]\xb9,\xf3\
\xe7L\x96\x11\xdd\x0b\xc9\xb7;_\x92m3s\xcb\x8c\
\x89\x1d\xf5\xc4\xb2u\x00i\xa1\xf5$\xbd\x83\x11}\x19\
F-#\x8d8Q\xe6\x00d\x12\x04\xf4.\xd9\x1c[\
\x9e\xb6\xf8\xf1\xee\xc85\x87\x8d'te\x06\x840l\
\x95\xa3\xa0\x8d\x9a\xa5\xa1\xcb\x14\xa6=\x11q\xfd\xfa\xcf\
\xbaY\x9a\x04\xf9\xa4\xf7[\xcb\xb6\x19\xf9\xe4\xc2\xb6\xbc\
2}Die\xb3\x06\xea\x9c0\xef\xc7{!9W\
\xbe\xbf\xa2\x93\x0e\x10\xe1+\xb1\xaev\x95\xc2\x00\xde\xb4\
\xf9\xfe\x15\x88$\x16\xc6\xf3%\x85g\xf3\xbcx\x7fB\
\x97E&./\x07\x07\xfd\x16(i\xc4\xf3\xa3\xb8\xcd\
\xfe\x12\xc2\x11\x88d\xd3PZ\xdb\xf1H\xd4\xd3<\xc5\
\x84.\x9a7YF\xf6,,\xb3\x86\xbd,\xcd\x1a\x85\
k\xef\x97,\x0f!B\xe3\xc6\x8d\xb4\xcd\xa5\x82\xb1o\
\xdf~\x9d7%-\x08\xb1\x90c\xa4\xd6\x15\xae\x0e\x11\
\xde,\xf7\xc2\xb5\xd0\x14\xae\xa7X\x03\xf6\xa7v\xee\xdc\
Y\xe7\xa3m\x9e\x1b\xf8\xc0\x8b\xf5\xe9\xec<T-\xde\
\xd2\xb1[M\x22\xea\x90\xf0\x83\xdc+\x93\xcddq$\
7\xab?\xbd}\x95L2\x92\x89\x84 \x81-[6\
\x91\x11#\x86\xe8\xda\xa7;9H8\xe46o\xdeB\
\x96.]\xa6cA\x16\x01\xa1\x0eEn\x9e\xa7l\x85\
\xfdC\xad\x13\xae\xa0B=\x91\x07(\x16`\xdb\xb9.\
\x0e\x1a\x8e\x19\x0b\xd2\xe6\x8c\x0f|x\xafb]\x08}\
\xc8Z\x057n\x15\x99\x04\xe3\xb8\xf1L\x06\xab\x9b\xc9\
\xc5\xc6\x11\xab\x11\xff\x99\xdd`\x97/\x7f\x9b<\xd9\xd8\
?\xe7\xf3W\xb5\xcd\x82\x08\x16\x04EqJe\xe6P\
\x0aOj\x12pM&\x9e\xf3\x17\xcc\x81\xff\x06\xa6\x18\
\xe0\x0a\xf3\x95V\xe6\xb5\x94\xcc\xe8\xef\xa1\xb7\x87N\x08\
\x1a\xbeIS\xb6i\xd3F\xe7b}IS\xa6\x83\x1b\
\x16\x1f\x0f\xf9D\xa4E&'As.\xb8-g\xce\
\xa6'\x91\xd43\xd9KB\xe7:\xc19\x13\x89\x1dB\
\xdaP\x7f\xa6\x8c\xc6\xf6\xf3^\xbd\xde\x95\xbe}\xfb(\
\xa9\x1b\xaeT\xf1T}x\x04\x12\xb1e\xcbf\xbd\xb7\
\x05;E\xfa\xcc\xd37$x\x22\x15G\x05\x22X@\
N\x09\x858\xe7\xd7\x1c\x1bBy\x04<\xcfb\xe1~\
\xa8k\xd2\xadN\xfd\x13\xb5\x0dy\xe6\x84kZY\xb8\
\x07\x16\x0a;\xc1l\x90\xd2#\x8e\xcc\x9c\xd3\xeep\xee\
\x97\x7f\xdf\xe1\xe14hn\x8c\x1b\xc7\x9e\xe1\xa8\xb0\xfa\
X\xa1\xdct\xc2\xbe}\xda\xc9\xe0\x03\x03\xea\x8b\x80|\
,\x8f\xfc\x8d\xe7\xf7Y\xaf#!\x80\xd7G\x89\x88\x95\
o\xbe\xe8\xd4\xf5\x88o\xec!\xd2\x89\x14\xa2\xf6\x98h\
\xee\x83\xf7$\xc3\xc2\x84\xd1o\xc4\xae+~\xc6\x0e\xa6\
\xa6\x92\x8d\x0d4\xcfCz\xe3\xc6\x8d\xf5B\x82X\xbe\
*c\xeb\xd6mZ\xda\xcc}C\x1c\xde4\x15\x9e\x09\
\x13&\xea\x8dMTNX\x80H\x1f\xaa\xdc\x1ch\xe1\
*\xd1\xfc\x0f\x9b\x9fX,\xcbW\xac\x92\x95\xab\xd7\xca\
\xea\xb5\xebd\xed\xfaxY\xb7!^\xd6\xc7o\x94\x0d\
\xf1\x9b\xf4\xe3z\xf5\xfb\x06\xf5\x18\xbfq\x93l\xdc\xb4\
Y\xc5\xa6\x9be\xb3r\xa4\xd4\x22\xfbE\xcd\xd9\xfbj\
~\x1f\xc9\x10\x91F:?\xde\x9b\x10\xbee\xdb\x8e\xc3\
k\xd7o\x94\xd5\xeb\xe2\xd5\x8dl\x90\x95k\xd6\xcb\xb2\
\x15\xabe\xf1\xd2\x152o\xd1\x072s\xeeB\x99<\
}\xb6\x8c\x9d8E\x86\x8f\x1e/\x83\xde\x1b)\xfd\x07\
\x0f\x97\xbe\x83\x86I\x9f\x81C\xa5\xd7\x80\xc1\x1a\xdd{\
\x0f\x90^\xfd\xe3\xa4\xef\xc0!2p\xd8H\x19<|\
\xb4\x0c\x1c<T\x1f\x1aL\x7f\x0c\x12i&\x01[\xe5\
\x9ayq?d\xe2\x0f\xfby\xf3\x01\xc3i\x9de@\
\xf2\x00\xf2\xbe\xff\xfe\x07m\x87Mw\x03\xaa\x91\xc5\xc4\
\xa4C\x12m,\xdc\x17\x04S\xa1!)A\xa2\x1c;\
\xcb\xe2\xc3v\xba;J\xdc'\xef\xc9Bb\xb1\x19U\
\x8c\xd6\x08\x7f\xb3\x92\xfc\xfd\x85\x82\xf2l\xc1\x92\xf2\xfc\
ka\x92\xf7\xf5\xb2\x0ae\xe4\xe5\xe2\xe1R\xb0d\x05\
y\xa5hY)P\xac\xac\xbc\xaa~.\x16\x1e!\xa1\
\x95\x22\xa5|Dm\xa9\x1cUG\x22\xeb\xc4\x1c\x8ei\
\xf0v\xb8\xb2\xef\x19\xff\xf6\x04F\xc9\x8a\x91\x8f\x94\xa8\
Xsp\xd17k]\x7f-<J^-\x17)\x85\
\xcaV\x97\x02e\x22\xa5@\xd9()\x18^K\x0aU\
\xa8#\xafU\x8a\x96\x22\x95\x1b\xc8\xebU\x1b\xca\x1b\xd5\
\x1bK\xd1\xc8fR\xbcF\x0b)U\xab\xb5FIP\
\x9b\xc7VR\xb2\xa6B\x8d\x96R,\xb2\xb9\xe4.X\
L\xbav\xeb\xae\xa5\xccU\x9d\xb1\xca\xb1\x8f\x90\x8a\xa7\
i\xba\xdb\x99|\xa3z\xddSm\xe9\x85\x17\xbf\xfez\
C\xabI\xa4\x8c\xaf\xc40\xc5q$\x9dz\xea\x86\xf8\
\x0dZ\xca9p\x82\x9d\xdf\xae[!|9\x8d\x9a{\
\xe2\xde\xb5\xb3\xa4\xae\xb1\xe7\xa3=\xd2\xb9Go)\x5c\
)FB\xebu\x92\xd0\x98\x8e\xc9\x08S(]\xcf\x15\
\xb1\xeao\x0a\xeau\xa5\xebw\x962\xf5c\xaf\x97\xa9\
\xd7~p\x99z\xed2.\x95\xaeC]\xf0E\x85]\
\xa5\xf5\xc5\x9d\x17\xe3\xc2a\xe6\xf7h\x03\xeb\xf7z\xed\
%4\xba\xbd\x94\xaa\xddF\x11\xd7R\x91\xda\x5c\x8aE\
5U?7\x97\xb0\xda-\xa4|\xbd\xb6R\xe5\xed\x8e\
R\xbdI'\xc9\xffZ1e\xf3\x16+\xa9<\x96\xfc\
\xfd_\xae_!e<E\xfe\x86\x0a\xc3\xdb\x84\x00\xd4\
\x1a\x1e&\x93\x06\x19\x84\x0a\x90\x0e\xe1i\xe5bQ\xed\
S\xa6L\xd55UL\xc3\x89\x13\xceP\x82\xfa*R\
I\xe8\x82\xd3\x95\xd9\xef\x1f\x83P\x9c4\x16\xe9\xfc\x85\
\x8b\xa5n\x936R\xacz3E`l\x0a\x98\xb9\x0b\
\x8d\x8e\xbd\xe99\xa0\x16\xff\xae\xe2QM_\xb4\x85H\
'\x99\xb1w*TWH2d\xa6@t\x07\x0b\xfc\
\xdcN\x8aUk \xe1\xb5\x9aHT\xa3vR\xb3Q\
[\xa9\xdd\xa4\xad\xc44o/-c\xbbIl\xd7\x9e\
\xd2\xbb\xff@\x19>\xf2}\x1dG\xd2\xb2\xdf\xa3GO\
Y\xb2\xe4\x03=\xa9\xa6\xb6y\xfc\xf81\xad\xaa\x80\x93\
\xdc\x13\xba_\xd6\xfdK\xc4\xddC\x04$\xda\x841\x9e\
\x869n\x0d\xf2\x06+\x87\x8anA\xee\x01\x1b\x88\x03\
C\xec\xe8.\x8di\x0d\x9e\xe7z\xdc\xb3\xd3L8\x17\
\xdf\x17\x8e\xc3\xb2k\xcfG2a\xf2t\xa9Q\xbf\x99\
\x14Q\x9a+\xccE\x18\xd2\x85\x9a\xcf\xd0\x98\x0eIo\
T\xa9_\xfd\xb9\xe7\xf3\xd9\xfbM}\xea\x02O*\x8c\
R\xf8)\xad\x9b\x08\xad\xd3F^)UI\x22j\xd4\
Q\xf6e\x8a\x22h\x97\x92\x80\xcf\x15)g\x954]\
\xd2`\xc2\xb0+\x00)\xc3a!\xc8\xa6\x07\x88\xfe\x1d\
\xdaGV\xadZ)\xeb\xd7+Ga\xed\x1amsp\
<\xd8\xc4\x8b\xbd\xc2\xe1 \xc3\x82\x07l\x0a\xdc8U\
\xe6[\x8b\x90ZW\xe9D-\xa3\xa6\x91\x16C\x10-\
\xa0\x9c\x18\xc6\xf9=\xd8AB\x09\xd3\xb3k\xce\xfe\xc1\
\xd9\xe2==m\xbd7\xbfs\x1d\xd4)\xf6\xb4U\xeb\
6\xd2\xaesw\xb5h\xbbJ=\xb5x\xc3#c\xa4\
p\xf9\x1a\xca\xa4\xb4\xf8C\x83yK\xa6\x9age\x8e\
F\x15\xab\xd6\xc4\xdeo\xe9\xb3\xc8D:\xcb(lT\
\xb8\x966\xa1m\xa5dD\x03i\xd7\xa5\x97\xe08\x9d\
TD^\xb8p1\x99@O 1\x80-\xa3\xb7t\
\xfcx\xa7#2xp\x9c.\x1d\xd1\xa2A\x02\x81\xc2\
1\xf1\xe3\xb8q\xe3\x15\xe9\x93\xf4>\x14\xd3viZ\
\x18!\x93\xf7s\xdd\xbe\x80z\xe69T\xb1qZx\
\x9e\x96N\x16\x05\x89\x06\xc8\x808S\xd3\xa4o\x16\xef\
\x1c\xe7\x07IsU\xbb\x10m\xbeK\x0c\xa0\xde\xc9\xbf\
\xb6\xeb\xf8\x8e\x14\xadRO\xcdA\x87\x94\xf6/\xa6\x83\
\xafD^S&m\xa3\x22\xb3t\xa1\xf0\x9a\xfe\xf9B\
Tu\x91\x1c\x0aU\x14\x0e\xa5wC\xd8\xd7b\x11\x8d\
\x94z\xed \xb3\xe7-\x92#\xca&\xa6F$\xd2\xe9\
\xfe7\xa4\x17\x09c\xa2I\x04\x00~\xe79$\xc1\xc4\
{,\x00\xe2J\x087\xf6\x96\xd7\x1a\xc9\xe4\x11\x89\xa6\
\xad\xd3\xb4\x99\x983{\xfa\xf4\xe9\xa5\xb7\xd6\x9f\xff\xca\
y\xd4\x0bv\x94\xf7\xe6}\x90z\xc2\x1c\xf2\xc2\xaeg\
\x0f\xe1\x80a\xab9)\x85\xd7\xd1\xc9\x80\xc4\x9fW\xef\
=o\xc1By%\xac\xaa/\xa4\xa5\x86Cz\x9e\xa3\
c\xfd\xfbE\xe2\xea\x22\x8f+\xf4T8\x97>\xa1\xb1\
R\x22\xaa\x99T\x89n\xaaB\x96q\xb2O\xc5\xa0\xe7\
\xbf:\x9f\xa6\x84\xa6\x05O\xa4\x9b\xaf\xa0\xc2\xfeB$\
\xce\x0b6\xcc\x0c\x885_\xc5q\xf2\xe4)\xed,\xe1\
\xd5Bl\x9f\x9e\xd12h@[\x15+\x1fT\xf1\xe4\
^}\x10\xd3\x8c\x19\xd35\xc1H:1$!\x89y\
?\xa4\x93\x05\xc5uh\x92\x9e>}\x9aNT\xa0\xf6\
\xa7O\x9f!\x0d\x9b\xb5\x96\xa2\xd5\x1a;\x1d\x9b\x8c\xe3\
\x9c5\xbf\x8f\xfb\x95H\x17B\xffOa\x9c\xc2\xd5\xf4\
o\xae\x83\xf2\xc8ZHh\xb5\x18\x89\xed\xd6KV\xae\
Z\xad\x9d\x9a\xc4\xc4\x8c\x11\xea\x0e\xbc[&\x13u\x8c\
\xddt\x92\xe5\x94JH@\xda\x08; \x1c\xe2\x91\xaa\
o\xbe\xf9Z\x16\xcd\x9f,+\xa6\x85\xca\xd4\xf7\x8a\xc9\
\xae\x1d\xab\x14\xb9\x89Z\x15\x93\xd1A\xd5c\x9by=\
[!H\xf5\x99\xeb!\xb1,\x1c\x88\xa6\xf0Ll\xca\
\x22x\xe7\x9d.\x12UW9~\xca[',K\xf6\
V}\xc3Uk^\xff\xef\x96\x10i\x91\x99\xc3\xb2\x9f\
k\xd2'T\xd9\x8b\x98\xf6\x0a\xed\xe4\xf5\xb7\xa2\xa5\xe6\
\xdb\xcd\x95\x877U\xc5yGm#\x14\x12p\xa2\x00\
\xb5OJ`$\xeb\x89\x19q\xaaH\xda;\xdb97\
i\x02f\xcc\x98&\xe3\x07\xd7\x10\xc7\x8a\x97\xe5\xd0\xaa\
\x17d\xd5\x92~r\xf8K\x87\xc7\xf7\xe6\x18RT\xf0\
\xcc\x993\xb4\x8d\xc6>\xe3\xfd\xe2ta\x0a\x0c\x9cG\
\x99\xae\x93\xe1\xa3\xc6J\xc3\xd6\xefHh\xf5\xb7\x95\x94\
6\xb1>\xbf\xd7D\xae\xb6\xe6\xd5\xbf\xea5\x0dBW\
{G\xa8\xf3\xe7b\x91\x8d\xa5|\x8d\x06\xd2o\xd00\
I\xd8\xb7_K\x84\x1d\x84\x22E\x9b7o\xd2\x9b|\
\x96/_\xa6\x8f\x9a\xe1`)l*?\x0f\x1f>B\
f\xcd\x9a-\xf3\x95\x0a\x9d:m\xaa,\x9cPG\x8e\
\xafzE~LxQ\xe6\x8d\xad*\x9f\xec\xdb\x95\xea\
{\x93\xb2\xfc\xe0\x83%\xca\xcb\x9e\x97\xfc\x15X\xaeD\
\xbaz\xe78r[\xb6n\x93a#\xc6H\xe3\xb6]\
\xa4tdCy#\xa2\xb13t\x0bF\x223F\xe8\
\x1f\xc4\x96R\xe1K\x89*1\xd2\xa6SwY\xb5z\
\xad\xb2sgm!\xd48N8M\xd863\xc98\
5x\xa6l:\xe2g\x9c\x95\xe5\x8b\xc7\xc8\xb6\xb9\xa5\
\xe4\x87=ye\xce\xc82\xb2?a\xab\x5cHJ\xfb\
}\x93\xd4\xf3\xbc/\xfd<x\xc1h\x01\x1e\xc9/\xbb\
\xbf\xfe\x8c\x22u\xbbR\xc9\xa3\xc7M\x90\xb6]\xfaH\
\xa5\xba\xcd\x95\xa7\xdb@Bk\xb7Q^n\x07\xd7\x05\
\x1ex\x22\xdd\x08-\xeb\x0b\xa1\xce\xccG\x07\xa5vc\
\xa4\xd6\xdb-e\xac\xfa\xc0\xc7\x8e\x9f\xb0\x8dPop\
\xe0\xc0\xa7\xb2n\xf9P\xd9\xba\xa8\xac\x8c\x1eTM\xf6\
%\xecP\x7fOL&\xcex\xd2\x84\x1c\xd8Q\xd43\
\xe4!\x99\xd8L\x12\x1c\xf4%\x99DGj\xd7\xc1!\
KH\xd8/\xb3\xe7.\x94\xde\x83\xde\x93\xbaM\xdbK\
\x89\xaa1J\x057b\x0e\x82\x87H32&\xa1N\
o\xb7h\xc4\xdbR.\xb2\x9et\xee\xd2]y\xbb\x9f\
H\xe2-\x22\x13)#k\xb3i\xc3,i\xdf\xb6\x9e\
\xec\xdc\xb1U\x91\xe7\x94f\x9c\x1f\x12\x158Vx\xb6\
\xfc\x0ei\xd8I$\xd1\x95<W\x15\x9b:\x92\xb4\x7f\
@Yl\xf5\x9au2v\xe2t\xe9\xf4\xee\xc0\xabQ\
M;\xae\x0e\xab\xd3&x\x884#\xa3*W{\xbb\
\xb5[\xc9\xeb\xe5#\xa5Q\xcb\xb62\x7f\xe1\x22\xa7\x1d\
\xd5\x93d\x8f=M\x0b\xa7O\x9f\xd1%*\xf6\x9a \
}H\x1b\xd9&\x1e\xc9\x12Q\xd2\xf3\x14\x12e\x1cI\
\xca\xae\x9e\xbf\xba{\xf7\x9e\xd5qC\xde+\x13V\xa1\
jp\x11iF\x86\x085\x99\x91h\xbc\xdd\xbaR\xbd\
Qk]*\xdb\xa0\xa4\xc1\xb9\xea\xbdY\xf9\x99\x036\
\x0f\xc9\xa3n\x89\xd4\x99j\x0a\xcf\xf9J$\xaf\xc7\x19\
#\x89o\xce.r{\xcdU\x85\xd5\xeas\x95I\xbc\
p18\x894\xc3\x22\xb4\xb4\xc2\x980/\x12\x0b\xce\
\xe4|\x07\x09\x8d6R\xdaZJ*\xb7\xben\x8b\x8e\
\xd2\xa7\xbf\x8a\x1d\x13\xf6I\xd2\xc5K\xb7\x84\xd4\xf4U\
s\x92G/\x96\x04;\xaax\xe5\xca\x15:9A\x18\
D\x5c\xcb\x02\xc1\xbbuy\x8fs\x0ac\x14J+\xd2\
\x83\x9bH3,B\x9fV\xe8\xa1\xf0yX:\xb9\x5c\
O\xea\xb7D\xcd\x96R\xa6fS\xa9\xd7\xa2\x83\x0c\x19\
>R\xc5\x81G\xfe\xb0O6\xc5\xa7iI\x97\xfb#\
\xc0\xf9\x81\xaci\xd3\xa6k\xb5LQ\x80\xec\x12\xed,\
\x8b\x16/\xd2\xc9\x05H\xdd\xbau\x8bN5\xbaH\xe5\
5\x85\xcf\x15z(<\xad\x905\x88t\x1d\x8a\x98\xc7\
\x14\xdeR\x88\x0fK\xa7\xda\x92\x1a\x8aE6\x91\x0a\xca\
\xado\xd2\xba\xa3\xdeF\x9f\x94t\xf1\xa6I\xcf\x0ca\
iI!a\xccg\x07>\xd3\xf6\x93\x84>[\xf4Q\
\xc9\xa6\x8d\x04\xf0\xb3\xf9V?\xd4\xb3\x9b$\x82\x9f\x14\
\xe2\x15\xdeRx,\xd0\x9cdj\x849\xab-a\x0a\
#\xc3\x9c\x09\xe4\xeb\xbe\x90\x19\x1a\x83\x0an'%#\
\x9bJd\xc3\xb6J\xf5\xc6\xe9\x5c*\x93\x9dhI\xa9\
\xaf\x1e\xb0{\xa0\xcf\xcfx\xaad{\x88!q\x84\xa8\
s\xeao\x1aR\x12g\xbee\x08;\xe8\xaab\x09_\
L\xf2\xdf\x03\xae+\x1cR\x18\xa9\x10\xa6\xe0\x9f\xea\xc7\
\xad\x1e\x16\xa1O(\x94W\xd8\xee+\xa1\xc6\xb6\xd2\xb9\
P\xaeN\x0bi\xd8\xb2\x83,\x5cH\x15\x04B/)\
xoO!\x01uH\xfeu\xd9\xb2\xa5\xba\xcb\x9d\x8a\
\x0a\xea\x92\xbck\xc2\xde\x04\xdd\xc4E\x92\x01\x82\x918\
g.\xd9'-\x00\x91\xdb\x15\xca+<\xf1\xa7!\xd2\
uX\xa4\xe6Q\x18\xa4\xe0P\xf8\xc5')UNR\
\xa9\xe8\xf6\x12Z\xab\x99T{\xbb\xadt\xeb\xd5_>\
\xfch\xaf\x0ac.\xa5)\x9dTHP\x85\x14\xbd!\
o\x9d\x92\xc0O\x95\x94QF\x03\xd41\x89\x01\xc9\xaf\
\x9ao\x16\x82<\xefb\xc8\x14\xf8E\xc1\xa10H!\
\xcf\x9f\x92D\xf7\xa1\x88y\xc8\x0aaF(|\xa9p\
\xc3;\x95k*\x11\xed%\xacn;)[\xa7\xb5\xd4\
m\x16+3g\xcf\xd55\xc9\xb4l!\xd2eHs\
\x954O\xf9\xd5\x0c\xe0\x86\xc2\x97\x0a#\x14\xca(\xf8\
\xde\xa8\x9c\x95\x87\x22\xe7\x0e\x85\x07-{\x0a\xa9G\x15\
~\xf3M\xf5\xaap\xa6N[y+\xa6\xb5t\xe9\xd9\
O\xf6\xee\xdd\xa7\x1d$\xd4\xae\xbb\xa4f\x92,\xcfH\
\xbc\xf0\x9bz<j\x91\x88]|P!s\xed\x90Y\
y(R\xb2+\xdc\xafP\xcar\x92\xa8\xe7\x9d\xf2\x89\
\xd4\xba\xed\xa5t\xed\x96R\xa3a+\x99:}\x96\x9c\
>\xf3\x95eK\x99t\xbb\xb3H\xfa\xfdN]H\xbc\
8\xeeB\xe2\xa5\x91j\x91\x94R\xbf\xdf\x9f\x98x\xc1\
\xb7\xfd\x1f\x7f\xe6\xa1H\xb9]!\x97\x85\x92\x0a\xa3\x15\
N+\x9c\xf5\xc6\x96j)U\xaa7\x5c\xd9\xd3\xd8\xae\
\xbd\xe4\xc3=\xd8\xd2\x8b\x9aPo\xbd\xdd\xc4\xc4\xa4d\
g\xca\xfc\x9f\xae\xc2|\xfd-\x7f?\xfb\xc5\x17_\x9c\
V\x9e\xed(\xe5\xf1\x96Td\xe6\xba\x90\xf8u.\xa5\
\x09R\xdf\x8a\xfe\xbf\x91LlN\x85\x87-\x89E\x0d\
\x8f\x0f\xf3*\xa3\xa4\x9c\xa4\xa8\xe6R=\xa6\x99\xcc\x99\
\xbb@\xce\x13\xf0{\xed\xe9^\x92\x8b__\xd6\x0dh\
\x9b7o\x91\xb1c\xc7\x9c\xeb\xd1\xab\xf7\xf8\xc6\xad;\
\x8ch\xd5\xb9{\xa9\x8f\x13\x12\x1e^\xbdzuN\xe5\
\xf9\xfe\x8f@_\x87\x22\x07\xdc\x16\xe6\xcc(\xdd\xa3P\
X\xa1\x9c\xc2P\x85\xa9\x0a'-$\xb9\x92\x89\xa4\xd2\
\xf2\x19\x16\x11#\xdd\xdf\xed\xab\x02\xff\x83V\xe2\xde\x95\
\xbc$M\x1e\x92\xb87!!I\x11t2\xb6s\xd7\
\x93Qu\x1bM-U1jh\xb5\xfa-\xcbE5\
\xef\x5c8\xbai\x9b{*T\xab\x99#\x7f\xf1\xb2\xb7\
\xe5}#,\xd0S\xf2\xe7\x18\x16\xb1!\x16\xb2[\x0e\
\xd4\x03\x0a\x05,TV\x883P\x84\xc6\x85E\xb7\x8b\
+^\xa5~\x5c\x83\xa6m\xe2\xb6l\xd9\x1a\xa7Tf\
\x9c\x0a\xf2\xe3\x94\xba\x8c\x9b1cf\x5c\xe3f\xcd\xe3\
\xaaD\xd5\xae\x5c\xa1FL\x817\xa3\x9b\x17\xa8V\xbf\
\xc5\x03\xa5\xdf\x8c\xb8\xe3\x85\xc2\xa1\xd9_\x0e\xab\x1a\xa2\
\x16DH\xe9\x98\xf6\x81\xfe\xe8\xff\x1d\xc3\x228\x9b\x0b\
\x0c\xd9!\x8aLED\x87\x90\x22\x95bBj\xd5k\
\x1a\x12\x1f\xbf1D\x91\x19\xa2\xc8\x0c9t\xe8P\xc8\
\xe4\xc9\x93C\xeaD\xd7\x0b)R\xb2t\xb6\x17\x8b\x95\
\xcd\xf6z\xd5z\xd9\x8aG5\x09\xf4G\xca\xd4\xf8\x7f\
\xa2\x03\x16B\xa2\xa94#\x00\x00\x00\x00IEND\
\xaeB`\x82\
\x00\x00\x02\xad\
\x89\
PNG\x0d\x0a\x1a\x0a\x00\x00\x00\x0dIHDR\x00\
\x00\x00\x1c\x00\x00\x00\x1c\x08\x06\x00\x00\x00r\x0d\xdf\x94\
\x00\x00\x00\x01sRGB\x00\xae\xce\x1c\xe9\x00\x00\x02\
gIDATHK\xbd\x96;h\x15A\x14\x86\xbf\
\xbf\xb2\xf5\x11\xac4\xc4G,\xac\x05A\x9b\x04m\x04\
\x1b\xe3\x03\x1b\x05\x13A+\x15\x04cg\xecT\x10\xd4\
\xca\x80/\xb4\x11\x9f\x8d`\xa3h\x93\x80`ma|\
\xa1V\xe2\xab\xb5:r\x963\x97\xc9\xb2\xf7\xde\xdd\xbb\
\xe8\xc0\xc0}\xcc\xec\xb7\xe7\xcc?\xe7\xfc\xe2?\x0fu\
\xe3\x99\xd9\x12`\x15\xb0:\xe6\xda>\xef\xf6\x01\xf8\x12\
\xf3\xab\xa4?U\xeb+\x81fv\x19\xd8\x0f\xac\x1c0\
\x01\xdf\x80\xbb\x92\x8e\x97\xf7/\x02\x9a\xd9\x19`&\x16\
\xbd\x04\x9e\x02?\x80\x9f\xc0\xaf>\xf0e\xc0r`\x05\
\xb0\x03\x18\x8b\xf53\x92\xce\xa6\xbde\xa0\xc5\x1fS\x92\
n\x0c\x18]\xb1\xcd\xcc&\x81\xeb\xfeYR\x87\xd3\xf9\
`f\x1e\xfe%`\xab\xa4\xf96\xb0\xb4\xd7\xcc\xb6\x00\
s\xc0\x09I~L\x14\xc0\x10\xc8\x02\xf0Z\xd2D]\
\x98\x99\xed\x04N\x96\xd6\x8fDTk\xe2\xd9\x8f\x80M\
\xc0\xa8\x0b)\x01G\x81\xb7\xc0iI\xe7\x1b\x00\xf7\x02\
\xf7*\xd5\x18i4\xb3i\xe0\x1c\xb0A\xd2B\x02n\
\x03\x9e\x01G%\xcd\xd6\x05\xe6\xeb2\xc1}\x02F\xd2\
\xb9\x99\xd9\x11\xe0*\xb0]\xd2\xf3\x04<\x04\xb8H\xf6\
Hz\xd8\x14\x98\xc1\x5c\xe1\xae\xce\xb1\x0c\xb8\x1bx\x00\
LJ\xba\x99\x80\xe9:\x8cK\xf2\xebP{\xe40\x97\
\xbf\x99\xbd(\x01\xfd\x05\xfc\xb7\xe2z\xb4\x02\x96a!\
\x92\x7f\x03\xac\x82\x05\xd0\x95;$\xe9V|o\x1fa\
7X\xd59\x98Y;`\x13X\xa3\x08\xcd\xcc\xef\x98\
\x97\xa5\xfbY\xe5H\xe2ZT\x1f{)\xacv\x84\x15\
jk\x0ck\x1aaGmM\xd3X*\x08\x95gx\
\x00\xb8\x0dLHz\x9c\xcb;\xda\x95_\xe8\xdai,\
\x01w\x01^O\x0fJ\xba\x93\xeeaz\x8b\xc3\x92\x8a\
\x96\x92R\x1a\x9b\x07\x82\xc5s\xa6\x80k@QT\x12\
p\x1d\xf0\x0e\x98\x96t!\x16~\xf4\x9a\x08xm\xf4\
\x99\xc6EIO\xea\x96\x223;\x05xCX/\xe9\
}\xde\x9e>\x03o$\x8d\x97\x80\xe5g\xef\xcb\x95\xdb\
\x0f\x1c\x99\xda\x08\x0cw\xdaS\x00\xbcA\x1e\x03Zw\
\xfb\xec\x1a\xa5\xae\x7f%\xf9\x9bn\x16\xa3u\xd7\xcf\xba\
}\xb5\xc5\x88(s\x13\xe5j}\x05\xfc\x06\xbe\x87\x99\
\xea\x95A7OC\xc0R`3\xe0\xea\xf4\xd1\xddD\
e\xa9p\x7f\xe3\xd6\xc1=\xe9 \xc3\xfd\xa9\x8b\xab\xf0\
1\xf9\xe8g\x84\x87\xfd\xb0\xb3\xd9\x0b\xee\xa2\xeb\xccF\
Fx\x90\x90\xea\xee\xf9\x0b\xd8B_,j\x88\xa8\xb9\
\x00\x00\x00\x00IEND\xaeB`\x82\
\x00\x00\x02\xe3\
\x89\
PNG\x0d\x0a\x1a\x0a\x00\x00\x00\x0dIHDR\x00\
\x00\x00 \x00\x00\x00 \x08\x06\x00\x00\x00szz\xf4\
\x00\x00\x00\x01sRGB\x00\xae\xce\x1c\xe9\x00\x00\x02\
\x9dIDATXG\xcd\x97Kr\xd3@\x10\x86\xff\
\x91\x0dY\x123f\x9d\xe4\x04\xf1\x0d '\xc0>\x01\
\xa1\xd0\xca\x13\xaa\xe2\x13\x00'0)b6\x96\xab\xcc\
\x09\xe2\x1b`\xdf \x9c\x80dMT\x09\xcb\x18EM\
\xf5X\x12#E#)J\xc0\xcc\xca\xe5y\xf47\xfd\
\xf8\xa7%\xb0\xe6!\xd6l\x1f\xb5\x01\xf6\x87\x97\x9b\xcd\
\xc7\xe1w\xbe@\xb0tv\xa6\x83\xd6U\x9d\xcbT\x02\
p?\xfdx\x11\x04\xcdS\xd3\x08\xff\x07\xc7\xf9\xaa\x8d\
\x86\xe1\x9e\xf7\xf6\xd9<\x06`\xb8G\x1b\xd8\x1d\xf7[\
\x8b2\xa8R\x00w\xe4\xbf\x07\xf0\x0e\x82\xe6^\xbf\xbd\
\x17\x1fX\x04\xe0\x8e.\xe6\x80x\x0e\xc2\xc0;\x90\x1f\
\x8b \xca\x01\x8e\xfdC\x08\x0c\xf9\x10\x12\xd4\x9b\xf4\xdb\
3\xfem\x03x\xf3\xf9\xa2+H\x9ch\xa3\x0f\x01\xa0\
\x8d\x8d\xfc3\x00[\x04\x9cM\x94\xdc)\x02\x88\xd7\x02\
8\xf7\x94\xdc\xbew\x08\xf8\x00\xdb\xad\xdcc\x7f\xca\xf3\
\xde\x81\xdc\xd7P\x16o\xdd)\x04|\x88\x10\xa0\xb1\x92\
G\xe6FmL\xa0\x8b0\xec\x9a\x09g\xaeI@\x09\
_b\xa8$gV\xb9D\x9e\x92\x1f\xcc=\xa9\x1c0\
\xe3\xca\xee\x86\xa0A\x1c\xf32W\xda\xe6\x19\x0a$\x86\
\x02X\x85#S1)\x80Um\xdf\xcct\x06GC\
@\xcc\xc6\xeai\xaf\x0e@R\x0d\xc9fZ\x04\xcbF\
\xd7,\xe7\xdc*\x88\x5c\xc9\xe5\xb3\x05\xe0\xa7\xa7\xe4\xe6\
]\x01\x22\xa1\xba\x8c\xf6\x9d\x93\xa0\xc3<o\x16\x96\xa1\
N*\x0aOm1/\x83\xd2!\x15N\xa7H\x0bJ\
u\xa0\xcc\xc8}\xe7\x13\x80X>\xcd\x03\xabHi\x15\
\x00\xf6\x84h4)^\xfb\xeb\x1a\xdf\xe2<H\x00\xdc\
\x91\xcf\x8f\xc9\x93\xd4\x819\xe5T\xc5`N\xf9\xbe\xca\
\xec\xbb\xf2\x94l\xf1\x7f\xeb\x02H\x12;\x15\x82f3\
\xe8\x98\xa4u\x93/\xeb%\x9d\x8c\xc60_\xd6\xff'\
\x09\xf3b\xcbeH\x0e\x9d\xd5UC\x9d|\x8e\xb3\x9b\
\x95u\xab\x14\xc7\x13Y\xf9\xf4\x94\xac\xe5)w\xe4\xeb\
\xcc/\x92\xf5\xdbR\xbcqs\x02\x12F\xcch\xe1\xa9\
v*\x86U+\xe1\x96\x14\x0b\x9a\x07\xd7\x8d\x9eU\x8a\
SM\x06`\x95\xcf\x22\x00\xd6\x13\xd3@F\xd6\x8b\x1f\
#>X\xcb\xef\xea\x8dO\xb5R\xd1s\xfc\x12a\xd8\
+{\x8e\x09\x98N\x94|\x9d\xd1\x83\xdcs+\xc5\xb6\
\xa8!!\x01\x8a\x8d=HC\x92[\x0dQK\xc6m\
V\xb0t:\xecb[O\x98\xd7\xbe\x15\x85\xac\xd4\x03\
\xb6[\xfd\xb3\xa6\xf4\x0f@\xba\x1a\xaa\xb4\xe5\x04\x1cM\
\x94\xd4\xb1\xb7\x8dR\x0f\xe8\xc4\xac\xf1a\xc2\xb2^E\
\xca+\x01\xe4\xd1G\x1d\x0f\xb7\xeb\xfci\xb6\xfdW?\
\xcd\xaa\x0aO\x9du\xb5=P\xc7X\xde\x9e\xdf\x1a\x84\
\xa40\x1c\xbe\xc7\xfc\x00\x00\x00\x00IEND\xaeB\
`\x82\
\x00\x00\x01\xdc\
\x89\
PNG\x0d\x0a\x1a\x0a\x00\x00\x00\x0dIHDR\x00\
\x00\x00\x1c\x00\x00\x00\x1c\x08\x06\x00\x00\x00r\x0d\xdf\x94\
\x00\x00\x00\x01sRGB\x00\xae\xce\x1c\xe9\x00\x00\x01\
\x96IDATHK\xed\x961H\x1cA\x14\x86\xbf\
\xbfM\xa3X\xc5\xca\xd2J\x10\xb4\xb0\x11,L!\x16\
V\xa6\xb0\xb6\xb3\xd1J49\xa3\x89\xa2\x85(i\x04\
A\x0b\x05-\xb4\x12<\xb0\xb6\xb0\x8a`*I\x95\xd2\
FB,\xac\x7f\x19\x98\x95s\xbd\xbb\xbd\xbb=\xb6\xba\
i\x16v\xe6\xfd\xdf\xbc\xff\xcd\xbeYQ\xf0P\xc1<\
:\xc0\xb6;^\xd5R\xdb\xfd@oN\xda\x83\xa4?\
i\x8dw@\xdb\xbf\x80\xa1\x9c\xb0$\xfcV\xd2p\xa5\
\xd6\x1b\xa0\xed3`\x1a\xd8\x06\xca9\xa1\x9f\x80e\xe0\
\x5c\xd2\xe7D+\x0d|\x02\xfe\x02\xe3\x92\x1e\xf3\x00m\
\x8f\x01\xfb\xc0GI]\xb5\x80\x06.\x80)`V\xd2\
a+P\xdb[\xc0b\xa2%\xe95\xb1t\x86\x01\xb8\
\x0a<\x03\x9b\xc0\x15\xb0&)\xd45s\xc4\xacv\x80\
\x81h\xe7\x87\xa0\x97\x09\x94\xb4f{$B\x835\xf3\
\x92~\xd6#\xda.\x01\xdf\x81k`I\xd2\x8d\xedo\
\x0d\x03\x13q\xdb?\x80\xaf\xc01\xb0%\xe9\xbe\x12\x1c\
\xb3\x0a\xa0\xd18\xbfT\x11\xdb<0\x04\xdb\x9e\x006\
\xc2\x01\x00V$\x1d\xc4\xf7\xc1\xfe \xfa;lJ\xd2\
ej3\xad\x01\xa3x7\xb0\x0e\xcc\x01G@\x1f\x10\
\xec\xde\x03\xbeH\xfa\x9f\xb6\xbc%K\xab\x88\xccDp\
\x98*I:\xa9U\xdb\xb6\x00c\xb6=\xe1)\xe9_\
\xc6Aj\xdd\xd2\xcco\xa2\xca\x82\xb6e\xd8(\xbc\x11\
`hmeI\xa1N\xb9\x87\xedS`\xb2^kK\
\x9a\xf7\x02p\x97\x938\x08\xec\xd6m\xde\xf1@\x14w\
=Ut\x88\xe2.\xe0\x9c6f\x86w\xfe\xda2-\
jvA\xe1\x96\xbe\x00\x15g\xc6\x1d\xe4%\xf2\x86\x00\
\x00\x00\x00IEND\xaeB`\x82\
\x00\x00\x00\xb4\
\x89\
PNG\x0d\x0a\x1a\x0a\x00\x00\x00\x0dIHDR\x00\
\x00\x00\x1c\x00\x00\x00\x1c\x08\x06\x00\x00\x00r\x0d\xdf\x94\
\x00\x00\x00\x01sRGB\x00\xae\xce\x1c\xe9\x00\x00\x00\
nIDATHK\xed\xd2\xc1\x09\x800\x10D\xd1\
?\xf5\xd8\x84\xed\x88\x96c\xb0\x1d\x9b\xb0\x9e\x15\xaf!\
\x10\xc3J\x0ef\xf7\xba\x0c\x03\x8f\x11\x9dO\x9d\xfb\x88\
\xc2\xcf\xc5\x834H\x9b\x05\x06\x1d\x8d\x99\xad\xc0\x02L\
\xc0\xd9\xe86\x03\x17pHJy\xb6Hjf;\xf0\
\x94z.I\xda^\x15zZj\xd9AGSc\xf1\
\xfc\x83\xd4\xa3W\xcc\x06i\x906\x0b\xfc\x7f47O\
\xc1\x0c\x1d\xbag<\x89\x00\x00\x00\x00IEND\xae\
B`\x82\
\x00\x00\x02$\
\x89\
PNG\x0d\x0a\x1a\x0a\x00\x00\x00\x0dIHDR\x00\
\x00\x00 \x00\x00\x00 \x08\x06\x00\x00\x00szz\xf4\
\x00\x00\x00\x01sRGB\x00\xae\xce\x1c\xe9\x00\x00\x01\
\xdeIDATXG\xedV\xdbQ\x031\x0c\x5cu\
@\x09P\x01\xa1\x02\xa0\x02\xd2\x01\xa4\x02\xa0\x02\x92\x0a\
\x80\x0a\x08\x15\x00\x15\x84T@\xa8\x00J\xa0\x83e\x96\
\x91o\x9c\xcb\xd9g\xdfO\xc8L4\x93\x8f\x8b\x1fZ\
\xc9\xd2\xae\x0c[6\xdb\xb2\x7f\xfc?\x00$\x0f\x01\x5c\
f2\xf3lf\xdf\xa9u\x92\x07\x00\xaeK\xcfod\
\x80\xe4+\x80\x8b\xcc\x05of6\xce\x00\x98\xf7\x04\xb0\
v\xbe\x0b\xc0;\x80\xd3\xc8\xc1'\x80\x9f\xe8{jf\
\xda\xd3i$\xcf\x00L\xa3Ee\xe48\xfa^\x9a\x99\
\xf6\xfcY\x09\x80\x15\x80s3\x8bA\x14\xd5\xae?\xc7\
\x02\xc0h\x08\x00E\x1e\x90W\x83\xe8p\x1e\xee+\xce\
\xc0\x0c\x80\x8a\xed\xc9\xd1\x17\x83\xe8p>\x01\xa0\xe2\xbe\
\x03P\x0e\xc0\xcc\xa6$\xafj@t97\xb39I\
\xd5E=\x00E_\x0a\x22\xe5\xdc\xef(\x06p\xe3U\
<\x8e\xab\xbd\x04\x04I=S\xa8\x9b\x89\x22\x0f\xc5\xe7\
\xdd\xa1\x16W\x17=$\xbb W\xde-\x10\xea\x8c\xa6\
\x1dI\xaa\xd2?\xfc\xfc\x9a\xf3\xdc\x9d\xd5T\xec\x91\x8c\
\xe2(\xa2(\x95\xbdU\x8e'\xda`\xaa\x01\x14\x11@\
\xc5\xa6=\x80\xdd\xca\x80\xf7\xf9\x8bs\xfbI,\xcb\xbe\
\xf6\xe5\xecY\xac\x1d]b$\xca\x94\x1cK\xf7\x1b\x01\
\xea \x99\xa3\x16\x00\x9d\x13\x00\xd9\x06m\xfby\xcd\x19\
\x92\xe3f\x9e\xc8\xcd\x03\xb7\xa1\xd5r\x0c\x17\x17|\x8e\
\xacH\xaaE\xef\x1d@3O\xe4\xe4x\xe6Z =\
\x8f%5K2)\x10\x83\xb4\x00\x80(\xb3\xd8yD\
H\x1b\x02\x06@\x19\xa8\x12\xa3G\x9f\x8c\xc20QL\
\xaf\x09\x01[\xfa\xacX,\xc7\xf1\xf3V9Od\x22\
\xfc]\x0d@\x8a\xd6\xa8\x9a\x99)\x92\xac\xb9^\xd07\
\xe99\xf4\x1b\x0c\xa0\xedL\xed\x19_\xb8\xb6N\xb2o\
*\xee\xcd@h\x97T\x94}]\xa0\x16\x13Y\xa5\xac\
iom\xd8-*\xee{\xfb!\xeb\xfb\x0c\xfc\x02\x99\
\x80'0!\x94\x18V\x00\x00\x00\x00IEND\xae\
B`\x82\
\x00\x00\x04m\
\x89\
PNG\x0d\x0a\x1a\x0a\x00\x00\x00\x0dIHDR\x00\
\x00\x00 \x00\x00\x00 \x08\x06\x00\x00\x00szz\xf4\
\x00\x00\x00\x01sRGB\x00\xae\xce\x1c\xe9\x00\x00\x04\
'IDATXG\xc5WMh\x5cU\x14\xfe\xce\
\xcd\x04\x03\xaduY[\x10\xea\x0fVkQ\xa1\xd5B\
\xa4`\x11\xab\x816s\xcf\xc4\x14\x82\xa2]E\xfcY\
\xb8\xb0\xa0]h]h\x05\xeb\xc2\x8d?\x11\x91\x1a[\
\xc5\xc1{\xeeL\x1b\xa3UQ\x84\x96\xb6\xb6\x8b\xaaU\
,\x82\x0b5\xf5\x07\x11\xeb\x0fI\xc8{Gn\x98\x17\
\xdf\xbc\xbc\xe9\xbci\x95<\x98\xc5p\xcf\xcfw~\xee\
\xf9\xce%,\xf0G\x0b\xec\x1f\x1d\x01\x18\x1c\x1c\xbc8\
\x8a\xa2\x0a\x80;Uu)\x80\xa5DD\xaa\xfa\x0b\x80\
\xf0\xfb\x10\xc0\x1e\x11\xf9\xa2h`\x85\x00Xk\xd7\x18\
c\x86U\xf5\x1e\x00\x17\xb43ND\xfbTuDD\
\xf6\xb7\x95m'P\xa9T^R\xd5\xe1\x86\xdc\xaf\xc1\
x\x1c\xc7\xfbU\xf5\xab\xe9\xe9\xe9\xef\xbb\xbb\xbb\xb5\xab\
\xabk\x99\xaa.7\xc6lR\xd5\xcd\x00\xae\x0c\xf2A\
6\x8a\xa2\xa7k\xb5\xda\xa1V~\xce\x9a\x01f>\x01\
\xe0Z\x00\x9f\x01\x18\x8d\xa2h\xb4^\xaf\xff\xd4\x0e\xb4\
\xb5v\x98\x88\x02\xe85\x00\xfe\x0c\xa0\xbc\xf7\x1f\xe7\xe9\
\xb5\x04\xc0\xcc\xdaP\xa8\x8a\xc8\x96vN\xf3\xce\x99\xf9\
-\x00\x83\xe1,\x8e\xe3kj\xb5\xda\x97Y\xb9\x5c\x00\
\xcc\xfc\x0e\x80>U\xdd\xe1\xbd\x7f\xe2\x5c\x9c':\xd6\
\xda\xc7\x89hG+\x10\xf3\x00$5'\xa2\x9d\xce\xb9\
\xed\xe7\xe3<\xd1\xadT*O\xa9\xea\xa3\x00\x8e\x8b\xc8\
\xda\xb4\xcd&\x00\xa1\xdb\x89\xe8X\xa8\xb9\x88\x5cW\xd4\
\xb9\xb5v\x05\x11\x1dT\xd5W\xbc\xf7\x8f\xe5\xe9Yk\
\x0f\x13\xd1:U\xbd\xd7{?\x92\xc84\x01Hu\xfc\
6\x11\xd9U\x14@__\xdf\x92\x9e\x9e\x9e\x83\x00V\
\x13\xd1\xb3\xce\xb9\x87\xb3\xba\xd6\xda!\x22\xda\x9b\xcd\xc2\
\x1c\x80r\xb9|\x891\xe6\x1b\x00\x7fEQtu\x91\
nO;\xa9T*\x97\x01\xd8\xab\xaa\xeb\x88\xe8\x05\xe7\
\xdc\xfdY\x10\xcc<\x0e\xe0vU\xbd\xcd{\x7f`\xf6\
\xaa\xa6\xea\xb4]U\x9f$\xa2\xb7\x9dsw\x14\x8d>\
\x03\x22\xcc\x83=\x006\x00\xd8-\x22[\xd3\xe7\xcc\x1c\
2\xf3\x0c\x80]\x22\xb2-\x0b \xd4\xb0\x17\xc0\x90\x88\
\xbc\x99\xea\xe2!c\xcc\x83\xaa:Q\x10T7\x80\x1b\
\x01,\x03pBD\xaeO\xf4\xc2(\x9f\x99\x999M\
D\x87\x9cs75\x01`\xe6\x90\xfe\xcb\xb3\xf7\xd5Z\
\xfb*\x115ER\x10H\x10\xfb[D\x16e\xb2\xf0\
3\x803\x22rE\x16\xc0\x1f\x00\x16ONN^4\
>>~&\xad\xd4\xdf\xdf\x1f\x88\xa7\xe3/\xaf\x8f\x98\
\xf9x\x18\xd5\x22ra\xb6\x04ad.\x8a\xa2hI\
\xbd^\x0f`\xfe\x97\x8f\x99\x8f\x11\xd1U\xce\xb9\xc5\xd9\
\x0c|\x0b`\x05\x80\x95\x22r*\xd5\x9c\x87Cg\xa7\
\xd0\xb4\xe3\x82\xb9l\xa9\xea\xa8\xf7\xfe\xeeL\x09~\x00\
0-\x22\x97f\x01\x1c\x05p\x83\xaanH\x13\x073\
\x7f\x00\xe0\x96\x94\x91\xaf\xdb\xa4fe\xe3|\x86\x88^\
\xce^\xc7\x06\xc7|*\x22\xa1Q\xff\xbd\x86\xcc\xbc\x13\
\xc0#y\x83$5\xcfO\xc6q\xbc%\x8fT\x8a\xd4\
k``\xc0\xc6q,\xaa\xfa\xbc\xf7\xfe\x81,\x80\xd5\
\x00>\x07pJD\x92(\xe6\xec\xfe\x17 \x98y7\
\x80P\x92\xcd\xc9\xb2\x92\x1d\xc5\xf5\xc0\xdd\xd9y\x9d\x9a\
\x09\x09\xb3u\x9c\x09km\x1f\x11\x05\x96\x9d(\x95J\
\xab\xaa\xd5\xea\xefM\x19\x08\x7f\x98y\x13\x80}y\xac\
\x95\x05\xd1)U3\xf3'\x00\xd6g\xf5\xf2\xe8x6\
\x0b\x00Z.\x22\xd6\xda\x9b[m8y\xbd\x90ZL\
&\x88h\xads\xeet\x227\x0f@\xb9\x5c\xee5\xc6\
\xbc\x17\x86R\xa7Q\xe69O/$\x00\xee\x13\x91\x17\
\xd3r\xb9\x1bQ\x88\x90\x88>\x9a\xad\xd1y,&\xa9\
E\x04\xad\x82i\xb9\x13\x96\xcb\xe5U\xc6\x98\x93\x01\x84\
\xaa\x1e\x01\xf0\x9c\xf7\xfe\x8d\x22\xd7\xad\xd1pa\x03Z\
\xdf\x90\xbfKD\x02K\xce\xfb\xce\xba\x157@\xbc\xd6\
\xd8n\x83\xf2\xbb\xe1\xf1Q*\x95^\xafV\xab?f\
\xadYk\xb7\x12\xd1\xc6\xc0\xa8\x8d\xb3\xc0\xa0\x0f\x89H\
\xb5\x15\xf0\xa2\x0f\x93\xf4\x9a\x9d\xd8\x0a/\xa1\xefB\x82\
\x1a\xd4\xbb<\xe5d\x22<L\x8c1#\xe9\x86\xeb8\
\x039\x11n$\xa2[\x89\xa87\xefiFD\xe1\xfd\
\xf0\xfe\xd4\xd4\xd4\x81\xb1\xb1\xb1\xdf\x8a\x94\xabP\x06\x8a\
\x18:W\x99\x05\x07\xf0\x0f\x8e[\x0b?@o%\xb6\
\x00\x00\x00\x00IEND\xaeB`\x82\
\x00\x00\x02\xbf\
\x89\
PNG\x0d\x0a\x1a\x0a\x00\x00\x00\x0dIHDR\x00\
\x00\x00 \x00\x00\x00 \x08\x06\x00\x00\x00szz\xf4\
\x00\x00\x00\x01sRGB\x00\xae\xce\x1c\xe9\x00\x00\x02\
yIDATXG\xed\x95\xbf\x8b\x13Q\x10\xc7\xbf\
\xf3B\xee_PAA[\x0f\xab\xf3\x076\xfe\xaal\
\xcc\xbe\xb7\x90\xeb\xee\x1a\xc5\xc2\xceF\xb8\xca\xb3\xbaB\
\xb0W\xb49;\x172/9\xc1NO\x14D\xd4\xce\
X\xea\x15\xa2\xf8'h\xcc\x1b\x99\x90\x0d\x9b3?\xde\
F%\x08\xf7\x9a,\xd9\xd9\x99\xcf\xcc\x9b\xf9\x0ea\xce\
\x87\xe6\x1c\x1f{\x00\xff_\x05\xea\xf5\xfaB\xa7\xd3Y\
3\xc6,\x89\xc8\x12\x80\x00\xe0\x95\x88\xb4\xab\xd5\xeaF\
\x96e?\xca\xf4U\xa9\x0a8\xe7\x12\x22Z\x13\x91S\
\xa3\x82\x10\xd1k\x11\xd9`\xe6f,D4\x80s\xee\
\x02\x80'\x00\x16\x88h+\x84\xf0\xb8Z\xad>\xedt\
:?\x01\x9c#\xa2k\x00N\x00\xf8.\x22\x17\xbd\xf7\
\xdb1\x10Q\x00I\x92\x1c3\xc6\xb4\x00\x1c\x16\x91u\
\xef\xfd\xadQ\xce\xad\xb57\x89h\x1d\xc0G\x00\x093\
\xbf\x9f\x06\x11\x05\xe0\x9c\xbb\x0e\xe0\x0e\x807\xcc|r\
\x92\xd34M[\x22r\x09\xc0mf\xbe\xf1\xb7\x004\
\x93E\x11\xb9\xe2\xbd\x7f0\xc9\xa9\xb5\xf62\x11\xdd\x07\
\xb0\xc3\xccGf\x02\xb0\xd6\xae\x10\x91fq\x1a\xc0\xc1\
\xdcI\x08a\xb1\xd9l~\x98\xe44I\x92\xa3\xc6\x98\
v\xc1fGD^\x00x\xe9\xbd\xbf\xb7\xfb\xdb\xdf\xae\
\xc09\xf7\x08@}D\x90mf>?-#}\xef\
\x9c{\xa6\x8d9\xc2\xf6\x1d3\x1f/\xfe?\x04\xe0\x9c\
{\x0b@g\x1bD\x94\xe8\x9d7\x1a\x8d\xaf1A\xc7\
\xd9\xd4j\xb5}\x95J\xe5\x0c\x00MLO\xc6\xcc\xcb\
\xb9\xfd\x00\xc0Z{\x95\x88\xee\xea\x0bf\x8emN\xcd\
T\xedc+#j/\x22\xab\xde\xfb\x87\xbdDs\x12\
k\xed&\x11\xad\x00Xf\xe6,&k\xe7\x5c\xcfa\
,p\x9a\xa65\x11Q\x91\x1aTa\x00\xe0\x9c\xfb\xa4\
s\xde\xedv\xf7\xb7Z\xado\xff\x08\xe0\x80\x88|\x01\
\xf0\x99\x99\x0f\x0dU`\xee\x00s\xbf\x82\x19\x9b\xb0T\
\x0f\xe4=3\xb2\x09\xfb\xf3[j\x0cc\x9a0z\x0c\
\xf3\xa6\x1b#D=\x11\xb2\xd6\xaa\xb8\x9c\x15\x91L\x15\
\xb1\x08\xa0\x0aHD*`\xcfu\x13\x8e\x11\xa3\xc9B\
T\x18\xc9\xddR\x9c\x03\xe4\xdb\xae\x1dBX\xce%W\
%\xda\x18\xa3B\xa3\xfb\xa2\xb7-\x0b\x00\xe5\xa48B\
\xe7{\x81\x00\xa8\xde\xeb\xaf\x9e\xfc\xb9\x076m_\x8c\
\x95\xe2\x98\xd9\xef/\x9b\x1c\xa2\xf8I\xe9\xe0C:\x10\
\x13<\xb7\x19\x011S\xf0\x99\x01\xf4\xc3>\xc4\xa6>\
\x87\x10V\xcb\x94\xfd\x8f\xae\xa0L\xa5bl\xa3\xb6^\
\x8c\xa3Ym\xf6\x00\xe6^\x81_:VX0Z,\
\x94Y\x00\x00\x00\x00IEND\xaeB`\x82\
\x00\x00\x02Z\
\x89\
PNG\x0d\x0a\x1a\x0a\x00\x00\x00\x0dIHDR\x00\
\x00\x00\x1c\x00\x00\x00\x1c\x08\x06\x00\x00\x00r\x0d\xdf\x94\
\x00\x00\x00\x01sRGB\x00\xae\xce\x1c\xe9\x00\x00\x02\
\x14IDATHK\xed\x96K\xa8\x8eQ\x14\x86\x9f\
w$1%\xb7\x01\x13IQ\x8e\x90\x11\x87\x92\x9c\x89\
K\x0cd\xe06p\x19H\x98)G\x8e\x89\x5c2p\
\x19\xb8\x94\x81\x99\xcb\x80#\x03\x1c#\xb7\x90\x14)\x03\
E\x113\x99(\xf5jk\xfd\xfa\xfa}g\x7f\xfb?\
\x07\x13\xf6\xeck\xaf\xb5\x9e\xbd\xde\xfd\xee\xbd?\xf1\x97\
\x87\x86\xc2\xb3=9\xe5Iz\xd3i~1\xd0\xf6\x08\
`'\xb0\x16\x98\x11\xa0\xe7\xc0E\xe0\x98\xa4\xaf%\xf0\
\x22\xa0\xed\xd1\xc0]\xa0k\x90\xa2O\x80\x05\x92\xbe4\
AK\x81\xa7\x80-\x0d\xc5NK\xda:l\xa0\xed1\
\xc0\xc7\xa6B1?V\xd2\xa7\x5clc\x87\xb6\x93\x8c\
\x8f\x0b\x81\xb3%%y\x07\x1d%\xc0\x85\xc0\x9dB`\
\xb7\xa4\x81\xff\xc0\xacZ\xb6\xff\xac\xa4\xb6/\x00\xd3\x80\
\xf5\x92^\x0c\x05h{*p\x13x$iM\xb5\xa3\
_Lc\xfb\x1d0\x11\xd8(\xe9\xbc\xedY@\xd6y\
\x95\x82]\x92\x9e\xda\xde\x00\x9c\x03\xdeK\x9a\xd0\x04\xbc\
\x04\xac\x04NJ\xdan{\x5cJ,t\xe9xI\x1f\
l\x9f\x00\xb6\x01\xfd\x92z\x9a\x80{\x81\x03!\xc7\xdc\
\x14l;\x1d\x8b\xb4\x97\xb91 \xa9;\xe2\x1f\x02s\
\x80\x83\x92R\xbd\x9f\xa3N\xd2\xe5\xc0\x95\x88X*)\
\xedE\x82:{\xbe\xa4\x1f\xb5l\xcf\x03\xeeG\xec*\
I\x97\xb3\xc0H\xba\x05,\x02^J\x9a\xdeJ\xb0}\
\x18\xd8\xd5\x06>\x22iw%\xa6\xa5\xc6mI\x8b\xdb\
\x17Y{\xd3\xd8^\x06\x5c\x8f\xe0^I\xfb+\x05\xd3\
\x02\xe6\xc7\xf7\xbd\xe4\xe4\xca\xdc>\xa07\xbe{$\xf5\
\x17\x01\xa3\xcb3\xc0\xa6HH\xb2\xee\x90\xf4\xaaN\xd6\
8:\xc7\x81\x991\x7fV\xd2\xe6\xba\xd8\xec]j{\
\x0fp(\x12?\x037\x80\xd7@zx\xbf\xc5yM\
\x1d\xaf\x00F\xd6)R\xdcaE\xa6%@_\xb8.\
\xe7\x9b\x07)N\xd2\xb5\xac\xb9r\x93\xd59\xdb\xc9\x00\
\xeb\x80\xd5\xc0\xa8J\xd7G\x81\xab\x92\x9e\x95\xd4j|\
\x9e\xda\x8b\xb4]u\x8d\xcfQ\xc7\x92\xfe\x93\xc0I\xc0\
\xdb\xe8|J\xa7\xff\xa6\x1d\xefa\x891~\x8bK\x87\
\x0bj\xe5\x7f\x07{\x1f\xd2\x1dc\x92\x96\xe8\x00\x00\x00\
\x00IEND\xaeB`\x82\
\x00\x00\x040\
\x89\
PNG\x0d\x0a\x1a\x0a\x00\x00\x00\x0dIHDR\x00\
\x00\x00\x1c\x00\x00\x00\x1c\x08\x06\x00\x00\x00r\x0d\xdf\x94\
\x00\x00\x00\x01sRGB\x00\xae\xce\x1c\xe9\x00\x00\x03\
\xeaIDATHK\xad\x96]l\x14U\x14\xc7\xff\
\xe7\xce\xb61F\x0c\xc6\x8f\x1a\xb4Z\x15\xbb\xd3\x82h\
R\x15\xdc\x0fX\xda\x9d\x81\xd5\xa8\xf8\xd0>c\xd0\x98\
\x18\xa3&J\x8c\x89Q0*\x891&}\xf0A\x02\
\xca\xab\xf0@B\x0c\xd0\x9d\xad[vf\x9b\xda\xf0B\
\xb5t6\xa9\xd8(\x0f\xe0\x83_@\x82\xfb1\xc7\xdc\
i\x87\xcc\xec\xce\xee\x16\xca}\x9a\xc9\xfd\x9f\xf3\xbb\xf7\
\xdcs\xce\xbd\x84e\x8cuSC\xfd\xb5\x1a\x0d\xc3!\
\x9d\x89\xba\x08\xdc%\xcd\x18t\x91\x98/BpVQ\
\xf8\xc8\xec\xa6\xf1\xb3\xed\xdcQ+A\xb4\xa8\x0f\x12\xf3\
[\x00^h\xe7hi\xfe\x18\x13\x8d\x96\xe2\xd9\x1f\x9a\
\xe9C\x81kN?\x7f\xeb\xaa\xabWG\x09xe\x99\
\xa0\x80\x8c\x81\x03\xa5\x84\xf1j\x98m\x03p\xfd\xb4\xde\
]-\xf3Q\x00\x037\x02\xf3l\x0881\x970\x9e\
\xad\xf7\x11\x00\xaa\xa6>\x00\xe2\xd3+\x01\xd5\xdb\xda\x09\
#\xc0\xb8\xf6\xf3\x98\xf9\xdc\x1d\x15\xfcw\x16D\xf7\xde\
L \x98g\xecd\xeeq\xdf\xce\x17?UK\xfb\x16\
\xc0\xceP\x18\xf3\x0c\x0b:C\xc0\x1f`\x19j\x1e\x00\
h\xd5r\x17\xe6?Sw\x87jA\xdb\x09\x01\x09\x0c\
\x0e\xe6\x198\xb4\xdb\xdebd\xfd\x13\xbd\xf9\xd4]B\
\x89\xbc\xc4\x82v\x10\xd0pNa\x0ba\xa2!\x99\xbd\
\xb4v*s{\xa4Z=\x03\xa0\xc7/d\xc2\xe7\xa5\
\xb8\xf1^\xbb]\xf4\x15\xb5\xc3\xcc\x18n\xa7\x03p\xcc\
N\x18/\x92ZHo\x83\xa0\x93\x01\x03\xc2\x98\x1d7\
\xb6\xbb\xbb/\xa6?\x02S\x8f\x9d0^\x96\xffk\x0b\
\x99\xbb#\xa2z\x10\x82\xf6\xdb\xb1\xec\xf7K\xc7\xf13\
\x80u\xed\xa0\x8a\x10\x8f\x92ji\x9f\x01x?XH\
\xf4\x9a\x9d\xcc\xee\xf7\x9f\xad\x97mj~{\x0f:j\
Ef\xbc]J\x1aG\xa4&j\xe9\xbb\x08|\xa0\x1d\
\x10\x8cwI5\xb5\x22\x081\xbfX\xaed666\
\xdf\xca\x81jj\xa3 \xbc)5\xcc\xfc\x09\x11u\xc3\
my\xe4F&<\xf90IQK\x9f'\xf0#~\
A5\x12\xe9\x9e\xdft\xe2|3;\xd5\xd2\x98\x98\xbf\
\x99K\xe6v\xd5kz\x0b\xfa\x0e!x\x9f<\x8d\x86\
\x1c\x04\xfd\x22Cz\x09\xc0m\x81\x84a\x8cx\xe1\xaa\
7R-\xedS\x08d\xed\x98q\xaa\xd9\x82\xfaM}\
\xa3C\x8e\x11R:\x97C\x81 \xdec\xc7s{\xc3\
\x1c\xaa\x96\xf6\xa1\x9d0>\x96s}\xc5\xf4A\x06~\
\x93\xdahA\x8b\x93\x80\x85\x8a\xf2\x90\xbd\xf5\xe4\x82j\
j\xef\x80\xf0E\x9d\x8f\xcb\xa1!uE!P\xf5\xc7\
\xa1;\xb9,\x06\xbd\xdd\xbb\xd7V\x85\xee\xb1\x93\xb9\x09\
7\xc1\xcct\xca\xfb^\xdc%O\x05\x22\xe7\x864$\
i\xae\x89\xea\xa0\xbdy]U\x22\xb5\xfb\xe7\x92\xe3\xb9\
v\x19\xd9;9x\x9fp\x94`\x1e0&\xc3\xcb\xc2\
\xf3&(\x8e\x1a?\x03\xc2ff>OB\xb66\xba\
`'\x8c\xaf\xdb\x01\x97\xeawO\xb0\xdcdY\x84\x15\
\xfe\xa2\xca`\xe0)\x02V\xfb\x8d\x880-Hdf\
cc\x7f6\x83\xae\x9f\x1a\xea\xaaV(\x0b\xa2\x0d\xf5\
\xe5\xe6\xb5\xb6\x9f\x00<\xd0n\xd5\xbe\xf9\xa3J\xc4\xf9\
\xa0\xd9\x93B\xb5\xb4<\x80T\x9d\xbf\xc5\xd6\xe6f\x9b\
\xa9\xbf\xce\xc4_]\x07PJ\xff\x05\xf1\x97\x04:\xc7\
\x0e\xff.\xdb\x1f\x14~\xd0\x01\x1f\x17,\xa6\x1bj\xd0\
k\xde\xdeD\xd4\xd2\x8e\x13\x90\xb9Nh\x88\x9c/1\
\xc8\xf4\xdf\x22\x0d\xd7\x93\xb4J\xe5S\x91\x0b\x1d\x1d\x95\
\x95\x03\x1b<,\x94o\xe1'\xce=\x99\xfb\xc7\xad6\
\xfft\xbf\x95\x1eq@\xdf\xddT\xa8\xe0\x0dv,'\
s\xc4\x1d\x0d\x8f\xa8\xa5\xa7\xe1\xf8\xca\xa1\x5c\xe2\x0e\x91\
)m\xcc\xfe\x1a\xc8\xf2P\xc7\x87\x87\x95\xbe5\x7f\xed\
c\xd0\xee\x1b\x04\x1f\xea\xbcBo\xccl\xcb^\xa9\xb7\
o\xfd\x10\xb6\xd2#\x04\x92\x9d\xff\xe1e\x82\x17\xe0`\
\xaf\xbd\xd98\xd4L\xdf\x12(\x8dz\xf2\xa9\xd5\x9dJ\
g\x8a\x04\xb6\x10\xf3\xd3aO}&\x9af\x07\xa7\xca\
\xb5\xf2\xc4\xc2\xd6\x89\xbf[-\xee\x7ft\x83\x94v\xa1\
>\xcf\x95\x00\x00\x00\x00IEND\xaeB`\x82\
\x00\x00\x03\xa3\
\x89\
PNG\x0d\x0a\x1a\x0a\x00\x00\x00\x0dIHDR\x00\
\x00\x00\x1c\x00\x00\x00\x1c\x08\x06\x00\x00\x00r\x0d\xdf\x94\
\x00\x00\x00\x01sRGB\x00\xae\xce\x1c\xe9\x00\x00\x03\
]IDATHK\xbd\x96K\xc8\x96U\x14\x85\x9f\
Ud!\x04\x0d\xbaj7%+%*\x94\x06Y\x88\
\x0e\xec~\x83(\x82R*(\xc8Q\x93\xaePZA\
\x19M\x9c\x18dTR\x11Q\x04\x9aEe\x83\x1aT\
\x22\xd8\x9544)+\xe9B\x93\xa0\x06\x12\xc5\x8a%\
\xe7\xfc\xbc\xff\xf7\x9d\xf7\xfb\xfe\xdfA\x07\xce\xe0=\xe7\
\xddg\xed\xb3\xcf\xdako\xf1?\x0fM\x05\xcf\xf6B\
\xe0\x12\xe0j\xe0\x842c\xfa[\x99[\x80\xad\x92>\
\x1bw\xdeH@\xdb+\x80[\x0aX=\xeb_\xe0\x9b\
\xf21\x1f8\xbc\x03\xb2\x15xY\xd2K}\xc0\xbd\x80\
\xb6\xdf\xeb\x00\xad) \x01\xda%)\xa0\xd8\x0e\xd8\x02\
 \xc0\x99\xf9/#\xb7\xbd\xb4\x05\xda\x04\xb4\xfdk\x09\
[Bv\xb7\xa4W\xc7\x85\xaa8p\x13\xb0\xae\xdaJ\
:q\xd0n\x08\xd0\xf6\xb7\xc0\x19\xc0\xbb\x92.\x9f\x0a\
\xd0\xe0?\xb6\xdf\x01.\x03\xf6J\x9a\xd7\xdd\x9f\x04h\
\xfb5\xe0\x06\xe0\x05I\xb7\x1f\x0aX\xb5\xb1\xfd<p\
\x1b\xf0\xba\xa4\x1b\xeb\xfa\x04`!\xc8\x8b-\xaf:\x87\
,\x05\x1e\x03\xce*k\xbb\x81\x87$}\xd8r\xae\x13\
\xad\x95\x95H]\xc0J\x92\x8b%}\xdc\x08\xd3\xa9\xc0\
\x0fe\xfdw\xe0\x08\xe0\x98\xf2}\x9a\xa4\x1f\x1b6\x17\
\x01\x1fuIt\x10\xd0\xf6\x85\xc0'a\x99\xa4Gz\
\xbc}\x0b\xb8\x12\xb8\x0b\xd8(\xe9\x80\xed;\x81g\x80\
\xb7%]\xd5c\xb7\xba\xb0w\xb1\xa4m\x15\xf0q\xe0\
\x01\xe0fI\xaf4<=\x1d\xf8\x1e\xd8-\xe9\xec\xee\
\xbe\xed\x0f\x80\x84z\x8e\xa4}\x0d\xdbk\x81M\xc0\x13\
\x92\x1e\xac\x80\x09\xe1b`\xa1\xa4\xcf\x1bF90\x07\
\x0fE\xc0v\xdd[\xd6zK\xdb\xc7\x175\xda!\xe9\
\x82\x0a\xb8\x17\xc8-\x8e\x92\xf4O\x03\xf0$\xe0g`\
'\x907\xfe\xa3C\xa4O\xe3(0K\xd2/=a\
\xfd\x1a\x98'\xe9\xc8\x0a\xf8'\xf0\x93\xa4\xa8Fs\xd8\
~\xb3h\xe9F\xe0\x0d\xe0\xafB\xfb\x95\xc0\x16I\xd7\
\x8c\xb0}\x0eH\x9a-\xe8\x02\xe6\xca\xcbF\xe5\x9e\xed\
\xbcc\x22\xd1\x1d\xfb$\xcd\x19c\xb7\x01\xb8\xa3\x0b\x98\
\x90\xe6\x86#\x01\x0b\xa3\x9f\x04\xce,\x00{$\xdd7\
\x0a\xac\xd8|\x11\xad\xed\x864\xa49Z\xd2\xb9\xe3\x8c\
\xa7\xbbo\xfbX y;\x894\xf7\x87\xb6\xc0\xf9\x92\
\xbe\xecy\xf8\xe3\x80S\x80\x93;aM\x1a\xec/\xd1\
\xc9\xa1C\xc3\xf6\x15\xc9\xd3\xa4\x9d\xa4\xb5\xf5\x0d\xc3\xb2\
\xb0\xadE\xfb\xdc\xfaa\xe0\xfa1\xb7\x0b\x91\x1e\x95\xf4\
\xd5@\x9e\xd6\xc4_\x94\x02=(m\xc9\xa9%\x92\xb6\
\x97\xd8\xd7\x9f\xf3\x19\x87r\xfb\xe8g\xde<#U%\
\xbaz\x1e\xb0\xa8\xacM8m;\xca\x14\x85\x9a\xa8\x8f\
-\xf1\xde,\xe9:\xdb\x09at\xf00\xe0)Ia\
Z\xef(2w\x0f0S\xd2l\xdbasZ\x8fs\
\x80a\xf1.7\xaa\x02\xfe,\x10f\xadO\xeeI\x8a\
\x97c\x87\xed\xe8i@\xee-\x9d\xc0\xad\x83\xd5\xbfU\
\x80k\xb5O\xc9Y*iJ\x8dV\xf5\xc6\xb6\x8b*\
\xcd\x8a\xa4\x0dV\xfd\xbe\x16\xa3V\xfd\x9c\xd3,W=\
\x8c\xac\xe5(\xdbC\xd5>\x8b\xa3\x9a\xa8Z\xfd\xf3_\
\xaa\xf7\xd3\x92B\x9c\x16\xf5C\x98UE\xbe\xb2?\xa9\
\xcaw\x0d\xa6\xdb&~\x07d\xee)\x87Dq\xe6\x96\
\x99\xa5Co\x13\x07r)\x05:M\xf0r y9\
\xa3\xec\xff\x0d$\xef\xde/\x02\xbem\x1c\xb3\xa6E\x88\
\x0e1\xd2\x83\x22\xa96\xc4\xe3p&\xf6\xff\x03\xe9f\
lx\x8e\x09\x0a.\x00\x00\x00\x00IEND\xaeB\
`\x82\
\x00\x00\x03\x22\
\x89\
PNG\x0d\x0a\x1a\x0a\x00\x00\x00\x0dIHDR\x00\
\x00\x00 \x00\x00\x00 \x08\x06\x00\x00\x00szz\xf4\
\x00\x00\x00\x01sRGB\x00\xae\xce\x1c\xe9\x00\x00\x02\
\xdcIDATXG\xc5\x97=h\x14A\x14\xc7\xff\
o\xcf\xd3\x14*\x16'V\x0a\xea\x15\x9a\x99\x85\x14A\
\x89\x16\x1eZ\xf8\x85h\x14\x14\xb5\x12\xac\xb4\x89\x88B\
\xac\xb41\x88\x886\xda\xd8Xh\xa1\xe2\x07\x8a_\x85\
r\x16j\xd0&\xe4f\x92+.*)\x94`\x0aQ\
\x8b\xe8\xed\xed\x93\x09\x97p\xb9\xdb\x9d\xd9\x84\xc0\x0el\
\xb5\xff\xf7\xdeo\xe6\xcd\xbc7CHyP\xca\xf1\x91\
\x18\xa0\xa3\xa3cY\xadV+\x00\xd8\xc2\xcc\x1b\x00\xac\
\xa8\x7ff\x0ec\xe6#\xa2\x8f\x00\xdef2\x99\xe2\xc0\
\xc0\xc0\xcf$\x93K\x04 \xa5<\x08\xa0\x0f\xc0\x9a$\
N\x01|\x06\xd0\xab\x94\xba\xe7\xd2\xbb\x002RJ\x13\
\xf8\x8c\xcbQ\xcc\xff\xcbJ\xa9^\x00\xb58\xfbX\x00\
!\xc4V\x22z=\xc7\xc03\xcc\x98y\x9b\xd6\xfaM\
\x94\xafH\x80\xfa\x92\xdf\x9d\x8f\xe0\x0d>\x0eE\xa5\xa4\
\x05\xa0P(,\x18\x1f\x1f\xaf\xces\xf0Iw\xb9\x5c\
.[,\x16\x83F\xdf-\x00B\x88\xe7D\xb4\xd3\x01\
p\x9f\x88\xcc\xf7\xc1\xe8\x98\xb9\x0b@73\x1f\xb6\xd9\
1\xf3\x0b\xad\xf5\xaeX\x00!\xc4\x09\x22\xba\xee\x0a\xae\
\x942\xa7\xa2e\xf8\xbe\x7f\x95\x99{\x1c\x10'\xb5\xd6\
7\xa64\xd3+\x90\xcf\xe7\x97\xb6\xb5\xb5\x95\x00\xac\x8a\
\xdd\xb1D\xdf\x82 \xe8\x1c\x1e\x1e\xfe\x1e\xa7\xf1}\xbf\
\x9f\x997Z F'&&\xfcJ\xa5\xf2\xcbh\xa6\
\x01\x84\x10\xdb\x89\xe8\xa5c\xf6\xe7\x95R\x17l\x1a!\
\xc4Y\x22\xba\xe4X\x85\x1dZ\xebW3\x00\xa4\x94\x17\
M\xf1\xb0\x19z\x9e\xd7588\xd8o\xd3H);\
\x01|rL\xa4O)u\xae\x19\xe0\x1d\x80M6\xc3\
 \x08V\x97\xcb\xe5\xaf\x0e\x80\x95\x00F\x1d\x00\xef\x95\
R\x9b\x9b\x01*\x00\xd6\xda\x0c\xc30\x5c444\xf4\
\xcf\xa6ioo_\xe8y\xde_\x07\xc0\x88R*\xdf\
\x0c\xf0\x1b\xc0b\x8b\xe1c\xa5T\xb7\xc3\xf1\xe4o)\
\xe5#\x00\xfb,\xda?J\xa9%\xb3\x05\xd8\xaf\x942\
\x8e\x9dCJi@\x1f\xce\x16\xc0\x96\x82\x91\x5c.\xb7\
\xae\xb9\x8a\xc5\x05\xa8W\xd3\xb2%\xa5\x91)\x88\xdd\x84\
\xcc|Kk}\xcc9\xf5\x06\x81\x10\xe2\x0e\x11\x1d\x89\
\xb1\x89\xdc\x84\xb6c\xd8\xc3\xcc_\xb4\xd6O\x92@\xf8\
\xbe\xbf\x17\xc0zf6\xad<j\xb4\x1eCG!\xda\
\xc3\xccW\x00\xec\xd6Z\x9bT\xc5\x0e!\x84\xd9\xdd\xcf\
\x88\xe84\x80\xa7QBfn-D\x8eR\xfc\x00\xc0\
\x01\x22\xbaV*\x95N9\xea\xc0M\x00\xc7\x01L\xda\
Dh\xa3K\xb1\x11&lF\xb1\xa7\xc1\xf7\xfd\xa3\xcc\
|\xdb\x06\xc8\xcc\xd1\xcdh\xca\xc8\xd6\x8e\x89\xa8\xe0y\
^\xa5Z\xad\xfe\xf0<o\xc6\xa54\x0c\xc3\xb1l6\
\xbb<\x0c\xc3<3\x17c\x96\xde\xde\x8e\x8dQ\xea\x17\
\x92z%3\xfd>\x9d+YC*\xd2\xbb\x946\xe4\
/\xbdky\xe3&J\xf3a2\xcd\x91\xea\xd3,I\
\xf9\x9d\xab\xc6\xf54\x9b\xab\xdf\xc4v\xff\x01\xf9KR\
0\xde\xae\xd24\x00\x00\x00\x00IEND\xaeB`\
\x82\
\x00\x00\x02\xab\
\x89\
PNG\x0d\x0a\x1a\x0a\x00\x00\x00\x0dIHDR\x00\
\x00\x00\x1c\x00\x00\x00\x1c\x08\x06\x00\x00\x00r\x0d\xdf\x94\
\x00\x00\x00\x01sRGB\x00\xae\xce\x1c\xe9\x00\x00\x02\
eIDATHK\xed\x96=\x8cLQ\x14\xc7\xff\
\xe7\xdd\x91lT\xa6\x99\x97{v\x96-T\x88\x02\x15\
\xcd\xd2\xe9X\xbbB\x04\xab\xf1Q)D\xb1\xd5\xaeF\
%\xa2\x10B\xc3Fl\xe1c\xe9tv\xabm\xd0\xa1\
\x10\x11\xcc\xcc\xbdy\xd3\x8cJ&\x99\xbd\xef\xc8\x9d\xcc\
\x9b<\xf3=![\xcd\xab\xe6\x9d\xaf\xdf\x9d\xf3u\x1f\
a\x93\x1f\xdad\x1eF@Xk'\x01\x9c\xf7\xa9\x17\
\x11\xcb\xcc\x0f\xd3e0\xc6\x5c$\x22\xdd\x90-i\xad\
\xbf\xf7*S\xcf\x94\x96\xcb\xe5\x9d\xce\xb9W\x22\xb2'\
\x09\xe2\x9c;<11\xb1\xe6\xdf\x0b\x85\xc2\x94Rj\
5\xd1\x11\xd1G\xa5\xd4\xf1\x5c.\xf7\xb5\x1b\xb4+\xd0\
\x18\xb3\x1d\xc0\x0a\x80\xfdDtRD\xb6\x00x\x0a`\
\xcd9w\xc3\x07TJ-\x00\x98\x0a\x82\xe0\x94\x88\xc4\
\x22\xf2\x0c\xc0\x07\x00\xd3\xcc\xfc\xb3\x13\xb4#0\x8a\xa2\
pccc\x85\x88\x0ez\x98\xd6\xfa\xb9w6\xc6\xdc\
\x03p\xa5%\xd05f\xbe\xede\xd6\xdaY\x0f\x15\x91\
\xf5L&3\x1d\x86a\xd4\x0am\x03V*\x95m\xd5\
j\xf5\xa5\x88\x1cI\xc3\x12\xc7(\x8a\xf6\xd6j\xb5}\
A\x10\xd4\xe28~\x97\xcf\xe7\xbf\xa4\x83&P\x22z\
;66v\x22\x9b\xcd\xfeJ\xeb\xff\x02\x1ac\xb6\x02\
x\x01\xe0h'\xd8\xa03\x9b@\x01\xbc\x010\xc3\xcc\
\xbf\x9buN~\x88\x88\xb2\xd6z\xd8\xb1\x7f\x81%\xf1\
R\xd0\xd7Z\xeb\x19\x22r^\xd7\xfc\x87\xd6\xda\x05\x11\
Y\xfc\x1f\xb0V(\x11-j\xad\xeb\x8d\xd6\x04\x96J\
\xa5\xd3D\xb4\x0c`\x89\x99\xe7\x1aM\xb0KD\xe6\x99\
\xf9\xec \xe9\xf4\x87\x0e\x82\xe0I\x18\x86\xdf\x1aM\xe6\
\xbbv\xb6#\xb0ap\x15\xc0\x1d\x22\xba\x0b\xe0>\x00\
\xdfq\xbb\xd3\xb3\xd7\x0d\x9c\x9a\xc9uf>d\x8c\xa9\
\xc3D\xe4\xd6\xf8\xf8\xf8\xf5\xb6\x1a&\x02c\xccM\x00\
\xf3D\xf4\xc9\xc3\xbc|H\xa0w\xf1c4\x0b\xe0\x01\
3_\xee\xda\xa5)\xe8\x12\x80s\x00.y\xa7!\x81\
u\x1f\x00\xcb\xcc|\xa6\xef\x1c&\x06>E\x8dm\xb2\
:\x0c\xd0\xdbf2\x99\xb2\xd6\xfa\xf3\xc0\x9b&\x0d\xf5\
\xbbrX`\xb2kG\xc0\xb6\x0c$\xad\xbe\xe9)\x8d\
\xe3\xf8\x82\x88\xf4\xbeX\x89&\x83 x\xd4\xefp}\
\xbfi\x8c1\xef\xfd\x9d8\xc8\xa6\xf1w!3\x1f\xe8\
e\xdb\x17\xe8\x9d\x8b\xc5\xe2\x9cRjG\xaf@\xce\xb9\
\x1f\xf9|\xfeq\xbf\x83\x0d\x04\xec\x17d\x18\xfd\x088\
L\xb6\x06\xb2\xfd\x03\xda\xdc_,{\x96\x1e\x09\x00\x00\
\x00\x00IEND\xaeB`\x82\
\x00\x00\x01\xb7\
\x89\
PNG\x0d\x0a\x1a\x0a\x00\x00\x00\x0dIHDR\x00\
\x00\x00 \x00\x00\x00 \x08\x06\x00\x00\x00szz\xf4\
\x00\x00\x00\x01sRGB\x00\xae\xce\x1c\xe9\x00\x00\x01\
qIDATXG\xed\x96\xcd*FA\x18\xc7\x7f\
\xff\xa5r\x0bJY\xb8\x02K.\xc1\xc2E\xf8\xdex\
\xed\x90W\xc8Z>\xa2\x94R\x14r\x01\x885\xa5d\
o'\xb9\x01e\xfbhj\xde:\xe9\xe5\x9d\x993\xaf\
)9\xbb\xd3i\xce\xef7\xcf\xc7\xcc#\x0a?*\xcc\
\xe7_ (\x02f\xd6\x04\xee$]\xe7NY\x8c@\
\x03X\x90\xb4\x9bS\x22F`\xc5\x83\xb7\x80%I\xef\
9DB\x05\x06\x81\x03`\xd8C/\x81EI\x8fu\
%\x82\x04Z\x103\xdb\x03&\xfd\xfb\x1b\xd0\x90tV\
G\x22J\xc0\x81\xccl\x16\xd8\xae@\x97%\xad\xa5J\
D\x0bx\x89\x11\xe0\x10\x18\xf0\xe0\x0b`^\xd2K\xac\
H\x92\x80\x97\xe8\x05N\x80Q\x0f}\x06\xa6$\xdd\xc6\
H$\x0bT\xeab\xdd\x15d\x05:'i3T\xa2\
\xb6\x80\x8f\xc6\x18p\x0c\xf4x\xf0\x110-\xe9\xa3\x93\
H\x16\x01/\xd1\x0f\x9c\x03C\x1e\xfa\x04\x8cKz\xf8\
I\x22\x9b@%%\xfb\xc0D\x05\xda'\xe9\xf5;\x89\
\xbf#`f\xe5R`f\xe5\x8a\xd0\xcc\xca\xb4\xa1\x99\
\xb5;\x88\x5c\xeb\xddtj\xbd\xea\xf7\xa4\x224\xb3r\
Gq\x9b\xcb\xa8)i5f\xd7\xc9\x11hs\x1d\xbb\
\x0b\xe84\x15\xee\xd6\x05\xa5\xc0\xcc\xca\x0e$~(m\
\x8ddn\x16p\xd3\xd0\xaf\x8ed\x1b\xc0\x8c\x07\xef\xd4\
\x09\xf9\xd7\xb5\xa1)pc\xf9\xbd\xa4\xab\x9c\xf0\xe0\x1a\
\xc8\x0dM\xee\x82n\x88\x04\xa5\xa0\x1b\xe0\xd6?\x8b\x0b\
|\x02\xa3\x01\x86![\xa8\xb1\xdc\x00\x00\x00\x00IE\
ND\xaeB`\x82\
\x00\x02\x9bC\
G\
IF89a,\x01,\x01\xf7\xe4\x00\x00\x00\x00\x01\
\x01\x01\x02\x02\x02\x03\x03\x03\x04\x04\x04\x05\x05\x05\x06\x06\
\x06\x07\x07\x07\x08\x08\x08\x09\x09\x09\x0a\x0a\x0a\x0b\x0b\x0b\
\x0c\x0c\x0c\x0d\x0d\x0d\x0e\x0e\x0e\x0f\x0f\x0f\x10\x10\x10\x11\
\x11\x11\x12\x12\x12\x13\x13\x13\x14\x14\x14\x15\x15\x15\x16\x16\
\x16\x17\x17\x17\x18\x18\x18\x19\x19\x19\x1a\x1a\x1a\x1b\x1b\x1b\
\x1c\x1c\x1c\x1d\x1d\x1d\x1e\x1e\x1e\x1f\x1f\x1f   !\
!!\x22\x22\x22###$$$%%%&&\
&'''((()))***+++\
,,,---...///0001\
1122233344455566\
6777888999:::;;;\
<<<===>>>???@@@A\
AABBBCCCDDDEEEFF\
FGGGHHHIIIJJJKKK\
LLLMMMNNNOOOPPPQ\
QQRRRTTTUUUVVVWW\
WXXXYYYZZZ[[[\x5c\x5c\x5c\
]]]^^^___```aaab\
bbcccdddeeefffgg\
ghhhiiijjjkkklll\
mmmooopppqqqrrrs\
sstttuuuvvvwwwxx\
xzzz{{{|||}}}~~~\
\x7f\x7f\x7f\x80\x80\x80\x81\x81\x81\x82\x82\x82\x83\x83\x83\x84\
\x84\x84\x85\x85\x85\x86\x86\x86\x87\x87\x87\x88\x88\x88\x89\x89\
\x89\x8a\x8a\x8a\x8b\x8b\x8b\x8c\x8c\x8c\x8d\x8d\x8d\x8f\x8f\x8f\
\x90\x90\x90\x91\x91\x91\x93\x93\x93\x94\x94\x94\x96\x96\x96\x97\
\x97\x97\x98\x98\x98\x99\x99\x99\x9a\x9a\x9a\x9b\x9b\x9b\x9c\x9c\
\x9c\x9d\x9d\x9d\x9e\x9e\x9e\x9f\x9f\x9f\xa1\xa1\xa1\xa2\xa2\xa2\
\xa3\xa3\xa3\xa5\xa5\xa5\xa6\xa6\xa6\xa7\xa7\xa7\xa8\xa8\xa8\xa9\
\xa9\xa9\xaa\xaa\xaa\xab\xab\xab\xac\xac\xac\xad\xad\xad\xae\xae\
\xae\xaf\xaf\xaf\xb0\xb0\xb0\xb1\xb1\xb1\xb2\xb2\xb2\xb3\xb3\xb3\
\xb4\xb4\xb4\xb5\xb5\xb5\xb6\xb6\xb6\xb7\xb7\xb7\xb8\xb8\xb8\xba\
\xba\xba\xbb\xbb\xbb\xbd\xbd\xbd\xbf\xbf\xbf\xc0\xc0\xc0\xc2\xc2\
\xc2\xc3\xc3\xc3\xc4\xc4\xc4\xc5\xc5\xc5\xc6\xc6\xc6\xc8\xc8\xc8\
\xca\xca\xca\xcb\xcb\xcb\xcc\xcc\xcc\xcd\xcd\xcd\xce\xce\xce\xcf\
\xcf\xcf\xd2\xd2\xd2\xd3\xd3\xd3\xd5\xd5\xd5\xd6\xd6\xd6\xd8\xd8\
\xd8\xda\xda\xda\xdb\xdb\xdb\xdc\xdc\xdc\xdd\xdd\xdd\xde\xde\xde\
\xdf\xdf\xdf\xe0\xe0\xe0\xe1\xe1\xe1\xe3\xe3\xe3\xe4\xe4\xe4\xe5\
\xe5\xe5\xe6\xe6\xe6\xe7\xe7\xe7\xe8\xe8\xe8\xea\xea\xea\xed\xed\
\xed\xee\xee\xee\xef\xef\xef\xf0\xf0\xf0\xf1\xf1\xf1\xf3\xf3\xf3\
\xf5\xf5\xf5\xf6\xf6\xf6\xf8\xf8\xf8\xf9\xf9\xf9\xfb\xfb\xfb\xfc\
\xfc\xfc\xfd\xfd\xfd\xfe\xfe\xfe\xff\xff\xff\x00\x00\x00\x00\x00\
\x00\x00\x00\x00\x00\x00\x00\x00\x00\x00\x00\x00\x00\x00\x00\x00\
\x00\x00\x00\x00\x00\x00\x00\x00\x00\x00\x00\x00\x00\x00\x00\x00\
\x00\x00\x00\x00\x00\x00\x00\x00\x00\x00\x00\x00\x00\x00\x00\x00\
\x00\x00\x00\x00\x00\x00\x00\x00\x00\x00\x00\x00\x00\x00\x00\x00\
\x00\x00\x00\x00\x00\x00\x00\x00\x00\x00\x00\x00!\xf9\x04\x08\
\x08\x00\x00\x00!\xff\x0bNETSCAPE2\
.0\x03\x01\x00\x00\x00!\xff\x0bMGK8BI\
M0000\xff8BIM\x04%\x00\x00\x00\x00\
\x00\x10\x00\x00\x00\x00\x00\x00\x00\x00\x00\x00\x00\x00\x00\x00\
\x00\x008BIM\x04:\x00\x00\x00\x00\x00\xad\x00\x00\
\x00\x10\x00\x00\x00\x01\x00\x00\x00\x00\x00\x0bprin\
tOutput\x00\x00\x00\x04\x00\x00\x00\x00P\
stSbool\x01\x00\x00\x00\x00Inte\
enum\x00\x00\x00\x00Inte\x00\x00\x00\x00\
Clrm\x00\x00\x00\x0fprintSix\
teenBitbool\x00\x00\x00\x00\x0b\
printerNameTEXT\x00\
\x00\x00\x1c\x00B\x00r\x00o\x00t\x00h\x00e\x00\
r\x00 \x00M\x00F\x00C\x00-\x00J\x006\x00\
7\x001\x000\x00D\x00W\x00 \x00P\x00r\x00\
i\x00n\x00t\x00e\x00r\x00\x00\x008BIM\
\x04;\x00\x00\x00\x00\x01\xb2\x00\x00\x00\x10\x00\x00\x00\x01\
\x00\x00\x00\x00\x00\x12printOutpu\
tOpti\xffons\x00\x00\x00\x12\x00\x00\x00\
\x00Cptnbool\x00\x00\x00\x00\x00Cl\
brbool\x00\x00\x00\x00\x00RgsMb\
ool\x00\x00\x00\x00\x00CrnCbool\
\x00\x00\x00\x00\x00CntCbool\x00\x00\x00\
\x00\x00Lblsbool\x00\x00\x00\x00\x00N\
gtvbool\x00\x00\x00\x00\x00EmlD\
bool\x00\x00\x00\x00\x00Intrboo\
l\x00\x00\x00\x00\x00BckgObjc\x00\x00\
\x00\x01\x00\x00\x00\x00\x00\x00RGBC\x00\x00\x00\x03\
\x00\x00\x00\x00Rd  doub@o\xe0\x00\
\x00\x00\x00\x00\x00\x00\x00\x00Grn doub\
@o\xe0\x00\x00\x00\x00\x00\x00\x00\x00\x00Bl  \
doub@o\xe0\x00\x00\x00\x00\x00\x00\x00\x00\x00\
BrdTUntF#Rlt\x00\x00\x00\x00\
\x00\x00\x00\x00\x00\x00\x00\x00Bld UntF\
#Rlt\x00\xff\x00\x00\x00\x00\x00\x00\x00\x00\x00\x00\
\x00RsltUntF#Pxl@X\x1f\
\xa7\x80\x00\x00\x00\x00\x00\x00\x0avectorD\
atabool\x01\x00\x00\x00\x00PgPs\
enum\x00\x00\x00\x00PgPs\x00\x00\x00\x00\
PgPC\x00\x00\x00\x00LeftUntF\
#Rlt\x00\x00\x00\x00\x00\x00\x00\x00\x00\x00\x00\x00\
Top UntF#Rlt\x00\x00\x00\x00\
\x00\x00\x00\x00\x00\x00\x00\x00Scl UntF\
#Prc@Y\x00\x00\x00\x00\x00\x008BIM\
\x03\xed\x00\x00\x00\x00\x00\x10\x00`~\x9e\x00\x01\x00\x02\
\x00`~\x9e\x00\x01\x00\x028BIM\x04&\x00\x00\
\x00\x00\x00\x0e\x00\x00\x00\x00\x00\x00\x00\x00\x00\x00?\x80\
\x00\x008BIM\x04\x0d\x00\x00\x00\x00\x00\x04\x00\x00\
\x00x8BIM\x04\x19\x00\x00\x00\x00\x00\x04\x00\x00\
\x00\x1e8BIM\x03\xf3\x00\x00\x00\x00\x00\x09\x00\x00\
\x00\x00\x00\x00\x00\xff\x00\x01\x008BIM'\x10\x00\
\x00\x00\x00\x00\x0a\x00\x01\x00\x00\x00\x00\x00\x00\x00\x028\
BIM\x03\xf5\x00\x00\x00\x00\x00H\x00/ff\x00\
\x01\x00lff\x00\x06\x00\x00\x00\x00\x00\x01\x00/f\
f\x00\x01\x00\xa1\x99\x9a\x00\x06\x00\x00\x00\x00\x00\x01\x00\
2\x00\x00\x00\x01\x00Z\x00\x00\x00\x06\x00\x00\x00\x00\x00\
\x01\x005\x00\x00\x00\x01\x00-\x00\x00\x00\x06\x00\x00\x00\
\x00\x00\x018BIM\x03\xf8\x00\x00\x00\x00\x00p\x00\
\x00\xff\xff\xff\xff\xff\xff\xff\xff\xff\xff\xff\xff\xff\xff\xff\
\xff\xff\xff\xff\xff\xff\xff\x03\xe8\x00\x00\x00\x00\xff\xff\xff\
\xff\xff\xff\xff\xff\xff\xff\xff\xff\xff\xff\xff\xff\xff\xff\xff\
\xff\xff\xff\x03\xe8\x00\x00\x00\x00\xff\xff\xff\xff\xff\xff\xff\
\xff\xff\xff\xff\xff\xff\xff\xff\xff\xff\xff\xff\xff\xff\xff\x03\
\xe8\x00\x00\x00\x00\xff\xff\xff\xff\xff\xff\xff\xff\xff\xff\xff\
\xff\xff\xff\xff\xff\xff\xff\xff\xff\xff\xff\x03\xe8\x00\x008\
BIM\x04\x00\x00\x00\x00\x00\x00\x02\x00\x098BI\
M\x04\x02\x00\x00\xff\x00\x00\x00\x16\x00\x00\x00\x00\x00\x00\
\x00\x00\x00\x00\x00\x00\x00\x00\x00\x00\x00\x00\x00\x00\x00\x00\
8BIM\x040\x00\x00\x00\x00\x00\x0b\x01\x01\x01\x01\
\x01\x01\x01\x01\x01\x01\x01\x008BIM\x04-\x00\x00\
\x00\x00\x00\x06\x00\x01\x00\x00\x00%8BIM\x04\x08\
\x00\x00\x00\x00\x00\x10\x00\x00\x00\x01\x00\x00\x02@\x00\x00\
\x02@\x00\x00\x00\x008BIM\x04\x1e\x00\x00\x00\x00\
\x00\x04\x00\x00\x00\x008BIM\x04\x1a\x00\x00\x00\x00\
\x03K\x00\x00\x00\x06\x00\x00\x00\x00\x00\x00\x00\x00\x00\x00\
\x01,\x00\x00\x01,\x00\x00\x00\x0b\x00N\x00a\x00m\
\x00n\x00l\x00\xf6\x00s\x00t\x00-\x001\x003\
\x00\x00\x00\x01\x00\x00\x00\x00\x00\x00\x00\x00\x00\x00\x00\x00\
\x00\x00\x00\x00\x00\x00\x00\x01\x00\x00\x00\x00\x00\x00\x00\x00\
\x00\x00\x01,\x00\x00\x01,\x00\x00\x00\x00\x00\x00\x00\x00\
\x00\x00\x00\x00\x00\x00\x00\x00\x01\x00\x00\x00\x00\x00\x00\x00\
\x00\x00\x00\x00\x00\x00\x00\x00\x00\x00\x00\x00\x10\x00\x00\x00\
\x01\x00\x00\x00\x00\xff\x00\x00null\x00\x00\x00\x02\
\x00\x00\x00\x06boundsObjc\x00\x00\
\x00\x01\x00\x00\x00\x00\x00\x00Rct1\x00\x00\x00\x04\
\x00\x00\x00\x00Top long\x00\x00\x00\x00\
\x00\x00\x00\x00Leftlong\x00\x00\x00\x00\
\x00\x00\x00\x00Btomlong\x00\x00\x01,\
\x00\x00\x00\x00Rghtlong\x00\x00\x01,\
\x00\x00\x00\x06slicesVlLs\x00\x00\
\x00\x01Objc\x00\x00\x00\x01\x00\x00\x00\x00\x00\x05\
slice\x00\x00\x00\x12\x00\x00\x00\x07sli\
ceIDlong\x00\x00\x00\x00\x00\x00\x00\x07\
groupIDlong\x00\x00\x00\x00\x00\
\x00\x00\x06originenum\x00\x00\x00\
\x0cESliceOrigin\x00\x00\x00\
\x0dautoGenerated\x00\x00\
\x00\x00Typeenum\x00\x00\x00\x0aES\
liceT\xffype\x00\x00\x00\x00Img\
 \x00\x00\x00\x06boundsObjc\x00\
\x00\x00\x01\x00\x00\x00\x00\x00\x00Rct1\x00\x00\x00\
\x04\x00\x00\x00\x00Top long\x00\x00\x00\
\x00\x00\x00\x00\x00Leftlong\x00\x00\x00\
\x00\x00\x00\x00\x00Btomlong\x00\x00\x01\
,\x00\x00\x00\x00Rghtlong\x00\x00\x01\
,\x00\x00\x00\x03urlTEXT\x00\x00\x00\x01\
\x00\x00\x00\x00\x00\x00nullTEXT\x00\x00\
\x00\x01\x00\x00\x00\x00\x00\x00MsgeTEXT\
\x00\x00\x00\x01\x00\x00\x00\x00\x00\x06altTag\
TEXT\x00\x00\x00\x01\x00\x00\x00\x00\x00\x0ece\
llTextIsHTMLbool\
\x01\x00\x00\x00\x08cellTextTEX\
T\x00\x00\x00\x01\x00\x00\x00\x00\x00\x09horzA\
lignenum\x00\x00\x00\x0fESli\
ceHor\xffzAlign\x00\x00\x00\x07\
default\x00\x00\x00\x09vertA\
lignenum\x00\x00\x00\x0fESli\
ceVertAlign\x00\x00\x00\x07d\
efault\x00\x00\x00\x0bbgColo\
rTypeenum\x00\x00\x00\x11ESl\
iceBGColorType\x00\x00\
\x00\x00None\x00\x00\x00\x09topOut\
setlong\x00\x00\x00\x00\x00\x00\x00\x0al\
eftOutsetlong\x00\x00\x00\
\x00\x00\x00\x00\x0cbottomOutse\
tlong\x00\x00\x00\x00\x00\x00\x00\x0brig\
htOutsetlong\x00\x00\x00\x00\
\x008BIM\x04(\x00\x00\x00\x00\x00\x0c\x00\x00\x00\
\x02?\xf0\x00\x00\x00\x00\x00\x008BIM\x04\x14\x00\
\x00\x00\x00\x00\x04\x00\x00\x00&8BIM\x04\x0c\x00\
\x00\x00\x00\x0d&\xff\x00\x00\x00\x01\x00\x00\x00\xa0\x00\x00\
\x00\xa0\x00\x00\x01\xe0\x00\x01,\x00\x00\x00\x0d\x0a\x00\x18\
\x00\x01\xff\xd8\xff\xed\x00\x0cAdobe_CM\
\x00\x01\xff\xee\x00\x0eAdobe\x00d\x80\x00\x00\
\x00\x01\xff\xdb\x00\x84\x00\x0c\x08\x08\x08\x09\x08\x0c\x09\x09\
\x0c\x11\x0b\x0a\x0b\x11\x15\x0f\x0c\x0c\x0f\x15\x18\x13\x13\x15\
\x13\x13\x18\x11\x0c\x0c\x0c\x0c\x0c\x0c\x11\x0c\x0c\x0c\x0c\x0c\
\x0c\x0c\x0c\x0c\x0c\x0c\x0c\x0c\x0c\x0c\x0c\x0c\x0c\x0c\x0c\x0c\
\x0c\x0c\x0c\x0c\x0c\x0c\x0c\x01\x0d\x0b\x0b\x0d\x0e\x0d\x10\x0e\
\x0e\x10\x14\x0e\x0e\x0e\x14\x14\x0e\x0e\x0e\x0e\x14\x11\x0c\x0c\
\x0c\x0c\x0c\x11\x11\x0c\x0c\x0c\x0c\x0c\x0c\x11\x0c\x0c\x0c\x0c\
\x0c\x0c\x0c\x0c\x0c\x0c\x0c\x0c\x0c\x0c\x0c\x0c\x0c\x0c\x0c\x0c\
\x0c\x0c\x0c\x0c\x0c\x0c\x0c\x0c\xff\xc0\x00\x11\x08\x00\xa0\x00\
\xa0\x03\x01\x22\x00\x02\x11\x01\x03\x11\x01\xff\xdd\x00\x04\x00\
\x0a\xff\xc4\x01?\x00\x00\x01\x05\x01\x01\x01\x01\x01\x01\x00\
\x00\x00\x00\x00\x00\x00\x03\x00\x01\x02\x04\x05\x06\x07\x08\x09\
\x0a\x0b\x01\x00\x01\xff\x05\x01\x01\x01\x01\x01\x01\x00\x00\x00\
\x00\x00\x00\x00\x01\x00\x02\x03\x04\x05\x06\x07\x08\x09\x0a\x0b\
\x10\x00\x01\x04\x01\x03\x02\x04\x02\x05\x07\x06\x08\x05\x03\x0c\
3\x01\x00\x02\x11\x03\x04!\x121\x05AQa\x13\x22\
q\x812\x06\x14\x91\xa1\xb1B#$\x15R\xc1b3\
4r\x82\xd1C\x07%\x92S\xf0\xe1\xf1cs5\x16\
\xa2\xb2\x83&D\x93TdE\xc2\xa3t6\x17\xd2U\
\xe2e\xf2\xb3\x84\xc3\xd3u\xe3\xf3F'\x94\xa4\x85\xb4\
\x95\xc4\xd4\xe4\xf4\xa5\xb5\xc5\xd5\xe5\xf5Vfv\x86\x96\
\xa6\xb6\xc6\xd6\xe6\xf67GWgw\x87\x97\xa7\xb7\xc7\
\xd7\xe7\xf7\x11\x00\x02\x02\x01\x02\x04\x04\x03\x04\x05\x06\x07\
\x07\x06\x055\x01\x00\x02\x11\x03!1\x12\x04AQa\
q\x22\x13\x052\x81\x91\x14\xa1\xb1B#\xc1R\xd1\xf0\
3$b\xe1r\x82\x92CS\x15cs4\xf1%\x06\
\x16\xa2\xb2\x83\x07&5\xc2\xd2D\x93T\xa3\x17dE\
U6te\xe2\xf2\xb3\x84\xc3\xd3u\xe3\xf3F\x94\xa4\
\x85\xb4\x95\xc4\xd4\xff\xe4\xf4\xa5\xb5\xc5\xd5\xe5\xf5Vf\
v\x86\x96\xa6\xb6\xc6\xd6\xe6\xf6'7GWgw\x87\
\x97\xa7\xb7\xc7\xff\xda\x00\x0c\x03\x01\x00\x02\x11\x03\x11\x00\
?\x00\xf2\xa4\x92I%)$\x92IJI$\x92R\
\x92I$\x94\xa4l\x5c\x1c\xdc\xc7\x16\xe2c\xdb\x90\xe1\
\xa1\x151\xcf:\xff\x00P9z\x9f\xd4/\xf1W\x8f\
\xf6z\xfa\xb7\xd6Z\xbdKl\xdbf?Ot\x86\xb1\
\xbfM\xaf\xcco\xe7\xd8\xff\x00\xfb\x8b\xfc\xddl\xfe\x93\
\xeaYg\xa3G\xa6\xd1E\x18\xf56\x9cz\xdbM5\
\x88eu\x80\xd6\xb4x5\x8d\xf6\xb5%?/\xe4\xe1\
fb83.\x8b1\xdcxm\xacs\x0e\x9eO\x0d\
A_Sdc\xe3\xe5R\xea2je\xf4\xd8!\xf5\
X\xd0\xf68x9\x8f\x96\xb9y\x7f\xd7\xef\xf1Y\x8d\
^-\xbdc\xea\xe5f\xb7R\x0d\x998\x00\xcbK>\
\x93\xec\xc4\xdd\xf4\x1f_\xd2\xfb7\xd0}\x7f\xd1\xf6z\
~\x85\xc9O\x94\xa4\x92I)I$\x92JRI$\
\x92\x94\x92I$\xff\xa7\xff\xd0\xf2\xa4\x92I%)$\
\x97\xa0\x7f\x8b\xdf\xf1}OT\xa9\xbdk\xad4\x9c\x22\
H\xc4\xc4\xd4z\xc4\x18u\xd79\xb0\xe6\xe31\xde\xd6\
1\x9e\xfb\xec\xfd\xca\xab\xfd:S\xc4\xe0t\x9e\xa9\xd4\
\x9c[\xd3\xf0\xef\xcb-\xfaB\x8a\xddd\x7f[\xd3k\
\xb6\xab\xb7\xfdP\xfa\xd3\x8e\xcfR\xee\x93\x98\xd6F\xe2\
\xe1K\xdc\x00\x1f\xbf\xb1\xae\xd9\xfd\xb5\xf4\x055\xd5\x8f\
Kq\xf1\xebm\x14V\x22\xbajhc\x1a9\x86V\
\xcd\xacj\x90$\x19\x06\x0f\x92J~f]G\xf8\xb5\
\xe8\x95\xf5\x9f\xad\xb8\xb5\xde\xdd\xf8\xf8\x80\xe5\xdc\xd3\xc1\
\x15G\xa4\xd7L\xeeg\xda\x1fO\xa8\xdf\xf4k\xd4\xbe\
\xb4\xfdK\xe9\x1fY)s\xae`\xc7\xea\x00EY\xcc\
\x10\xe9\xfc\xd6\xe45\xb1\xf6\x9a\xbd\xbf\x9f\xfaV\x7f\x82\
z\xe3?\xc5^\x0eGF\xfa\xf9\x9d\xd33\xc7\xa5\x95\
^%\xb5m\xec\xe7\x0b1\xedk\xab\xfd\xe6YK}\
j\xdd\xfe\x89%>\xc6\x92I$\xa5$\x92I)\xf9\
\xe3\xfcatJ\xff\xfa/\xd6\xbc\xdcj\x19\xb3\x1a\xe2\
21\xdb\x00\x00\xcbF\xf72\xb6\xb6\x1a\xda\xea\xbb\xd5\
\xa6\xbf\xe4V\xb9\xc5\xdd\xff\x00\x8e;\xeb\xc8\xfa\xdf]\
U\x19~>%UZ<\x1c]vG\xfez\xbe\xb7\
.-\xackx\xe7\xc5%!\xd8\xef\x02\x98\x829\x10\
\xac$u\x10u\x09)\xae\x92\x9d\x95\xed\xd4q\xf9\x14\
\x12R\x92I$\x94\xff\x00\xff\xd1\xf2\xa4\x92I%6\
\xbaV\x0b\xba\x8fS\xc4\xe9\xec0\xec\xbb\xab\xa0\x1f\x0f\
Q\xcd\xafw\xf6w/\xa3j\xa6\x9cz\xab\xc6\xc7h\
e\x141\xb5R\xc10\xda\xd8=:\xda'\xf9\x0d_\
>\xfdS\xbe\xbc\x7f\xad\x1d&\xeb#c3(\xdcN\
\x80\x03cA\x7f\xf6>\x92\xfa\x14\x88$\x1eA\x84\x94\
\xb2I$\x92\x94\xb8_\xf1\x88\xe7\xf4>\xab\xd1>\xb7\
\xe2\xb2n\xc5\xb4\xe2\xe46c\xd4\xae\x1dc*\x92\xd7\
\xec\xdfC\xf3)\xf56\x7f\xe7\xb5\xdd.\x0f\xfcqd\
\xd4\xdf\xab\xb8X\xa4\xfe\x96\xec\xcfU\x8d\xf1mUX\
\xcb\x1d\xfd\x97d\xff\xd4\x92\x9fC\xe9\x9dK\x0f\xaa\xf4\
\xfa:\x8e\x13\xc5\x98\xd9,\x0f\xad\xc3\xfe\x93\x1d\x1fF\
\xca\xdd\xfa;\x19\xf9\x96+K\xe7/\xaa\xdf\x5c\xfa\xd7\
\xd5\x8b\x8b\xb0,\x0f\xc6\xb0\xee\xbb\x12\xd95<\xc6\xdd\
\xfaC\xaa\xb7\xfe\x12\xbf\xfa\xe7\xa9_\xb1zN\x0f\xf8\
\xeb\xe8\x16\xd6\xdf\xb7ad\xe2\xdcO\xb8W\xb2\xe6\x01\
\xff\x00\x1a]\x8fg\xfe\x00\x92\x9fDT\xba\xc7V\xc2\
\xe8\xdd6\xfe\xa5\x9c\xfd\x98\xf8\xed\xdc\xe8\x8d\xce?\x99\
Ua\xc5\xbb\xad\xb1\xde\xca\xd7\x0f\x9f\xfe;:\x0dU\
\x9f\xb0ad\xe5\x5c\x08\x81n\xcaXGs\xea5\xd9\
6\x7f\xe0\x0b\xcd>\xb3}o\xeb_Y\xb2\x05\xbdF\
\xd0)\xac\xcd8\xb5\x8d\xb53H\x96\xb7\xdc\xe7\xbf\xfe\
\x12\xd7=\xff\x00\xf5\xb4\x94\x83\xabu\x5c\x8e\xb3\xd5r\
\xfa\xaeO\xf3\xb9v\x17\xed\x99\xda\xde*\xa5\xae\xd3\xdb\
M{*o\xfcZ\xa8\xa3W\xd0\xf9\xa9$\xa5$\x92\
I)DH\x83\xddWVUc\xa9%%)$\x92\
IO\xff\xd2\xf2\xff\xa4\x92I%){\xbf\xd4\x8f\xad\
T\xfdc\xe9\x0cs\xde?ic436\xb2D\x92\
=\xad\xcao\xfc\x1eG\xe7\x7f\xa3\xbb}\x7f\xb8\xbc\x87\
\xa5\xfdO\xfa\xc1\xd5km\xd8\xf8\xa5\x98\xee\xfa7\xdc\
EL \xfeu~\xa9k\xaeo\xfcKl[x_\
Q\xfe\xb8t\x8c\x96g\xf4\xcc\xaa\x19\x97I\x96\x1a\xae\
\xda\xe3\xfc\x9f\xd3\xb2\xba^\xc7~}v\xfe\x8d\xe9)\
\xf6T\x97\x9fW\xfe3z\x8fIsq~\xb5t{\
)\xbbX\xc8\xc7!\xad\xb2#\xdd]V\xee\xa2\xcf\xe5\
YFO\xa6\x8b\x93\xfe8\xfe\xaf6\xa7\x1c\x5c\x1c\xcb\
\xad\x1fE\x96\xfaU4\xff\x00Z\xc6?%\xcd\xff\x00\
\xb6\x92S\xdd\xb9\xcdc\x1c\xf7\xb81\x8c\x05\xcf{\x8c\
5\xad\x1a\xb9\xefq\xfa,j\xf0\xef\xf1\x81\xf5\xa5\x9f\
X\xba\xd6\xecW\x13\xd3\xb0\x9ai\xc4\x99\x1b\xf5\xddv\
N\xc7}\x0f]\xff\x00\xf8\x0dt\xef\xf7\xa5\xf5\xa7\xfc\
`u\xaf\xaclv+\xb6\xe1\xf4\xe2A\xfb%3\xee\
\xdaw3\xed7\xff;\xf4\x97\xedw\xe6\xfb)\xfa\x1f\
\xa1\xf5\x170\x92\x94\x92I$\xa5$\x92I)\x9dn\
\xda`\xf0QUu&\xd8\xe6\xe9\xc8II\x92P\xf5\
\x9b\xe0S\xb4\xbe\xcd+l\xf9\x94\x94\xab\x1d\xb5\xb1\xdc\
\xa0\xa3\xfd\x92\xd3\xa9sg\xe7\xfd\xca\x0f\xc7\xb5\x82b\
G\x88\xd5%#I$\x92S\xff\xd3\xf2\xa5\xdd\xfdC\
\xfa\xa7\x8fu\x03\xadu:\x85\xacq#\x0b\x1d\xe2X\
v\x9d\xaf\xca\xb5\x9f\x9e\xcd\xfb\xab\xa6\xa7\xfe\x7f\xa9\xea\
\x7f\xc2p\xadk\x9e\xe0\xc6\x89s\x88\x00y\x95\xee\x95\
c\xd7\x89Mx\x95iV3\x1bMs\xfb\xb5\xb4V\
\xdf\xfa\x94\x94\xcd\xces\x8e\xe7\x19'\xb9L\x92I)\
\x16^&.v3\xf0\xf3jnF5\x9fJ\xa7x\
\xf1\xbe\xb7}*\xado\xe6Z\xc5\xe4\x7fY\xfa\x05\x9d\
\x07\xa9\xbb\x17q\xb3\x1e\xc1\xeab\xdcD\x17Vt\xf7\
G\xf8Z\x9c=+W\xb0\xaeS\xfcd\xe22\xee\x83\
NT~\x93\x13 4\x1f\x06\x5c\xd7z\x9f\xf4\xe8\xa5\
%>f\x92I\xff$\xa5$\x92I)I$\x92J\
RI$\x92\x99\xd3W\xa8\xf8\xe1\xa3W\x15x\x00\x04\
4@\x1c\x04\x1cV\xc5S\xfb\xc7\xf2#$\xa5$\x92\
I)\xaf\x93H\x83cD\x11\xf4\x80\xff\x00\xaaU\x96\
\x8c\x03\xa1\xe0\xe8~k8\x88$x$\xa7\xff\xd4\xf2\
\xb69\xccp{L9\xa4\x10|\xc2\xf7J\xf2+\xca\
\xaa\xbc\xba\xb5\xab%\x8d\xba\xb2\x7fv\xc6\x8b\x1b\xff\x00\
T\xbc)w\x9fP\xbe\xb5\xe3\xd7Cz'R\xb4T\
\x1aI\xc2\xc8\xb0\xc3\x00q\xdc\xec[^~\x83w\xee\
\xb2\x9b\x1f\xfc\xba\xff\x00\xd1\xa4\xa7\xbbI;\x9a\xe6\x9d\
\xae\x10G \xa6IJ\x5c\xa7\xf8\xc9\xcbe=\x06\x9c\
Y\xfd&^@-\x1f\xc8\xa5\xae6\x7f\xd3\xbe\x95\xd3\
eeb\xe1c?/6\xd6\xe3\xe3W\xf4\xed\x7f\x13\
\xfb\x8co\xd2\xb2\xd7~eL\xf7\xaf$\xfa\xd1\xf5\x82\
\xce\xbd\xd4\xceN\xd3^5C\xd3\xc5\xa4\x99-\xac\x19\
\xdc\xf8\xf6\xfa\xb6\xb8\xfa\x96\xa4\xa7!$\x92IJI\
$\x92R\x92I\xff$\x94\xa4\x92I%6\xf1]5\
Gv\x9f\xca\x8c\xa8\xd3o\xa6\xf9\xe5\xa7G\x05x\x10\
\xe1\xb9\xa6A\xe0\xa4\xa5$\x92I)R\x06\xa7\x81\xa9\
\xf9,\xe2d\xcf\x8a\xb3\x93p\x8fM\xa6g\xe9\x1f\xfb\
\xea\xac\x92\x9f\xff\xd5\xf2\xa4\x92I%;]+\xeb\x8f\
\xd6\x0e\x97[h\xa3'\xd4\xc7f\x8d\xa2\xf0-c@\
\xfc\xda\xfdO}L\xfeE/\xadk\xd3\xfe0~\xb4\
f\xbf\xec\xf8\x98\xd8\xc2\xe7p\xe6VI\x00~w\xe9\
\xed\xb2\xa6\xff\x00m\xab\x8e]\xb7G\xe9\xcd\xe9\xf8m\
a\x1f\xa7\xb4\x07\xde\xee\xf2um_\xd5\xab\xff\x00>\
$\xa4Y]+7\xaaX/\xeb\x9dB\xdc\xabG\xd1\
ep\xda\xd9?I\xb5\x02\xdfM\x9f\xf5\xaa+B\x7f\
\xd5^\x98\xe1\xec}\xcc=\x8e\xe6\xb8\x7f\x9b\xb1\x9f\xf5\
Ka$\x94\xf1\xddO\xa0e\xe04\xdc\xd2/\xc7\x1c\
\xd8\xd1\x05\xbf\xf1\xb5\xfeg\xf5\xbe\x82\xcc^\x89\xf8\xce\
\x84\x1dA\x07\xb1\x5co^\xe9\xad\xc0\xcd\xfd\x10\x8c{\
\x86\xfa\x871\xd9\xff\xf5\xff\x00a\xdf\xf4\x12S\x9a\x92\
I$\xa5$\x92I)J\xde7N\xb6\xe6\x87\xb8\xfa\
u\x9e\x09\xd4\x9f\xea\xb5.\x9d\x8c\xdb\xad.x\x9a\xeb\
\xd4\x8f\x12~\x8bV\xbf))\xa6:V0\x1a\xb9\xe4\
\xf8\xc8\x1f\xf7\xd2\xa0\xee\x9a\xfa\xe5\xd8\xd6\x99\xfd\xc7\xf7\
\xfe\xd7\xd1W\xd2IN+\xf2/\xad\xc5\x8fh\x0en\
\x84\x10A\xfc\xa8o\xc8\xb5\xe2\x09\x81\xe04Z\x9dC\
\x1c]I\xb0\x0f\xd2T$\x1f\x16\x8f\xa4\xdf\xfb\xf2\xc7\
IJI$\x92S\xff\xd6\xf2\xa4\x92I%'\xe9\xec\
k\xf3\xf1\x98\xef\xa2\xebX\xd7|\x0b\x80]\xf3\x8c\xb8\
\x93\xdc\xaf<\xae\xc7Wcla\x870\x874\xf9\x83\
!w\xf4\xdf^M,\xc9\xab\xf9\xbb\x9b\xbd\xbeS\xf4\
\x9b\xfd\x87{\x12S4\x92I%)a\xfdmcN\
\x1e=\x87\xe96\xc74\x1f'4\x13\xff\x00P\xb7\x17\
?\xf5\x89\xdfl\xcf\xc5\xe9\x95\x9fs%\xd6\x1f\xdd/\
\x8e\x7f\xe2\xe9g\xa8\x92\x9c\x5c\x1e\x9b\x91\x9aI\xae\x1b\
[L:\xc7p\xff<\xbf\x94\xe5\xafW@\xc1`\xfd\
#\xac\xb5\xdd\xcc\x86\x8f\xf3a\xdf\xf5kB\xba\xeb\xaa\
\xb6\xd5P\xdb[\x044\x7f\x7f\xf2\x9d\xf9\xcaI)\xcd\
\xb7\xa0`\xbc~\x8d\xd6T\xee\xc6C\xc7\xf9\xbe\xdf\xfa\
\xb5\x91\x9d\xd3\xb20\x9c=@\x1d[\x8c6\xc6\xf0|\
\xbf\x92\xe5\xd4\xa8\xd9]wV\xea\xad\x1b\xabx\x87\x0f\
\xe2?\x94\xdf\xcdIN'J\x00b\xb8\xf7/3\xf2\
\x0dW\x15<6\x9ck\xef\xc1\xb0\xfb\x98\xed\xcd>#\
\xc7\xfbL\xd8\xf5q%)$\x92IJ\x02L\x1e\x0e\
\x85s\xa7\x95\xbd\x91h\xa6\x87\xda{\x08o\xf5\x8f\xd1\
X))I$\x92J\x7f\xff\xd7\xf2\xa4\x92I%)\
ktN\xb8\xec\x02h\xbc\x1b1^f\x07\xd2c\xbf\
~\xbf\xeb~{\x16JI)\xef\xf1\xb2q\xb2\xdb\xbf\
\x16\xd6\xdc<\x1a}\xc3\xfa\xd5\x9f\xd27\xfc\xd4b\xd7\
\x01$@\x1c\x93\xa0\xfb\xca\xf3\xa0H2\x0c\x11\xdd;\
\xac{\xe09\xc5\xd1\xc4\x99IO[\xd4\xbe\xb0\xe2b\
0\xb3\x19\xcd\xc8\xff\xc9#\xda[\xadm\xfeS\xdd\xfe\
\x13\xfa\x8cX\xdd\x0d\xce\xbb\xa9Yu\xa4\xbe\xc2\xc7\xbc\
\xb8\xf2\x5c\xe2\xdd\xce\xff\x00\xa4\xb2\x95\xbe\x95\x92\xdcl\
\xea\xde\xf3\x0ct\xb1\xe7\xc0;\xdb\xbb\xfb?I%=\
BI\x10A\x83\xc8I%)$\x92\x00\x93\x03\xbaJ\
p:\xeb\x8d]E\x96Vv\xbf\xd3k\xa4x\x89o\
\xfdKQ1\xfa\x85\x17\x00\x1eEVw\x07F\x9f\xea\
\xbb\xff\x00$\xa8\xf5L\x96\xe4\xe7Yc\x0c\xb0C\x18\
|CF\xdd\xdf\xda\xfaj\xaaJz('Q\xa8\xf1\
\x08v\xdfM\x22mxo\xf2yw\xf9\xab\x06H\xe0\
\xa4\x92\x9b\x19\x99\x8e\xc9p\x00m\xad\xbfE\xbf\xf7\xe7\
\x7f)WI$\x94\xa4\x92I%?\xff\xd0\xf2\xa4\x92\
I%)$\x92IJI$\x92R\x92I$\x94\xec\
\xf4\xce\xb4\xc61\xb8\xf9d\x80\xd1\x0c\xb4\x09\x80?6\
\xc1\xff\x00~[5\xb9\x96\xb7uNm\x8d\xf1a\x0e\
\x1f\xf4W\x1a\x90$\x19\x1a\x14\x94\xf6V9\x957u\
\xaemm\xf1y\xa9\x0d\x1f\xf4\x967S\xebL}n\
\xc7\xc4\x92\xd7\x08\xb2\xd2\x22A\xfc\xda\xc7\xfd\xf9c\x12\
I\x93\xa9I%)$\x92IJI$\x92R\x92I\
$\x94\xa4\x92I%?\xff\xd98BIM\x04!\x00\
\x00\x00\x00\x00U\x00\x00\x00\x01\x01\x00\x00\x00\x0f\x00A\
\x00d\x00o\x00b\x00e\x00 \x00P\x00h\x00o\
\x00t\x00o\x00s\x00h\x00o\x00p\x00\x00\x00\x13\
\x00A\x00d\x00o\x00b\x00e\x00 \x00P\x00h\
\x00o\x00t\x00o\x00s\x00h\x00o\x00p\x00 \
\x00C\x00S\x005\x00\x00\x00\x01\x008BIM\x04\
\x06\x00\x00\x00\x00\x00\x07\x00\x08\x00\x00\x00\x01\x01\x00\x00\
!\xff\x0bICCRGBG1012\xff\x00\
\x00\x0cHLino\x02\x10\x00\x00mntrR\
GB XYZ \x07\xce\x00\x02\x00\x09\x00\x06\x00\
1\x00\x00acspMSFT\x00\x00\x00\x00I\
EC sRGB\x00\x00\x00\x00\x00\x00\x00\x00\x00\
\x00\x00\x01\x00\x00\xf6\xd6\x00\x01\x00\x00\x00\x00\xd3-H\
P  \x00\x00\x00\x00\x00\x00\x00\x00\x00\x00\x00\x00\x00\
\x00\x00\x00\x00\x00\x00\x00\x00\x00\x00\x00\x00\x00\x00\x00\x00\
\x00\x00\x00\x00\x00\x00\x00\x00\x00\x00\x00\x00\x00\x00\x00\x00\
\x00\x00\x11cprt\x00\x00\x01P\x00\x00\x003d\
esc\x00\x00\x01\x84\x00\x00\x00lwtpt\x00\
\x00\x01\xf0\x00\x00\x00\x14bkpt\x00\x00\x02\x04\x00\
\x00\x00\x14rXYZ\x00\x00\x02\x18\x00\x00\x00\x14g\
XYZ\x00\x00\x02,\x00\x00\x00\x14bXYZ\x00\
\x00\x02@\x00\x00\x00\x14dmnd\x00\x00\x02T\x00\
\x00\x00pdmdd\x00\x00\x02\xc4\x00\x00\x00\x88v\
ued\x00\x00\x03L\x00\x00\x00\x86vie\xffw\
\x00\x00\x03\xd4\x00\x00\x00$lumi\x00\x00\x03\xf8\
\x00\x00\x00\x14meas\x00\x00\x04\x0c\x00\x00\x00$\
tech\x00\x00\x040\x00\x00\x00\x0crTRC\
\x00\x00\x04<\x00\x00\x08\x0cgTRC\x00\x00\x04<\
\x00\x00\x08\x0cbTRC\x00\x00\x04<\x00\x00\x08\x0c\
text\x00\x00\x00\x00Copyrigh\
t (c) 1998 Hewle\
tt-Packard Compa\
ny\x00\x00desc\x00\x00\x00\x00\x00\x00\x00\x12\
sRGB IEC61966-2.\
1\x00\x00\x00\x00\x00\x00\x00\x00\x00\x00\x00\x12sRG\
B IEC61966-2.1\x00\x00\
\x00\x00\x00\x00\x00\x00\x00\x00\x00\x00\x00\x00\x00\x00\x00\x00\
\x00\x00\x00\x00\x00\x00\x00\x00\x00\x00\x00\x00\x00\x00\x00\x00\
\x00\x00\x00\x00\x00\x00\x00\x00\x00\x00\x00\x00\x00\x00\x00\x00\
XYZ \x00\x00\x00\x00\x00\x00\xf3Q\x00\x01\xff\x00\
\x00\x00\x01\x16\xccXYZ \x00\x00\x00\x00\x00\x00\x00\
\x00\x00\x00\x00\x00\x00\x00\x00\x00XYZ \x00\x00\x00\
\x00\x00\x00o\xa2\x00\x008\xf5\x00\x00\x03\x90XYZ\
 \x00\x00\x00\x00\x00\x00b\x99\x00\x00\xb7\x85\x00\x00\x18\
\xdaXYZ \x00\x00\x00\x00\x00\x00$\xa0\x00\x00\x0f\
\x84\x00\x00\xb6\xcfdesc\x00\x00\x00\x00\x00\x00\x00\
\x16IEC http://www.\
iec.ch\x00\x00\x00\x00\x00\x00\x00\x00\x00\x00\
\x00\x16IEC http://www\
.iec.ch\x00\x00\x00\x00\x00\x00\x00\x00\x00\
\x00\x00\x00\x00\x00\x00\x00\x00\x00\x00\x00\x00\x00\x00\x00\x00\
\x00\x00\x00\x00\x00\x00\x00\x00\x00\x00\x00\x00\x00\x00\x00\x00\
\x00\x00\x00\x00\x00desc\x00\x00\x00\x00\x00\x00\x00\
.IEC 61966-2.1 D\
efault RGB colou\
r space - sRGB\xff\x00\
\x00\x00\x00\x00\x00\x00\x00\x00\x00\x00.IEC 6\
1966-2.1 Default\
 RGB colour spac\
e - sRGB\x00\x00\x00\x00\x00\x00\x00\x00\
\x00\x00\x00\x00\x00\x00\x00\x00\x00\x00\x00\x00\x00\x00de\
sc\x00\x00\x00\x00\x00\x00\x00,Refere\
nce Viewing Cond\
ition in IEC6196\
6-2.1\x00\x00\x00\x00\x00\x00\x00\x00\x00\x00\x00\
,Reference Viewi\
ng Condition in \
IEC61966-2.1\x00\x00\x00\x00\
\x00\x00\x00\x00\x00\x00\x00\x00\x00\x00\x00\x00\x00\x00\x00\x00\
\x00\x00\x00\x00\x00\x00view\x00\x00\x00\x00\x00\x13\
\xa4\xfe\x00\x14_.\x00\x10\xcf\x14\x00\x03\xed\xcc\x00\x04\
\x13\x0b\x00\x03\x5c\x9e\x00\x00\x00\x01XYZ \xff\x00\
\x00\x00\x00\x00L\x09V\x00P\x00\x00\x00W\x1f\xe7m\
eas\x00\x00\x00\x00\x00\x00\x00\x01\x00\x00\x00\x00\x00\
\x00\x00\x00\x00\x00\x00\x00\x00\x00\x00\x00\x00\x00\x02\x8f\x00\
\x00\x00\x02sig \x00\x00\x00\x00CRT c\
urv\x00\x00\x00\x00\x00\x00\x04\x00\x00\x00\x00\x05\x00\
\x0a\x00\x0f\x00\x14\x00\x19\x00\x1e\x00#\x00(\x00-\x00\
2\x007\x00;\x00@\x00E\x00J\x00O\x00T\x00\
Y\x00^\x00c\x00h\x00m\x00r\x00w\x00|\x00\
\x81\x00\x86\x00\x8b\x00\x90\x00\x95\x00\x9a\x00\x9f\x00\xa4\x00\
\xa9\x00\xae\x00\xb2\x00\xb7\x00\xbc\x00\xc1\x00\xc6\x00\xcb\x00\
\xd0\x00\xd5\x00\xdb\x00\xe0\x00\xe5\x00\xeb\x00\xf0\x00\xf6\x00\
\xfb\x01\x01\x01\x07\x01\x0d\x01\x13\x01\x19\x01\x1f\x01%\x01\
+\x012\x018\x01>\x01E\x01L\x01R\x01Y\x01\
`\x01g\x01n\x01u\x01|\x01\x83\x01\x8b\x01\x92\x01\
\x9a\x01\xa1\x01\xa9\x01\xb1\x01\xb9\x01\xc1\x01\xc9\x01\xd1\x01\
\xd9\x01\xe1\x01\xe9\x01\xf2\x01\xfa\x02\x03\x02\x0c\x02\xff\x14\
\x02\x1d\x02&\x02/\x028\x02A\x02K\x02T\x02]\
\x02g\x02q\x02z\x02\x84\x02\x8e\x02\x98\x02\xa2\x02\xac\
\x02\xb6\x02\xc1\x02\xcb\x02\xd5\x02\xe0\x02\xeb\x02\xf5\x03\x00\
\x03\x0b\x03\x16\x03!\x03-\x038\x03C\x03O\x03Z\
\x03f\x03r\x03~\x03\x8a\x03\x96\x03\xa2\x03\xae\x03\xba\
\x03\xc7\x03\xd3\x03\xe0\x03\xec\x03\xf9\x04\x06\x04\x13\x04 \
\x04-\x04;\x04H\x04U\x04c\x04q\x04~\x04\x8c\
\x04\x9a\x04\xa8\x04\xb6\x04\xc4\x04\xd3\x04\xe1\x04\xf0\x04\xfe\
\x05\x0d\x05\x1c\x05+\x05:\x05I\x05X\x05g\x05w\
\x05\x86\x05\x96\x05\xa6\x05\xb5\x05\xc5\x05\xd5\x05\xe5\x05\xf6\
\x06\x06\x06\x16\x06'\x067\x06H\x06Y\x06j\x06{\
\x06\x8c\x06\x9d\x06\xaf\x06\xc0\x06\xd1\x06\xe3\x06\xf5\x07\x07\
\x07\x19\x07+\x07=\x07O\x07a\x07t\x07\x86\x07\x99\
\x07\xac\x07\xbf\x07\xd2\x07\xe5\x07\xf8\x08\x0b\x08\x1f\x082\
\x08F\x08Z\x08n\x08\x82\x08\x96\x08\xaa\x08\xbe\x08\xd2\
\x08\xe7\x08\xfb\x09\x10\x09%\x09:\x09O\x09d\xff\x09\
y\x09\x8f\x09\xa4\x09\xba\x09\xcf\x09\xe5\x09\xfb\x0a\x11\x0a\
'\x0a=\x0aT\x0aj\x0a\x81\x0a\x98\x0a\xae\x0a\xc5\x0a\
\xdc\x0a\xf3\x0b\x0b\x0b\x22\x0b9\x0bQ\x0bi\x0b\x80\x0b\
\x98\x0b\xb0\x0b\xc8\x0b\xe1\x0b\xf9\x0c\x12\x0c*\x0cC\x0c\
\x5c\x0cu\x0c\x8e\x0c\xa7\x0c\xc0\x0c\xd9\x0c\xf3\x0d\x0d\x0d\
&\x0d@\x0dZ\x0dt\x0d\x8e\x0d\xa9\x0d\xc3\x0d\xde\x0d\
\xf8\x0e\x13\x0e.\x0eI\x0ed\x0e\x7f\x0e\x9b\x0e\xb6\x0e\
\xd2\x0e\xee\x0f\x09\x0f%\x0fA\x0f^\x0fz\x0f\x96\x0f\
\xb3\x0f\xcf\x0f\xec\x10\x09\x10&\x10C\x10a\x10~\x10\
\x9b\x10\xb9\x10\xd7\x10\xf5\x11\x13\x111\x11O\x11m\x11\
\x8c\x11\xaa\x11\xc9\x11\xe8\x12\x07\x12&\x12E\x12d\x12\
\x84\x12\xa3\x12\xc3\x12\xe3\x13\x03\x13#\x13C\x13c\x13\
\x83\x13\xa4\x13\xc5\x13\xe5\x14\x06\x14'\x14I\x14j\x14\
\x8b\x14\xad\x14\xce\x14\xf0\x15\x12\x154\x15V\x15x\x15\
\x9b\x15\xbd\x15\xe0\x16\x03\x16&\x16I\x16l\x16\x8f\x16\
\xb2\x16\xd6\x16\xfa\x17\x1d\x17A\x17e\x17\x89\x17\xff\xae\
\x17\xd2\x17\xf7\x18\x1b\x18@\x18e\x18\x8a\x18\xaf\x18\xd5\
\x18\xfa\x19 \x19E\x19k\x19\x91\x19\xb7\x19\xdd\x1a\x04\
\x1a*\x1aQ\x1aw\x1a\x9e\x1a\xc5\x1a\xec\x1b\x14\x1b;\
\x1bc\x1b\x8a\x1b\xb2\x1b\xda\x1c\x02\x1c*\x1cR\x1c{\
\x1c\xa3\x1c\xcc\x1c\xf5\x1d\x1e\x1dG\x1dp\x1d\x99\x1d\xc3\
\x1d\xec\x1e\x16\x1e@\x1ej\x1e\x94\x1e\xbe\x1e\xe9\x1f\x13\
\x1f>\x1fi\x1f\x94\x1f\xbf\x1f\xea \x15 A l\
 \x98 \xc4 \xf0!\x1c!H!u!\xa1!\xce\
!\xfb\x22'\x22U\x22\x82\x22\xaf\x22\xdd#\x0a#8\
#f#\x94#\xc2#\xf0$\x1f$M$|$\xab\
$\xda%\x09%8%h%\x97%\xc7%\xf7&'\
&W&\x87&\xb7&\xe8'\x18'I'z'\xab\
'\xdc(\x0d(?(q(\xa2(\xd4)\x06)8\
)k)\x9d)\xd0*\x02*5*h*\x9b*\xcf\
+\x02+6+i+\x9d+\xd1,\x05,9,n\
,\xa2,\xd7-\x0c-A-v-\xab-\xe1\xff.\
\x16.L.\x82.\xb7.\xee/$/Z/\x91/\
\xc7/\xfe050l0\xa40\xdb1\x121J1\
\x821\xba1\xf22*2c2\x9b2\xd43\x0d3\
F3\x7f3\xb83\xf14+4e4\x9e4\xd85\
\x135M5\x875\xc25\xfd676r6\xae6\
\xe97$7`7\x9c7\xd78\x148P8\x8c8\
\xc89\x059B9\x7f9\xbc9\xf9:6:t:\
\xb2:\xef;-;k;\xaa;\xe8<'<e<\
\xa4<\xe3=\x22=a=\xa1=\xe0> >`>\
\xa0>\xe0?!?a?\xa2?\xe2@#@d@\
\xa6@\xe7A)AjA\xacA\xeeB0BrB\
\xb5B\xf7C:C}C\xc0D\x03DGD\x8aD\
\xceE\x12EUE\x9aE\xdeF\x22FgF\xabF\
\xf0G5G{G\xc0H\x05HKH\x91H\xd7I\
\x1dIcI\xa9I\xf0J7J}J\xc4K\x0cK\
SK\x9aK\xe2L*LrL\xbaM\x02M\xffJ\
M\x93M\xdcN%NnN\xb7O\x00OIO\x93\
O\xddP'PqP\xbbQ\x06QPQ\x9bQ\xe6\
R1R|R\xc7S\x13S_S\xaaS\xf6TB\
T\x8fT\xdbU(UuU\xc2V\x0fV\x5cV\xa9\
V\xf7WDW\x92W\xe0X/X}X\xcbY\x1a\
YiY\xb8Z\x07ZVZ\xa6Z\xf5[E[\x95\
[\xe5\x5c5\x5c\x86\x5c\xd6]']x]\xc9^\x1a\
^l^\xbd_\x0f_a_\xb3`\x05`W`\xaa\
`\xfcaOa\xa2a\xf5bIb\x9cb\xf0cC\
c\x97c\xebd@d\x94d\xe9e=e\x92e\xe7\
f=f\x92f\xe8g=g\x93g\xe9h?h\x96\
h\xeciCi\x9ai\xf1jHj\x9fj\xf7kO\
k\xa7k\xfflWl\xafm\x08m`m\xb9n\x12\
nkn\xc4o\x1eoxo\xd1p+p\x86p\xe0\
q:q\x95q\xf0rKr\xa6s\x01s]s\xb8\
t\x14tpt\xccu(u\x85u\xe1v>\xffv\
\x9bv\xf8wVw\xb3x\x11xnx\xccy*y\
\x89y\xe7zFz\xa5{\x04{c{\xc2|!|\
\x81|\xe1}A}\xa1~\x01~b~\xc2\x7f#\x7f\
\x84\x7f\xe5\x80G\x80\xa8\x81\x0a\x81k\x81\xcd\x820\x82\
\x92\x82\xf4\x83W\x83\xba\x84\x1d\x84\x80\x84\xe3\x85G\x85\
\xab\x86\x0e\x86r\x86\xd7\x87;\x87\x9f\x88\x04\x88i\x88\
\xce\x893\x89\x99\x89\xfe\x8ad\x8a\xca\x8b0\x8b\x96\x8b\
\xfc\x8cc\x8c\xca\x8d1\x8d\x98\x8d\xff\x8ef\x8e\xce\x8f\
6\x8f\x9e\x90\x06\x90n\x90\xd6\x91?\x91\xa8\x92\x11\x92\
z\x92\xe3\x93M\x93\xb6\x94 \x94\x8a\x94\xf4\x95_\x95\
\xc9\x964\x96\x9f\x97\x0a\x97u\x97\xe0\x98L\x98\xb8\x99\
$\x99\x90\x99\xfc\x9ah\x9a\xd5\x9bB\x9b\xaf\x9c\x1c\x9c\
\x89\x9c\xf7\x9dd\x9d\xd2\x9e@\x9e\xae\x9f\x1d\x9f\x8b\x9f\
\xfa\xa0i\xa0\xd8\xa1G\xa1\xb6\xa2&\xa2\x96\xa3\x06\xa3\
v\xa3\xe6\xa4V\xa4\xc7\xa58\xa5\xa9\xa6\x1a\xa6\x8b\xa6\
\xfd\xa7n\xa7\xe0\xa8R\xa8\xc4\xa97\xa9\xa9\xaa\xff\x1c\
\xaa\x8f\xab\x02\xabu\xab\xe9\xac\x5c\xac\xd0\xadD\xad\xb8\
\xae-\xae\xa1\xaf\x16\xaf\x8b\xb0\x00\xb0u\xb0\xea\xb1`\
\xb1\xd6\xb2K\xb2\xc2\xb38\xb3\xae\xb4%\xb4\x9c\xb5\x13\
\xb5\x8a\xb6\x01\xb6y\xb6\xf0\xb7h\xb7\xe0\xb8Y\xb8\xd1\
\xb9J\xb9\xc2\xba;\xba\xb5\xbb.\xbb\xa7\xbc!\xbc\x9b\
\xbd\x15\xbd\x8f\xbe\x0a\xbe\x84\xbe\xff\xbfz\xbf\xf5\xc0p\
\xc0\xec\xc1g\xc1\xe3\xc2_\xc2\xdb\xc3X\xc3\xd4\xc4Q\
\xc4\xce\xc5K\xc5\xc8\xc6F\xc6\xc3\xc7A\xc7\xbf\xc8=\
\xc8\xbc\xc9:\xc9\xb9\xca8\xca\xb7\xcb6\xcb\xb6\xcc5\
\xcc\xb5\xcd5\xcd\xb5\xce6\xce\xb6\xcf7\xcf\xb8\xd09\
\xd0\xba\xd1<\xd1\xbe\xd2?\xd2\xc1\xd3D\xd3\xc6\xd4I\
\xd4\xcb\xd5N\xd5\xd1\xd6U\xd6\xd8\xd7\x5c\xd7\xe0\xd8d\
\xd8\xe8\xd9l\xd9\xf1\xdav\xda\xfb\xdb\x80\xdc\x05\xdc\x8a\
\xdd\x10\xdd\x96\xde\x1c\xde\xa2\xdf)\xdf\xaf\xe06\xe0\xbd\
\xe1D\xe1\xcc\xe2S\xe2\xdb\xe3c\xe3\xeb\xe4s\xe4\xfc\
\xe5\x84\xe6\x0d\xe6\x96\xe7\x1f\xe7\xa9\xe82\xe8\xbcT\xe9\
F\xe9\xd0\xea[\xea\xe5\xebp\xeb\xfb\xec\x86\xed\x11\xed\
\x9c\xee(\xee\xb4\xef@\xef\xcc\xf0X\xf0\xe5\xf1r\xf1\
\xff\xf2\x8c\xf3\x19\xf3\xa7\xf44\xf4\xc2\xf5P\xf5\xde\xf6\
m\xf6\xfb\xf7\x8a\xf8\x19\xf8\xa8\xf98\xf9\xc7\xfaW\xfa\
\xe7\xfbw\xfc\x07\xfc\x98\xfd)\xfd\xba\xfeK\xfe\xdc\xff\
m\xff\xff\x00,\x00\x00\x00\x00,\x01,\x01\x00\x08\xfe\
\x00\x01\x08\x1cH\xb0\xa0\xc1\x83\x08\x13*\x5c\xc8\xb0\xa1\
\xc3\x87\x10#J\x9cH\xb1\xa2\xc5\x8b\x183j\xdc\xc8\
\xb1\xa3\xc7\x8f C\x8a\x1cI\xb2\xa4\xc9\x93(S\xaa\
\x5c\xc9\xb2\xa5\xcb\x970c\xca\x9cI\xb3\xa6\xcd\x9b8\
s\xea\xdc\xc9\xb3\xa7\xcf\x9f@\x83\x0a\x1dJ\xb4\xa8\xd1\
\xa3\x05\x03$E\xca\xb4\xa9L\xa5K\x0f*\x85*p\
\xaa\xd3\xabXgR\xad\x0a\xc0\xaa\xd5\xae\x5c\xb3\x8a\x1d\
{r+\xd7\xaf\x03\xa9\x9a%\xcb\xb6\xed\xc5\xb5i\xc3\
\x82\x9d\x0b\xd7\xad\xdd\xbb\x10\xd7\x06\xa80cI\x992\
6f$\xfcZ\x17\xaf\xe1\xbbS%|\xe9\xe4+\xd9\
8r\x90#?\xfe\xd6\xcb\xd6!!\x04\xa1\x16>\xcc\
\x99-\x064\xae ?\x8e,\x9a\xdch\xd2\xe4\xaaM\
B\xd2\xb95Y\xb8\x09\xda\xd4BM\xbbv\xedk\x99\
x\x0cv\xcd\xdb\xa7Y\xa8Z\x9c\xd9\x1eN<\xb2\xa9\
\x10\xbd\x93\xff\xfc=\x10\xc6\xadq\xa7M\x17\x9f\x1e\xb9\
\x9b \x06\x9b\x95kw\xb9\x15j\x05K\xd2I\xfe?\
\x8eN\x9d\xb840r\xb7\xabo\xa9\xb6*\x97l\x92\
Q\x93/O;\xba\xae\x0fs\xd7\xebgIu\x8ex\
\xdb\xf3Mw\xda\x80\x909\xd3Bv\xfb%\x08\x92R\
\x8e\xd0\xe7\xa0|\xa5I7\x8e5< \xa8\xe0\x85\x1a\
\x190\xca\x83\x0fF\x17`7Q`(\xe2\x82\x0b\xcc\
\xc6\xe1\x89\xc4\x8d#\x0e\x1ag\xe57\xe2\x8b\x0b\xa1\x95\
@0(\xd6\xf8_|p\x18d!\x8c<v5I\
\x806\x9ex\xda75\xec\xd8\xe3\x91\x00X\x11\xe4\x92\
\x04B\xc6\x8c\x03F\x22\xf9b\x08\xd8\x00\xb9$u\xa3\
\xcd\x07\x8a\x94\x5c\x1e4\x80-W\x86Y\xdb\x17]v\
\x09\x95 \xe1\x89)\xa4m\xdb\x9c\xe0b\x99<\xde\x10\
N\x84j\x8a\xe9K\x94p\xaa\xf7I\x9d|F\xc6Z\
Ty\xaa\xb7\x15\x08s\xf6)\xe6x\xaf \x84g\xa0\
v)\xf5\x88\xa1\x87\x92\xa6\x02\xa3/:\xb0\x0d\xa4}\
N\xa2(\xa5\xea\xd1A'\xa6WvC\x01\xa7\xfbA\
E@3\xa0\xf6\x89\xc7\x9b\xa4*\x17\x00\x12\xfe\xa9\xf2\
9\xce2\xe9\xb5\xaa\x9c\x1fi\xc6\x1a\xe4h\x18,j\
+G\x16\xea%U\x8b\xed\xc5\x08\xc0+\xba\xf2\x19b\
f\xbf\x96el\x5c\xcc\x82\x15\x00Z\x8afgM|\
\xc9.\x19\x88\x8e\x0b6\xe4\xeb~\x02(\xba\x80\x0bO\
l\xc1\x85\x1f\x88 \xd2\xca!pd\xe1B\x04t-\
\xd5\xddB%\x8c\x97k\xb6(\xceB\xec[\x04\x14\xe0\
\xef\xbf\x04\x0c\x10n\xb3\x0b\x81\xb0\xc6'\xd0H\x13\x8d\
\xc2\xd24,\xcd4\x0cG\xc3\xcc+\x87\xd8\xc0j\xb4\
\x0aq\x91%\xbeKfC\xc0[\x02\x10p\x80\x02\x0c\
4`\xf2\xc9(7\xc0@\x02\x06\x0c\xf0\xad\x82p\x15\
@\x84 \xbd8l\xf3\xcd\x0eC\x9c3/q\x90\x10\
\x15\xb5\x071\xc2\xb1\x9a*\x00\xed\xed\xc8)'\xad\xb4\
\x03*+`\xc0\xc0\xadbQ\xb3\xc2\xd3D\xa3s\xc3\
U7\xbc\xb0\xc2[\xe3\x0c\x8b\x19\xf0B\xcb\x90.\xd8\
\x0e]#\x17b\xc78\x00\x02J\xb7\xed\xb6\xc9\x0b\x1c\
0\xf0\xcb\xeb1Q\x8b\xd68\xe7\xfd\xf0\xfe\xdeyO\
\x03\xb11[\x84\xb5\x99R\xc3\x98}\xe58,>\x14\
@\x01\x0a4\xc0t\xdb\x8f\xa3\x1c\xb9\xe3(\x97\xdc\x00\
\x02F\xf7\xf8\x03,6g\xdd\xf9\xc2[w\xdd\xf5\xd5\
97\x8c\x8a\x09\x10\x09c\xf8\x95g<4@\x02L\
[\xae\xf2\xdb\xb4\xcb~2\x02P\xc3\x1cU\x05\xa1t\
\xad\xf7\xef\xc0\xe7\xdd\x0c\x1e\x08\x00\x9a\x99\xea\xab\x07\x89\
\x86\x85\x05,@\xfb\xf3\xd0\x9b\xfc1\x86^u\x85\x82\
/\xbe\xfb\x1e\xfc\xf67\xeb\xac\xcb\x0fi\xe7Wx\xf2\
5\x8e\x93F\xadg%\xc0\xc0\xe4\xd1\xb7\x9f\xf4\x01\x18\
k7o\x10\xc8`\xad=\xf7\xf8;\x0c\xba4\xcfX\
\xd1\xa2A\xc8#\x1f\x8aZ\x97\xb9\x02\xac/e\xb6s\
\x9f\xfb\x14\x10\xbf\xe4T\xef\x0b\xcf\xd0_\xd5H\x97?\
\xfcQ0p\xd2\x82\xd6\xf8\x04\xc8!\xc4\x15\xc6\x00J\
K\xa0\x02\xdd\xc7\x00\x97\x95J \x03\x10\xc4\xe7\xf0V\
\xc1\x16vN\x1ab(L\x009\xf8 \x16\xc1\x05\x84\
#\xcc\xa1\xdb\xd6W\x80\x8b\xb9\x86*\xfe\x97\xd0\x1a\x05\
)\xe8\xc2\xe0]-a\xd3h\x03\xb7\x02\x10\x0b\x1a\x9e\
h\x0a\x18+\x80\xc9\x0e\x982\xf6\xe9p\x87)\xeb\xe1\
z\x94\xe2\x86\xbd-\x0cb\xf7+\x22\xf7\xb2\xe6\xb9:\
\xc4K \x80p\x22\x874\xb0\x16\x02L\xf1\x01%\xb3\
\xe2\x15\x9fgE\xba\x8d\xc5\x07\x11d\x18\x0b\xc5(F\
\xab9\x0c\x0b\x07y\x82\x95\xd4H\x9bi\x1c\xc4\x8d'\
\xa3\xa2\xe4\xe6HG\xf6-`=\x1b\x18\x06\x1f'\xb9\
=dt@.\x18\xf8\x14!mc\x8a\xa4\x08\x80\x91\
\xa0t\x1b\x03}\xf8\x1a\x83\x14\x80sX\xf3\x1c%W\
\xd90Q\x88m\x19\x83T\xa3\xbd\xec\xc0,\xe7\x85\xf2\
\x96)+^k\xd4r\x08\xbf\xb1\xf2\x978\x1bC{\
6\x14K'\x8eF\x08\xd3\x1a\x88\x14q\xc9L\xcai\
\x913T1\x82\x1e\xa7\x09L1^-\x19\x1f\xd8\x0a\
\x1c6Y\x1b{\x91#\x1c\x0dHK\x00D\xd8LF\
:`\x01v\x14\x8af\x04\xd2\x8a\xbdM\xb0\x9a\x93\xfc\
\xa2\xe9\x04@\x95\x19p\xb38\xbe\xfe(\x08\xc9\xca\xd9\
L\x07<\xd30P\xf1A\xf7\xc2\x08\xcf\xfc\x85n\x1a\
\x80\xa4\x0a.\xeeuO\xc8\xa0\xcdT\xe4\xe4'#\xd1\
\xb9\xcbS\xe4\x8d\xa0\x05\xdd\xde\xd5\xa2!\x8b\xaf(\xa9\
\xa1\xd8\x92\x86\x01\xe6\xb2\x009J\xf4\x8a%\x1b)@\
\xbb\xb2\x03U\x121\xa3.\xec\x1a\x0c\xb82\x00\xe1\x80\
\xb44\xab2\xd5I%\x9a;\xbc\x88\x82\x9a0]\xe5\
\xd6\x16q\x169\xdc42\xdc\xb0\x00A\x1a\xc74\x93\
\xee4z\xb2s\x80.\x0ds\x03\x8c\x06\xb5\x88W[\
\xc6\x03\x08\xf2\x80K\x95M\x96\x94\x98\x8b\x00\x22\xfaT\
\x1d\x96\x0c;\x87Q\xc4U\xab\xf9\xcei\x8c\xa1 \x0d\
\xba\xe98V@\x10\x1c\x96\x95\x99\x0e\x18@\xa3\xaa\x92\
\x8b\xb5\xb2Uk\xb7\xd8\x8a\x07\xb2\xb11\x1a\x9e\xa6\x13\
\xfal\xea]\xe78\xb9\xa9\xba%\x00\x1b(\x9d_\xab\
\x19\x83\x82(\xa9\xb0N\x5c\x86\x03\x082\x80):u\
\xb1t\xb4\x1c\x03\x1e\x89\x18)\xf0m\xb2E\xdc\x1f\x18\
\x1b\x06\xc8\x82LB\x93\x02\xf4\xfe\x86\xc5\x08r\x00\xd0\
\x86rr=e\xcb!$\x8b\xda\x16F\x83\x1a\xd1\xf0\
\xdd\x1f\x0c\x92\x00b0\x94|y \xaem\xe7\x18G\
\x94\xa9\xd4.\xb7xio\xb9\xb7\xbf\x9b\xb9\x92Y0\
\xf8\x06!g\xa1\xd7\xcc4\x8e\xac\xcbU\xe0(\xddb\
\x01\xfdM\xf7\x97\xc3\xc0\xd8\x1a\xbe\xca\xdeTU\x03\x03\
:\x0ao3\xefB\x84\xd5\x9ew\x95\x10Sj2\xb9\
R\x89\xfa\xdc\xc8P\xd1\xd9\x06\xf8\xcc\xf2I\xf9\xe2\xf2\
.Q\xb0\x99U\xef\xbb=\xab\xf9`\x9dT!D{\
S5\x1ej\xcc\xd6 \x884p(\xd3\xd9\x13+\x8c\
\x8e\xc1\x94\x8c!\xa0\xd6\x00\x8e\xffb*K\xcb \x01\
\x5c\x02`W\x0d32\xb7b\xe9\x025\x80\x0a\xe2\x22\
\xae\x81[\x02\x11\xc0\x14\xb4kbYE\xc6\x17\x19`\
\x16Uj\xebbPv\xb7-j\xf8\xa2tk\x8c\xbf\
2\xac\xf3 @\x80\x0fl\x0d%\x0b\x06\xec\x86\xc8E\
\x9e\xe3\xf4\xda\xb2\x06&\xe3\xd7\x0b\xe1#\x88\x0av\xd1\
\xe3:}\xe3\x10*-\x0c\xfe\x96\xb3\xac\xc3\x7f\x92\xe5\
\x0e\x0b\xf6r\xf0\xa2\xe1\xbf\x9feF\x0b\xcfH\x95)\
|\xd6\x905\xb3y\x84\xcfeK\x1e\xf6(g\x83J\
cY\x16b@ \xbaQ\x9ebB'2\xc4\xf8\x93\
C\xec\xfa\xd9?+\xcd\xcdcI\x03o\x0b=Fi\
\x14\x81\x94\xd1\x0a\x81)<\xe4\xdf\xe3\xcaG\x1bg\xd8\
\xb2C\x96i\xe9\x11\x1e\xf95A\xb0\x1f\xa7\x0d\x1d\x84\
\x06\x8a\x0d*0\xf0\x831J\xdd$\xd3D\xe7\x1b\xa8\
\xe8B\xd8\x22\x92a\xf0\xb6:e\x1c\xd6\x89R0\xb0\
\xe9Y\xcf\xd9\x05\xe8\xc3\xf1VL\xb0\x07\x1a\xf9\xf7C\
\xa7\xb0\x82\x95+\xd2\xd9)\xce\xee\xd8o\xdb\xb6]\x8a\
\xc1\xb5%;\xdbf\xc6\xd0k\xe6\x0c\x12\xaeb}\xa0\
\x0c\x8a\x98\x84.~\x11\xa1j\xf8\x22\x15\x94\xa8\x03\x14\
\x18h\xc7\x02\x83;z\xa4\xb5K)&\x18\xe7so\
\xe2-\x18S\x8a\x01d\x80\x1c@=Y\x22\xc6\xfe\xf7\
\xc9\x12\x80\x97A\x80\xce\xdc\xe7n\xd8\x8d\xf1$\xac0\
\xd7j\xdd\x0ea\x9b\xc9\xfe*\x0d\xee@\xb7e\x0b\x11\
\xcbx\xf0\x043\x91\xdf0gX8\x96\x08\xab\x15+\
\xf1\xa4iq\xbfc\x09\x80\x09T\xde7\xf3.\xc3\x84\
\xa0\xceI\x00N\xe6\x80\x88g9v\xe2\xbeK;1\
\xee\xe5i$\x8cj\xd2@l\xd0wb\xcb\x9a#P\
e\x8ee\x0bT\xacpZ\x95\xfbQg\xd1HC\xb1\
\x84\x02B\x92g\xf9\xac&\x83q\xce\x01\x90\x80b\x14\
\x9c\xc9V\xf3#2 \xe0q\x9f\xf8\xdb\xeaD\x1f-\
^\xac\x02\x08\x1a\xcf\xda\xbe\xd1HnSliv6\
\xc3\x8f3#\xe8\xba\xb3u\xa6\xb3e(\xb5*8\x17\
\x0a\xab\xf1\xae2\x07\xa8\xdd-?\xe59\xce\x86{\x95\
\x04P~\xe2\xae)\xc2\xdb\x19\xdc\xb5f\x04\xd9)\x01\
\x18\x00\xda\xf1~\xf9\xacPk\x11\x0f\xf3#\xd6\xa6K\
D\x0a\x12B,\x9eO\xe4\xe3\x0a\x7fW\x06\x1c~\xa5\
\x03q@/\xe2\xce\xf4\xf3.\xcc\x18\xf0\xbd\x8aR\xfc\
\xbd\xbe\xe6.w\xf5)\x0b8ox\xa0\xf9\x86\x19\x81\
,D\xe6\xfdS\x19\xfe ;\x06\xa8\x9a7\x83\x90`\
\xf1Q{\x07\xd7sE\x01E\xafbxw?\xbb\xe2\
%\xdb7o\x0a\x80\x02t!k\x10kO\x14\xaff\
\x0aZ\x04P\xd2?\xc7\xee\x9c\xef\xb7\x1c\x1fG\x03\xca\
\xa0Jr\x06\x0c\x13\x10\x806\xa1\x14\xdd\xe6Y\xe1\xd5\
\x5c\xeb\xb3\x00\xaf\xa6\x80;\x01aP\xd1\x03\xcb\xc0i\
\xd1\xe0\x0c2@\x811\xf1p\x06\x94H\x1a\xd6|\xed\
6uZ\x17\x166P?\xe7EA\xd1\xf0\x0c\xad\x85\
\x17-\xe6b\x0b\xf0}\x0f\xc7\x1b2@n93z\
\xf8s?\xa4C\x0c9\xd0\x19\x07\xa0}\xb8DE%\
\xa4;\x00\xb0\x02\x92\xc4x\xb27{\xd6d\x80W3\
\x0d\xba\xd0p\x87\xa1\x14\x93g;B\xe8>EW2\
\xf9\xb7\x1dOf\x02\xc1\x803_${\x06\xa8Qz\
\xb35\xa50l+\xb5|g\xc5~F\x17=r$\
\x81\xd1\xe6*\x5c\xb5[+4AcH]w(\x0d\
h\xf6C]1-\xb9G9\xceWN\x0e`rF\
8\x107@\x0b\xfe\x10\x03v\x8ahM\x0c\x031\xbd\
\x10\x05 w\x18\x06\x80vW\x08=L\xb3\x00sc\
\x82|X\x10\x05\xb0\x06\xccp3K\xc8GUS\x0c\
c\x90f\xbd\xb1\x15\xaf\xe3m\x95\x18n\xb83v\xfa\
\xe1\x8a\x02\x01\x02\x9d\x803y\xa8Q\x10\x83\x0cv\xb0\
Y\xb6\xf6X\xc6\xf3:\x0e\x90~\xb8\x94\x004X\x88\
\x0a\xe1\x01p\xb0\x0b/TD\xc7@\x08\x17\xc0\x85\x0b\
!\x00\x22\x07J\xbeW\x175xB\x9a\xb1\x153 \
\x08\xc4\xf0Rb\x883\xba\x90\x07Apd\x1e\x88}\
\x8d\xd3>Q\x85\x00\xdf\xb7w\x0a\xd1\x1e.\x17s\x08\
1\x00F \x07\x8b\x00\x0b\xc5\xf0\x84,\xb4\x0c\x9b@\
\x06\x1b\xf0d\xe3\xd8\x16\xa9w\x00\x0b\x00^\xe7\x94\x00\
\x07@\x00\xf4t\x8a\xe9\xf1pJ\xc1\x000\x80\x04\x0e\
y\x04J\xe0\x90E\x00\x02q\xb1_/\x07\x00\x08\xf0\
\x02P\xc0\x05Z\xd0\x03.\xe0\x02\x98\x16(\x9a1\x00\
\x04\xd0/\xffb\x00\x05\x00t\x1d7\x92\x08\xf0\x00\x14\
\x80\x01\x1a\x10\xfe\x932\x99\x01\x14\xf0\x00\xc28v\xfd\
\xa8\x11\x16\x22\x02K\xf0\x06\x93\xb0\x0a\xac\xb0\x0aB\xc9\
\x0a\xaa0\x94\xabP\x0a\x84\x00\x06;\xd0\x8cA\x074\
8yF\xb6\x92\x1dn$\x01\x16\xa0\x01\x1b \x93X\
\x99\x95V\x89\x01\x130\x88GQ\x82.\xb0\x07\xa7`\
\x94@)\x94fi\x96A)\x94\xaa\xc0\x0a\x9c\xe0\x05\
t\xe7\x22\xc1\xd2,\xdfr\x00\x13\x90\x01v\xb9\x01W\
i\x95W\x99\x97Z\x99\x011\x99\x01\x1bP\x01\x14\xe7\
\x8e0Q\x18\x05\x10\x04\x8cP\x96@Y\x94i\xa9\x98\
EY\x94gi\x96\xa9 \x07n\x228\xd0\xe2\x8a\x10\
F0\x83\x91\x00Ui\x95Z\xf9\x99\xa0\x89\x95\x17\x80\
\x899\x89\x11f\xb1\x00R\xc0\x09k\x09\x99\x91\xd9\x9a\
\xaei\x96\xac\x99\x08\x15\xf2q\xfbr\x91\x9a\x99\x19\x0c\
p\x01|\x19\x9a\xbc\x89\x95xy\x97\x19\x90W\x9a\xe8\
\x12R0\x0a\xafy\x9c\x8a\x09\x9bdy\x96\x94P\x02\
\x8ac<\xb7)\x10\x05\xd0\x99\xbdY\x9dZy\x95~\
\xa9\x01\x17\xfe\xe0~9\xf1\x00}\x80\x9c\xe0\x19\x9ej\
\xb9\x0a\xa7P\x05u\x17\x9d\x0d\xc1\x00\xd9i\x9d\xec\x09\
\x9aW\xf9\x00\xf3\xf2\x12\xb8\xc6\x09\xab\xc0\x9a\xe2y\x9f\
\xca\x99\x96\x84\x90\x80\xf9Q\x9a#\xb2_\x02 \x01\x80\
\xd9\x9e\x04\xea\x9b1\xb9\x01\x19P\x01\xff\xe4\x9fq\x08\
\x00\x04\xf0\x05\xcb\x89\x9f\xf8\xa9\x0a\xab\xb9\x98\x9e\x90\x03\
\x0c*\x22kq\x00\x17\xe0\x99\x05J\xa0\xeb\xa9\x01\xd9\
\x99\x01\xfc\xa6\x12\xbf!\x01\x89\x90\x0a\x8d)\xa1\x12\xba\
\xa2k)\x94N\xd6\xa0\xb7y\x8d\x090\xa2\xbb\xf9\xa1\
\xed\xb9\x9b\x19\xb0U(A\x15P\xb3\x00\x8f\x00\x99\xf6\
\xc9\xa2\xe29\xa4\x90\xc9\x0a`\x96\xa1#b\x00\x18p\
\xa38j\x9dN*\xa2\x08\x1aN\xfc\xe1\xa0\x82@\xa4\
X\xba\x9cC\xca\x0aJ0\x9c\x94\x82\x16\x06\xe0\x97!\
\xfa\xa4d\xba\x97\x1a0\x98,1\x07h\x99\xa5X\xda\
\x98\xac\x99\x0a\xe0\x83\x9e\xc32\x00\x18\x90\x9d\xd8\x19\xa5\
d\x9a\x95Qz\xa7\x19\xf0{)A\x06\x8c\x19\xa1l\
z\x9f\xfe\xac\xe0\xa2\xac`\x0a\xd0\xa6\xa4\xfa!\x00\x16\
0\xa6\x08\x9a\xa7\x90\xba\x01\x18@\x88#\x11\x00S0\
\xa8\x98\x1a\x99\x8d\xc9\x0a\xa0@\x91r\x9a\x19\x15\x80\xa7\
\x90Z\xa6~\x89\x01[\x18\x12\x01\x90\x02\xc9\x99\xa9\xac\
Z\x9f\xab0\x09=\x14yr)\x10\x0e \xa2\xa3z\
\xab\x9f\x89\x86^\x1a\x11\x02\xd0\x08\xad\xca\xaa/\xba\x98\
\xab\x00E\xbbZ&\x040\xa6\xb8z\xab\xd9\x99u\xe3\
\xb8\x04\x14\xfa\xab\xc0\xda\x98\xa30\x01r\xaa\x14\x11\x80\
\xac\xc9\x8a\xa3\x03\x8a\x95\x15P\x9a\x01\x80\x00\x9b \xa8\
\xd0J\xa4\xad0\x94E\x19\x072J)\x07`\xab\xd9\
:\xaa|\x89\xa0\x1b0J\xfd\x08\xa1j\xb9\xa2\xe3\xda\
\xa2\xc1j\x96\x93R\xacHR\x01\xedz\xabQz\x01\
PC\x81\x190\x96\xcay\xaf,j\xa4B\x99\x08\xfc\
z$\x0b`\x95\xd8\xfa\xaf j\xa0\x1b\xc0\xa3\x918\
\x11j\x8a\xb0\xbf\xfa\x98B\x89\x03\xd1\x09\x93\x10+\xb1\
\xd9\xea\x97\xa7\x9a\x11\x0d\x90\x0aC\xaa\xb1\x99J\x94{\
0\xfe\xab\x00\xb0\xaeY\x19\xb1\x22\x8b\xa3\xa4\xa5\x80>\
0\x9e\xf6\xaa\xb2Y\xba\x96\xa5 }\xb6\xf2\x003;\
\xb3\xa3B\x81z\x10\xa8:\xdb\xaaE\xf9\x03\x8a:\x85\
\x00\xd0\xa1A+\xb2\x07Y\x11\xdd\xc1b\xa5\x90\xb3G\
;\xa8k\x99\x5cKk\x18\x05 \xa5O\xfb\xaf\xe3e\
\x11\xeb\xb4\x03\xaei\xb5WK\xa8\xaa`\x0aY\xc7)\
\xb5\xfa\xb5\xffJ\x93\xa6Y\x10r0\x9eg\xcb\xaaA\
\x19\xa7\xad\x12\x00\xd4\xe9\xa1n;\xaa\x19P\xb2\x10Q\
\x82\x04\x10\x0ak\xba\xaauK\xa4\xaa0\x07\xbfB\x00\
}+\xb2h*\xb6\x02\xa1\x01\xaf\x99\xb2\x87\x8b\x9f\x0c\
k+0;\x93\xa2\xda\xb8\xbc\x19\xa2T\x1a\xb7*P\
\xb9\xe3zp\xb6\x92\x00\x9c\x9b\xac\xd9\xc9\xa3\x1a\xc1\x03\
\xa2\x1b\xad\xab\x80\x0a\x04\xb0\xb5v\xd1\x00\xa7\xdb\xae\x12\
\xa0\x93\x00\xd0\x04f\xdb\xbaD\xca\x0a\x15`+\x11P\
\xbb\x00\x1b\x93\xfa\xa5\x11\xf4\xca\xbbl\x1a\x94D\xb9\xaf\
\xa42\x01\xc2\x9b\xac\xc9\xa7\x11q\x80\xbc\xad\xda\x03\xb6\
\xfe\xe2\xaf\xcf\xab\xac\xefw\xa5\xd4\xcb\xa6\x90\xf9\x04\xb6\
\xe2\xb4\xd9[\xa61\xd9z\x0c\xe1\x15\x8a\xb0\xbb\xdd\x8b\
\x9c\xca\xab\x0aP\xc0)P!\xbe\xe3\x9b\xa7\xe6\xeb\x10\
Ja\x07\x94\xbb\xbe\xec;\x9e\xd6\xdb*\xd8;\xbf\x05\
\x1a\xa2q+\x10d\xa0\xbf\x09K\x94B\xc9\xbc\x22)\
\x10\x12\x00\xc0e\xca\x94\x1a\x11\x05\x06\x9c\xa5\xac\xd0+\
\xad\x02\x01\x0eL\xa0\xd8\x19\x93\xa3\xb2\x11=0\xc1X\
\xaa\x0a~J)\xb4\x9b\xc1\xec\xb9\x9b\xb7\x0b\xb9\x03\x11\
\xba <\xa1\xab\xb0%\xb6\xa2\x00&\x8c\xa3\xaa\xfb\x16\
\x010\x01-,\xa1\xaa \x09\x0d\x8b!\x99;\xc3\xd6\
\xe9\x97I\x87\x11\x05\x90\x0a9,\x9eA\xb9*\xa4\xa2\
\x14\x8c\x0b\xc4\x04\xba\xb6\x17\xc1\x07G|\x9fD\xf0+\
z\xeb\xc4P\x8a\x01\xe9x\x11E0\xc5\xc7\x09\x99\xa9\
0\xc4fb\x10@\x8b\xc5\xbd\x99\x01\xd4\x8a\xbb\x00p\
\xb2k\x8a\xc0^,\x94\x82\xd0\xc3\xd4\xd3\xb5|k\xc6\
\x06\x1a\xb6-\x17-\x80\xf0\xc6\xc7\xb9\x04QY\x15\xfe\
\x1d:\xa0\x9b\xeb\xc0{\x19\xb5\x08\x07\x16I\xe0\xaa|\
\x0c\x9b\xaa\x90\xc2\xcd\xf2\x002\x0b\xc4\xd9\xc9\x9ft\xf3\
\x1b\x0f`\xc4\xf9{\xc4\x86 \xc7\xd4\x03\x00\x06\x80\x95\
bj\xc71\x89\xc7\x03\x0c\x00\x85p\x96\xea\xab\xbf\x5c\
\x9a\xaepr\x01\x91\x0c\xc4\xa6z\x9e\xde\x92\x14\xaa*\
\xa4|L\x09\x1f#\xbb\x87a\xba\xa2\xec\x9b\x9f\xab\xc6\
\x03!\x07D\x99\xca\xeb\xab\x0a5\x10\x9dJA\x01\xbd\
,\x93\x16P\x8d\x11\xf1r7<\x0a\xc4\xbc\xbe-+\
\xcb\x81B\xc7\xcb,\xaf\x9c\x9c\x10T`\x9f\x1c\xab\xc8\
\xdd\x9b\x0aR\xa8\x99P\xd1\xc0\x8fj\xab\x1b\x5c\xbb\xc8\
\xfa\xbb\xdb\xbc\x10\x03@\x09\x93;\xcd\xf7\xba\x9aA\xd9\
:\x19t\x9b\x03 \xa5\xeb\xe9\x97\x83,\xb2\xe7\x9c\x9d\
&\xa7\x80TQ\x03d\x19\xa8\x99\xac\xb3\xc3\xbc\x0a\x9e\
\xb0Y\xba\xfcC\x0fk\xc7\xbaZ\xa9h\xd0\x9a\xf9\x8a\
\xbc\xa7\x00m\x15I0\x9aQ\x9739\xbe!j\x01\
\xe2(\x12P!\x00y@\xb7\xae*\xcf\xd0\x0a\xfe\x99\
x\xdb\xd0\xbc!\x00\xd8\x8b\x97\x07\xfa\xca3[\xaa\xcf\
\xe4\xcc\x1eA\x00\xdc\xab\xbcAy\xd0:K\xac\xd1\xc2\
\xd2{%\x10\x04\x10\xc8\x7fi\xa6\x9c\x0b\xd3\x19\xf0\x5c\
\xdeZ\x10\x0b\xe0\x08(\xad\xb1E\x998\x1d\x87\x9e\x05\
\x00\xb2\x07\xca\xae}\xfb\xa8\x19\x00\xc5\xfe\x09\x15\x0f\xf0\
\x93\xebk\x07\xf5+\xa7a\xda\xd12-\xb1\x14\x17\x9f\
(\x91\x01\x98\xe0\x9a\x15\xfa\xd4\x14\x0d\x9ew\xb0\xc5\x9f\
j\x10\x07`\xa7\x22k\x97\xd7)\x93b\xdc\x12\x0bp\
\x07\x86\xbb\xb2\xaa\xd0\x0a\xf9{\x0aNP\xd7\x0f1\xd4\
#[\xc7\x7f\xa9\x95\x18\x00\xc5/\xa1\x04\xa4\xe0\xc6F\
\x09\xd7\x8f\xb9\xd3n\x9a\x96\x91 \x02p\x89\xd8\xc3\x12\
\x00\xc1\x8b\xabQ\xba\x9ey)\x01%X\x13\x1b\xe0\x08\
\x86[\xd1h[\x9fD\x99\xafn\xa0K\xb0\xe8\xd9.\
\x82\x00M*\x93\xe9\xdc\xae\x19\xd0\xd7\xed\x8cp\x05`\
\x06\xad\x09\xd7\xc9\x99\xd0@)\x0a> /\xb4\xbd\x1b\
\x000\x00\xca\xec\xaeX\xfd\xd1\x94\xda\xdb\x1b\xfe!\x02\
p`\xb0m\xba\x96\xf6\xaa\x09Q\xe0\xb3j\x9d\xdc\x18\
\xa3\x00\xff\x9b\xad\x1bp\x01\xd8\xe1\x94\xd2\xad\x93\x11\xc0\
\x05\x9f\xf0\xacmj\x96\x8d\x00\x04\x86\x0cs\xde\x1dm\
,&\x010\xdd\xcf1k\xa0\x82Y\x82@-\xdf\x07\
Q\x00H\x00\x09\x09\xab\x98\x80\xf0\x02\xeb8\xdf\xcf\x92\
\x16\x05\x00\xc9O\x9a\x9d\x12`\x00q\xa9l\x18\xf0\x03\
a`\x08\xa5\x10\x99\x8cY\xa1\x9c\xb0\x07W\x00\x03\xdc\
\x9d\xc7H\xb2(\x85A`\x0a\xe0\x92E}\xc6\x17 \
\x013\x88z\xf7\xec\x01C`\x06j\xa0\x06k\xa0\x06\
i\xc0\x06d\x00\x04\xa7'\xdf\xf2\x97\x01)\xc0\x03I\
\x80\x05d\xf0\x17] \x05D>\x048\xd0\x01t}\
k\xce8,\x05\x00\x01\x14\xc0\x01\x1e\xf0\x01 p\x02\
*p\x02\x1f`\x01\x0d\x90\xe4\xd1b\x00\x0b\x10\x01\x15\
\xf0\xe5`\xfe\xe5\x11\xe0{\x80{\x14\xdd\xdd\xdd\x09q\
\x01>\xf0\x05f\x10\xe4\x7f\xf1\xe6pn\x06p\xae\x04\
1\xd0\x8c\xb6y\xde\xfa\x97\x16\x0e\xb0\x01\xfe)0\x03\
2\xe0\xe73\x00\xe82@\x03\x81\x1e\xe81\x90\x02\x1c\
\xf0\xcb\x97\xf9\xcc\xca\xe7q\xd9A\x15\x199\x05\x7f\xd1\
\xe6e\xd0\xe6f \xe7p>\xe9\x94\xfe\xe6^\xe0\x03\
\x9fK\x18[T\x15\x14P\x02\x7f^\xe8\x84^\xe83\
p\xea\xa8\x1e\xe84 \x03+p\x01nv\xe7\xa54\
/QB\x15\x1cp\x04d\x10\xe4\x98\xfe\x17d\xb0\xeb\
\x99\x1e\xe4\xbd\x9e\xe9e@\x06;P\xb3\xd0y\x8a\x15\
\xc0\x02\xab\x1e\xe8\xa5\xbe\xec\xce\xde\xea~>\x02\x10@\
\x8d\x88\x91\x90\x13\xb1\x00E\xf0\xe6n>\xec\x95.\xec\
q\xae\xed\x93\xae\xebe\x10\x06;0\xc2\x82B\x01-\
0\xe8\xcc\xbe\xee\xa8~\xea\xcd\xce\xea\xce>\x03+\xa0\
\xe8\xd0\xe4\xdf\xb6\xa6\x14'\xe0\x05\xbe>\xe9\xbc\x0e\xe7\
\xe2.\xec\xbb.\xe7\xdb\x1e\x063\xa0\xe5\xadA\x01\xca\
\xbe\xea\xaa\x1e\xef\xcb.\x03\xa5\xfe\xf0\xac\xce\x01\xb9\xd3\
\xdf)A7\x0c\xa0\x04\xdd\xee\xed\x1a\xcf\xedo\xbe\xef\
\x1d\x1f\xe7P\xc0\xdb\xad1\x02\x85\xae\xfe\xee\x0b\xcf\xf0\
\xa8\xfe\xee\xf1N\x03,\xa0\x8b6\xcd\x1b@\xb3\x02a\
\xb0\xf14_\xf35\xaf\x05\x10\xcc\x1b\x07\xa0\x02(\xdf\
\xf3>\x1f\xef \x10\xd2'$\x108\xc0\xed\x98\xbe\xed\
6\x9f\xf4\xbf\xfe\xe6c\x80:\xff\xe3\x8f\x03\xd1\x00/\
\xf0\xf3TO\xf5\x7f\xce\x02\xd1\xcd\xcaPO\xf4\xbc\xbe\
\xe9\x9b\xae\xf4`\xef\xed\x18*\x17\x14_\xa9\x16\xa0\xf2\
U\x9f\xf6\xf1.\x03-\x00\xe1\x84\xc9\x87E?\xec\x94\
.\xf0a_\xf7\xfe^\xe9HP\xf6e\xd1\x01\xec\xae\
\xf6~\xbf\xec\xad\xce\x02\xb1\xda\x87\xbbx\x187\xd0\xe6\
n\x0e\xec\x1eo\xf7I\x8f\xf4:P\xf8Wa\x01\x7f\
?\xf9=\x8f\xf5\x90\xcf\x198\x80\xf8\x8c\xbf\xf9\xe0.\
\xecN?\xbb\x0f\x0f\xed\x94?\xfa\x81.\xf8\xf1\xb7K\
\x00\x90\x02]\xbf\xfaH\xcf\xf94O\x06g\xd0\xfaf\
0\x06v\xde\x16\x070\xf5\x7f~\xf2\xa4\xff\xf7\x84\xbe\
\x02\xea\xa6\x1d\x0b\xe0\x05\xde\xee\xe6\x8b\xef\xfa\xc2\x1e\xec\
\x1d\x1f\xe4Z\xe0\xb3b\xc1\xf3%\xfe\xbf\xfb\x7f\xaf\xf2\
2\xc0\x01zo\xa2\x05q\x04to\xfc\xda/\xecP\
0\xd6EA\xf2\xd0\x1f\xfe)\xff\xb8\x9d\x01\x15#\xc0\
\xf1\xdb\x9f\xfe\xe1N\x03\xe6\x07\x00\x14 \xfe\xf0\xcf\xec\
\x0a\x5c\xedjq\x00\xc2_\xe9\xad\xaf\xfe\x8cO\xfc_\
`\xeeE\xa1\x16\x00\xd1b\xc6@\x82\x05\x0d\x1eD\x98\
P\xe1B\x8224\x00\x00\x10\x00\xe2D\x8a\x15-^\
\xc4\x98Q\xe3F\x8e\x1d#\x02\x10R\x86\x8c\x99\x91e\
L\x9eD\x99R\xe5J\x96-[\x92\xb4\xe1Q\xe6L\
\x9a\x1e%\x02\xa8@\x83\xe1N\x9e=\x13\xd2\x90\x81\xa0\
\xe6P\xa2Eg^0S&\xe9I2.\x9d>\x85\
\x9a\x92\xa4\x99/\x07\x8c^\xc5Z\xf1\xa6\x80\x173d\
\xf8\x04\x1bv\xa1\x0c\x13Y\xcd\x9e\xb5\x09 HS\x91\
&KF\x85\x1bW\xe5\xd4\x1bh\xed\x12\xbd C\x86\
N\xb1}\xfb\xf25pW0\xda\x9b\x06\xc4\xb8E\xfc\
V\xeeb\xa7#\xd9\x96\x01#t\xf0\xe4\x8c\x03\x5c\x0c\
\xfc\xeaW\xb3\xcf\xbd38P\xfe\x06]T\x22\x8a\xc7\
&\x93.e\x9c\x9a%\xc9\x94uC\x87\x96xa\xf3\
\xec\xbe.n\xbe\xc6\xbd\xf1&\x14\xd5\xbd\xe5\x9a9M\
F\x8b\xc5\xdbX%\x1e\x9fX\xfcl\x00\x144\x80\xd2\
\x86\xce\xf3An\xea\x18\x8fG@\xed[{T\x92\xd3\
\xed\x22\xff\xa8\xf5\xfb\x00\xbd3\xf8FG?\xf0\xfc\x0c\
\x11\xd5\xdd_\xd4\xb1]\xfeK\xd3M\xcd\xa8P\x9e\xb5\
\xb8r\xe4\xf9\x89FX/\xbd\xf4\x80\x02J\x86\x18\x0a\
x\xef\xbd\x9b\xb0\x98\xafA\xfa\xca \x02\x22\xff:\x0a\
`B\x00\x04\xb0.\xbc\xac@\x10\xb0C\xcc\x9e\xd3i\
\x82\x04\x15$`\x0c\xe0Js\xd0\xb7\xecL\xf3\x02C\
\x09G\xbcJ \x0fg$\xe83\x18s\x93h\x82\xb6\
R\x9c\xaf\xa9\xd2\x92\xa2\xa0B\xa2,\xd4\x90\x22\x22k\
\x0a\xe0\x80\xe7h\xecP\xa7\x12n\xac\x8e\x84\x15y\xd4\
\x0e\xb5\xa5\xcc\x80\xc1\xb8\x17!z \x82\x0fDp\xa1\
\x05\x10>x\xc0\x81\x22\xb1\xb2`\xaf\xce2cR\xb3\
\xcc\xf6Z\x01J\xeaj`\xfe\x8aJ\xf9\x143\x09\x08\
\xa3n\x0a\xc0\x81\x13|`\xc2\x89&\x9a`bPA\
\x07\x1d4\x09\x1dJP \xab\x0d\x1aj\x93\xb6%\xbf\
rQ\xce\xd0\x8a\xb03S\x93\x8a \xce\xc8\xe4\xc2\xbb\
)\x82\x14\x86@\xb4TSO\x1d\xf4\x07\x13\xcc\xdc\xf2\
\xd3\x8d<\x88\xd4\xc3\xaf\x1a\xb5t\xb2\x9b\xaa\x10\x098\
M\x1d4#\x893\xc1\xbb\xed\xb6\x02V(\x82PD\
\x0bE5Yc\x9b\x18\xc2\x04\x022\xcc(\x04\x83\xd8\
\x8cu3\x1aD\xac\x154\x13w\xe5\x91\x8c'\x90\x14\
\x01\x09B\x9f(\x15YeQ\x0d\x94P$\x1e\xa2\x89\
\x84\x82\xa8\xadv3v\xb3\x9d\xec\x0b\x1f\xa7\xe4V5\
3\xa6\xf0\xf4L\x8a*\x08\xa2\x89C\x99(\xd4\xdcs\
Q=\xd4\x89%\x9a\xe8\xc1\xbb\x17-<\x81\xa0%\xe3\
\x05+@\x87\xe8\xa5L\x8b\x13\xf3m\xf0\x8a\x8f\x8ed\
\xa0\x86e\x0f&\xf9\xd8CK}A2\x7f)J\x01\
3\x8a\xfdZO\x06\x0b0\x9e\x0cW\x8e\x1b$\x03\x8c\
\x22\xfd\xf3`a\x83K\xfe\x15\xf4\xe7\x92Ou\xa2P\
$,8\x12\x00\x16\x0a\x0a\xf0\xe5\x9e\xce\xc3\x96\xe6\xe5\
 \x92\xe2f\x07\xbd\xe8\xd7\xd5\x12F68\xe1\x93\x87\
\x16\x1a\xd1\xa29 2\x80\xa5\xcds\x9a6\x08\xa4\x16\
\x8c\x09\xab\x1b\xfcV\xbc\xe4\x5c0t\xd0t\xcb\x1d\xfa\
\xdc\xb0\x9bxR\xa3\x12$N[,6\x1b`\xfb\xae\
#\xd8B\xf1\xed\xc5\x82\xd0h\x00\x91\xf3\x86<o&\
X\xc8\xef\xa6G\x03\x0f\x8b@\xf5d`\xa0p\xbb\x82\
\xc0W\xf1\xc5^\xb0\xae\x00\x1d\x22G]\xefei\x18\
\xc0S\x89(\x00\x1cs\x9e\xf8\xfa\x8a\x06\xab<7+\
\x00\x18\xea\x13]\xb5\x0f\xfc\x1b`\x87\xa0S'\xfe\xdc\
\x98@\x85\x88\x01\x97e\xcf<\x86\xd6q\xbf\xea&\x1d\
\xa7\xea=5\xc2\xf3K\xe1\xeb\xe2S'XldA\
x8\x22\x02\x98f~\xa1%\x81\xea\x1bz\xe3\x02\xf0\
\x22\xf1\xea\xa3\x1a\x83?\x00(\xa8{\xef\xed\xc1&\xb4\
h&\x92`\xb5\x22\x18:kZ\xf9\x0e\xc2\x17\x0c$\
M}\x1e\x19\xc2\xfb\xfeR#\x05\x0dI\xc4\x00F\xb8\
\x9b\xf6\xee\x17\xb9\xa0\x09\xca\x09?x\x1eE\x22&@\
\x86\xe8\xe4+{I\xc0\x01\xf5\xa3\x02\x052&K\x16\
\xc1\x81\xa9\xec7Ae\x15-\x7f\x03k\x82\x0b,\x02\
;\x0e\x9a\x8fM\xb6\x11aV\x1aP\xc2\xc5\xd0\x8a\x22\
!\xc8\x9f\xdd$\xc8\xc2\x83\xdd\x0dU\x18\xa8\x88\x00b\
PC\xf3\x11$\x049\x14\x0dE\xb2\xc0\xc3\xc6\x9c\x04\
\x09\xadB\xc0\xc2\x88\xb8\xc5S!!\x83\x10\xf9@\x00\
\x99h\x10\x0a@1+40\xcdI\xa8\xa7@\xd6(\
\xc5$\xe03\x12\x0a\x86\xc8\xc5\xed\x99\xeb\x03\x9fj\xc0\
\xf2\xc6x\x10\x19<\xcb\x8cQ<\xc0\x17P\x83\xb8\xd0\
\x89\xae)[\x08\xd6\x85\x8e@GF\x1a\x0a\x08\xfbY\
\xda\xc4\xf6\x88\xb6y\xfd\x91&|\x02\xc0\x0c\x1e\xd3F\
*\xa6\x11\x07\x16\xf1\xc0\x1c\x1bY<\x17V@H\x10\
\xc1\x80W\xc4X\xbe\xce\xbc\xe0y\x06\xb4d\xab R\
\x80\xf6qrG%d\x8d\xc3$$\x84\x15\x8e\xb2x\
\x9f\x8c\x88\x03c\xfe\xb0J\x0e\xca \x03\xb2\x8c%\x85\
^\x14\x83\x5c\x11R\x81o1\x83k(r\x01\xbb\xf9\
r\x82\x05\xb3\x1b\xe1^\x04;b\x96\xcf\x95\xc9\xc4\x0a\
-Q\xb21*^\xe1\x8b\x109]/\xadY\xb2B\
U0K\xc12\xc1$\x0b\x82\xc4\x95\x81S&/\xe8\
\xe4J\x0a\xf81\x00\x18@`\xeb\xbc\x9f\x11\x07\x85\x04\
\xe5\x18`\x89\xf2tA\xa5\xec)\x9a$\xd4\xa9\x93;\
\xb8\x085\x01\xdaHm\xbe(/\x06\xe9f\x93T\xd9\
\x19\xaf\xf8p\xa1F)\x00\x83\xdc\xc7-g\x9eD\x0b\
\x81\xd1\x8a\x09&\xda\xc8\x0e\xb8\x8a9\x1c\xd5\x9c\xd38\
:\x03\x09`\xf2\xa3C\xa9P\x04\xbe\xf0\xbe\xc4}&\
?9\xe8\xdeJ\xb7(CO!\xe0\xa0\xb2[\xcf\x06\
n\x9a\xbb\x0f\xb8Qq\xf6A\x09\x0a\x129\x11q\x09\
\x95\x8b?@\xa6\x02`\x80\x19xEJ\x92%\x00\xcf\
Rq:\x11\x19\xbce\xa4v2\xc3\x18N\x92\x82N\
\x01\x80\x01@\xb3\xea5\xfd\xd8\xaa\x05l\xb5|,\x98\
k=\xc5\xca\xfe\x91\x9b\x84\xc4\xa9$e\xcdi\xca\x92\
\x91\x0e\x98K\x94q\xcd\x9b\x04\xda\xca\x80\x18t5V\
\x99i\x81\xca\xf6:\xa4-1\x13q\x1c#Cf\x07\
\x1b\xd6\x89\xa0\x00\xb1\x5c\xbcc\xa7\x02\xb0\x00\xc7\xc6\x8a\
\x06%@\xd0E`9\xd93u\x00\x0cx\xdaUf\
I ?\x96\x8d\xec\xb3\xdb\x03\x01g)\xd2\x00\xbbR\
\x8c\x06dc\xad`\x1cp\x05\xc7H\xc5-\x85\x5c\x8d\
YS\x82\x85Jf$\x05u\xbb-n\xe5F\x11\x03\
\xb8k\xa6hC\x08\x9b\xe0\xf5&\xaf \x04(\x13X\
mpib\x80\x86r\xd2\x96+\xf9\x91J|\xf4\x96\
1\xe0\xe0YIK\x81:\xa3[D8N\xf78\x13\
\xb8\x0c\xe0\xae\xabG\xdam\xce<\x1c\x05\xe0\x0c\x5c\xa0\
\x00\xdd\x8a7w)\xd0\x82q\xcf\x8a\x98\xb6\xac11\
e\x98\xc2\xcc\xa6\x8a\x91\xe7Bw\xbe\xa8\xabo\xd6(\
R\x00i\xa9\x92|\xff5\xcfs\xa8\xe5X\x0f\xc2@\
\x03\x04\x08\xaf\x81\x872\x80\x15tA)(\xd2\x15K\
.\xbb\x12\xfe1\xd4\x00C\x13\xc6\x88\x1c-|a\xc8\
\x81oB\xf9y\x00\x0bt\xc2\x97\xf3\x94\xf6C\x1e\x96\
X\x0cN\xacW\x15k\x09\x22\x04x\x81\x17P\xe2#\
\x87\x22fEo\xd9\x82\x0d\x1cV\xe0\x8b\xa8`\xc7<\
\xce\xdb\x13U\xab\x11\x07\x84\xa0\xb1\x0a\xf9\xa0z\x1a\xe2\
\xc1\x81\xc4`\x03y\x0df\x93\x05#,\x18Da\x90\
sY\xc9R\xc6@\x84\x96\xb6\x95#\x15\x06s\xeaB\
\x9b4\xe5\x10\xe0\x02*@\xdbL\xf7\x0b\xa9\x18\x90\xe0\
\x02yM\xb1\x9c\xd3\xe2*\x88 `\x04>\x98\x224\
\x99\xc2\x9a\xa6\x84\xc1\x09,\xb8\xddt\xf9\xca\x81j\x06\
\x1ar\xe0\xe5+\x97\x15\xa0\x01\x11\xb4\xac!jz\xd7\
\x096\xd0\x00\x852Y\xd2\x84\xb9\x88\x03X\xc0\x83\x1e\
\xf4 \x09R\x006\x15\x90\xc0\x83\x14d`\x01\x1a\x1e\
\xca[M\x1d9&\xa4\xd6\xcf\x94\x165\x02\x22\x90\x81\
\x0f|\xc0\x03\x14\xc0\xf6\x04\x12\x00\xe7[w\x9b\x22I\
X\xf6\xd0\x04\xf5\x83H{\xdb\xdcg\x11\xc0\x0d\xc2\x9d\
\xac\xa2\xfe%\x8c\x09\xa4;w\xbcq\x04\x91\x13\x08L\
\xbe\x81.\x94\x07l-o~\x9b\x05\x03\xebV\x1d\xa1\
*\xdao\x82\x0f\xc6\x9f\x02\x05\xf8\xdd\xf6W\xee\x827\
\xbc#\xa7\xfb'\xc0\x8f\x95\xbf\x18\xec\xdb\xe1\x17\xe7k\
D0\x80M\x80K\xb0\x7f\x18\x07\xf9\x9e\x84 \xf1d\
\xe9\x00\xda!G\xb9L@@\xb4{\xaf\xf4d\xc7L\
y\xccg\x22\x11\x02\x80\xdb{\x87\x8d\xee\x10\x18.s\
\x94{\x99\xe4A\x0c-\xcf\x85\xae\x11\x89\x08 \x8b\xa5\
n\xf9D\x05\xe5\xc5\xa17\x9d#$\x988\xc2\xe7[\
(\xa5:\xdd\xeac\x06*\xdeLM\xba\x9d_\xfd\xdc\
\xfb\x81\xc8\x01\xc4%\xf5\xa9\x07\x01\xc5^G{E,\
 DS/A\x9b]O{\xc1W`(d%\xec\
\xb6\xed\x81{\xdc\x0b.\x80\x1f\xb4\x1b\xbad\xdf\xa2\x0b\
\xa1\x0bLd\xeb\x9d\xe7B:@\x0f\x02\x85\xcd\xa4\x93\
2]\x85\xba\xc19\x0d\x1fw\x02\x00\xd5\xef_\x1e%\
\xb2`P\xeb\xbcO\xde\xdc\xb7\x11\x80\x0c\x80&\xf8u\
\x16\xe6-N\xae\xb3\xb8\xe7/~\x1b\x16\x94\x1a\xe7[\
l\xcf\xb3U\x8fv\x11X\xb8\xf1\x90#\x98R;?\
{\x82+\xc7\x01:\x88\xa0/k\xe0QQ\xf3>\xed\
\x19 B\xa9\x95\x0fW\x92\xb5\xb3P@\x88Z\xea\x8d\
\x7fu\x02\x94\xa0\xaa\xcb\xf7\x1e\xd1\x08%\xd0\xfd\xe5\x16\
\x99\xd3\x9f\xbcr\x0e\xd0\x02qiox\x11G\xbf\x0a\
\x8f\x90\x02g\xdb\x14\xfc\x9ew?\x00,\xd0\x02\x08\xba\
0\xa8\xb6=\x15\x11T\xa0\xd8\xefK\xff\xfd2\x07\xbb\
\x9b\xa8\x00b\xf9\xbb\x89C\x94!H\x01\xef8\x0e\xb0\
\xfb\xbf\x06\xbc\x08\x05x\x00\x0d\x00\x01\x16h\x81\x17X\
\x81\x0f\xc8\x00\x088\x00\x1c\xbb\x10\x7f\xd9=\x07,8\
\x0b\x09\x16X\xa2\xad\x0f\x04\xc1\xaf\x93\xbd1\x8b\xa2\x13\
d\xc1\x16t\xc1\x17\x84\xc1\x18\x94\xc1\x19\xa4\xc1\x1a\xb4\
\xc1\x1b\xc4\xc1\x1c\xd4\xc1\x1d\xe4\xc1\x1e\xf4\xc1\x1f\x04\xc2\
 \x14\xc2!\xcc\x8a\x80\x00\x00!\xf9\x04\x08\x08\x00\x00\
\x00!\xff\x0bMGK8BIM0000\xff\
8BIM\x04%\x00\x00\x00\x00\x00\x10\x00\x00\x00\x00\
\x00\x00\x00\x00\x00\x00\x00\x00\x00\x00\x00\x008BIM\
\x04:\x00\x00\x00\x00\x00\xad\x00\x00\x00\x10\x00\x00\x00\x01\
\x00\x00\x00\x00\x00\x0bprintOutpu\
t\x00\x00\x00\x04\x00\x00\x00\x00PstSboo\
l\x01\x00\x00\x00\x00Inteenum\x00\x00\
\x00\x00Inte\x00\x00\x00\x00Clrm\x00\x00\
\x00\x0fprintSixteenBi\
tbool\x00\x00\x00\x00\x0bprinte\
rNameTEXT\x00\x00\x00\x1c\x00B\x00\
r\x00o\x00t\x00h\x00e\x00r\x00 \x00M\x00\
F\x00C\x00-\x00J\x006\x007\x001\x000\x00\
D\x00W\x00 \x00P\x00r\x00i\x00n\x00t\x00\
e\x00r\x00\x00\x008BIM\x04;\x00\x00\x00\x00\
\x01\xb2\x00\x00\x00\x10\x00\x00\x00\x01\x00\x00\x00\x00\x00\x12\
printOutputOpti\xff\
ons\x00\x00\x00\x12\x00\x00\x00\x00Cptnb\
ool\x00\x00\x00\x00\x00Clbrbool\
\x00\x00\x00\x00\x00RgsMbool\x00\x00\x00\
\x00\x00CrnCbool\x00\x00\x00\x00\x00C\
ntCbool\x00\x00\x00\x00\x00Lbls\
bool\x00\x00\x00\x00\x00Ngtvboo\
l\x00\x00\x00\x00\x00EmlDbool\x00\x00\
\x00\x00\x00Intrbool\x00\x00\x00\x00\x00\
BckgObjc\x00\x00\x00\x01\x00\x00\x00\x00\
\x00\x00RGBC\x00\x00\x00\x03\x00\x00\x00\x00Rd\
  doub@o\xe0\x00\x00\x00\x00\x00\x00\x00\
\x00\x00Grn doub@o\xe0\x00\x00\x00\
\x00\x00\x00\x00\x00\x00Bl  doub@o\
\xe0\x00\x00\x00\x00\x00\x00\x00\x00\x00BrdTUn\
tF#Rlt\x00\x00\x00\x00\x00\x00\x00\x00\x00\x00\
\x00\x00Bld UntF#Rlt\x00\xff\
\x00\x00\x00\x00\x00\x00\x00\x00\x00\x00\x00RsltU\
ntF#Pxl@X\x1f\xa7\x80\x00\x00\x00\x00\
\x00\x00\x0avectorDataboo\
l\x01\x00\x00\x00\x00PgPsenum\x00\x00\
\x00\x00PgPs\x00\x00\x00\x00PgPC\x00\x00\
\x00\x00LeftUntF#Rlt\x00\x00\
\x00\x00\x00\x00\x00\x00\x00\x00\x00\x00Top Un\
tF#Rlt\x00\x00\x00\x00\x00\x00\x00\x00\x00\x00\
\x00\x00Scl UntF#Prc@Y\
\x00\x00\x00\x00\x00\x008BIM\x03\xed\x00\x00\x00\x00\
\x00\x10\x00`~\x9e\x00\x01\x00\x02\x00`~\x9e\x00\x01\
\x00\x028BIM\x04&\x00\x00\x00\x00\x00\x0e\x00\x00\
\x00\x00\x00\x00\x00\x00\x00\x00?\x80\x00\x008BIM\
\x04\x0d\x00\x00\x00\x00\x00\x04\x00\x00\x00x8BIM\
\x04\x19\x00\x00\x00\x00\x00\x04\x00\x00\x00\x1e8BIM\
\x03\xf3\x00\x00\x00\x00\x00\x09\x00\x00\x00\x00\x00\x00\x00\xff\
\x00\x01\x008BIM'\x10\x00\x00\x00\x00\x00\x0a\x00\
\x01\x00\x00\x00\x00\x00\x00\x00\x028BIM\x03\xf5\x00\
\x00\x00\x00\x00H\x00/ff\x00\x01\x00lff\x00\
\x06\x00\x00\x00\x00\x00\x01\x00/ff\x00\x01\x00\xa1\x99\
\x9a\x00\x06\x00\x00\x00\x00\x00\x01\x002\x00\x00\x00\x01\x00\
Z\x00\x00\x00\x06\x00\x00\x00\x00\x00\x01\x005\x00\x00\x00\
\x01\x00-\x00\x00\x00\x06\x00\x00\x00\x00\x00\x018BI\
M\x03\xf8\x00\x00\x00\x00\x00p\x00\x00\xff\xff\xff\xff\xff\
\xff\xff\xff\xff\xff\xff\xff\xff\xff\xff\xff\xff\xff\xff\xff\xff\
\xff\x03\xe8\x00\x00\x00\x00\xff\xff\xff\xff\xff\xff\xff\xff\xff\
\xff\xff\xff\xff\xff\xff\xff\xff\xff\xff\xff\xff\xff\x03\xe8\x00\
\x00\x00\x00\xff\xff\xff\xff\xff\xff\xff\xff\xff\xff\xff\xff\xff\
\xff\xff\xff\xff\xff\xff\xff\xff\xff\x03\xe8\x00\x00\x00\x00\xff\
\xff\xff\xff\xff\xff\xff\xff\xff\xff\xff\xff\xff\xff\xff\xff\xff\
\xff\xff\xff\xff\xff\x03\xe8\x00\x008BIM\x04\x00\x00\
\x00\x00\x00\x00\x02\x00\x098BIM\x04\x02\x00\x00\xff\
\x00\x00\x00\x16\x00\x00\x00\x00\x00\x00\x00\x00\x00\x00\x00\x00\
\x00\x00\x00\x00\x00\x00\x00\x00\x00\x008BIM\x040\
\x00\x00\x00\x00\x00\x0b\x01\x01\x01\x01\x01\x01\x01\x01\x01\x01\
\x01\x008BIM\x04-\x00\x00\x00\x00\x00\x06\x00\x01\
\x00\x00\x00%8BIM\x04\x08\x00\x00\x00\x00\x00\x10\
\x00\x00\x00\x01\x00\x00\x02@\x00\x00\x02@\x00\x00\x00\x00\
8BIM\x04\x1e\x00\x00\x00\x00\x00\x04\x00\x00\x00\x00\
8BIM\x04\x1a\x00\x00\x00\x00\x03K\x00\x00\x00\x06\
\x00\x00\x00\x00\x00\x00\x00\x00\x00\x00\x01,\x00\x00\x01,\
\x00\x00\x00\x0b\x00N\x00a\x00m\x00n\x00l\x00\xf6\
\x00s\x00t\x00-\x001\x003\x00\x00\x00\x01\x00\x00\
\x00\x00\x00\x00\x00\x00\x00\x00\x00\x00\x00\x00\x00\x00\x00\x00\
\x00\x01\x00\x00\x00\x00\x00\x00\x00\x00\x00\x00\x01,\x00\x00\
\x01,\x00\x00\x00\x00\x00\x00\x00\x00\x00\x00\x00\x00\x00\x00\
\x00\x00\x01\x00\x00\x00\x00\x00\x00\x00\x00\x00\x00\x00\x00\x00\
\x00\x00\x00\x00\x00\x00\x10\x00\x00\x00\x01\x00\x00\x00\x00\xff\
\x00\x00null\x00\x00\x00\x02\x00\x00\x00\x06bo\
undsObjc\x00\x00\x00\x01\x00\x00\x00\x00\
\x00\x00Rct1\x00\x00\x00\x04\x00\x00\x00\x00To\
p long\x00\x00\x00\x00\x00\x00\x00\x00Le\
ftlong\x00\x00\x00\x00\x00\x00\x00\x00Bt\
omlong\x00\x00\x01,\x00\x00\x00\x00Rg\
htlong\x00\x00\x01,\x00\x00\x00\x06sl\
icesVlLs\x00\x00\x00\x01Objc\
\x00\x00\x00\x01\x00\x00\x00\x00\x00\x05slice\x00\
\x00\x00\x12\x00\x00\x00\x07sliceIDlo\
ng\x00\x00\x00\x00\x00\x00\x00\x07groupI\
Dlong\x00\x00\x00\x00\x00\x00\x00\x06ori\
ginenum\x00\x00\x00\x0cESlic\
eOrigin\x00\x00\x00\x0dautoG\
enerated\x00\x00\x00\x00Type\
enum\x00\x00\x00\x0aESliceT\xff\
ype\x00\x00\x00\x00Img \x00\x00\x00\x06b\
oundsObjc\x00\x00\x00\x01\x00\x00\x00\
\x00\x00\x00Rct1\x00\x00\x00\x04\x00\x00\x00\x00T\
op long\x00\x00\x00\x00\x00\x00\x00\x00L\
eftlong\x00\x00\x00\x00\x00\x00\x00\x00B\
tomlong\x00\x00\x01,\x00\x00\x00\x00R\
ghtlong\x00\x00\x01,\x00\x00\x00\x03u\
rlTEXT\x00\x00\x00\x01\x00\x00\x00\x00\x00\x00\
nullTEXT\x00\x00\x00\x01\x00\x00\x00\x00\
\x00\x00MsgeTEXT\x00\x00\x00\x01\x00\x00\
\x00\x00\x00\x06altTagTEXT\x00\x00\
\x00\x01\x00\x00\x00\x00\x00\x0ecellText\
IsHTMLbool\x01\x00\x00\x00\x08c\
ellTextTEXT\x00\x00\x00\x01\x00\
\x00\x00\x00\x00\x09horzAlignen\
um\x00\x00\x00\x0fESliceHor\xff\
zAlign\x00\x00\x00\x07defaul\
t\x00\x00\x00\x09vertAlignen\
um\x00\x00\x00\x0fESliceVert\
Align\x00\x00\x00\x07default\
\x00\x00\x00\x0bbgColorTypee\
num\x00\x00\x00\x11ESliceBGC\
olorType\x00\x00\x00\x00None\
\x00\x00\x00\x09topOutsetlon\
g\x00\x00\x00\x00\x00\x00\x00\x0aleftOut\
setlong\x00\x00\x00\x00\x00\x00\x00\x0cb\
ottomOutsetlong\x00\
\x00\x00\x00\x00\x00\x00\x0brightOuts\
etlong\x00\x00\x00\x00\x008BIM\x04\
(\x00\x00\x00\x00\x00\x0c\x00\x00\x00\x02?\xf0\x00\x00\x00\
\x00\x00\x008BIM\x04\x14\x00\x00\x00\x00\x00\x04\x00\
\x00\x00&8BIM\x04\x0c\x00\x00\x00\x00\x19O\xff\
\x00\x00\x00\x01\x00\x00\x00\xa0\x00\x00\x00\xa0\x00\x00\x01\xe0\
\x00\x01,\x00\x00\x00\x193\x00\x18\x00\x01\xff\xd8\xff\xe2\
\x0cXICC_PROFILE\x00\x01\x01\
\x00\x00\x0cHLino\x02\x10\x00\x00mntr\
RGB XYZ \x07\xce\x00\x02\x00\x09\x00\x06\
\x001\x00\x00acspMSFT\x00\x00\x00\x00\
IEC sRGB\x00\x00\x00\x00\x00\x00\x00\x00\
\x00\x00\x00\x00\x00\x00\xf6\xd6\x00\x01\x00\x00\x00\x00\xd3-\
HP  \x00\x00\x00\x00\x00\x00\x00\x00\x00\x00\x00\x00\
\x00\x00\x00\x00\x00\x00\x00\x00\x00\x00\x00\x00\x00\x00\x00\x00\
\x00\x00\x00\x00\x00\x00\x00\x00\x00\x00\x00\x00\x00\x00\x00\x00\
\x00\x00\x00\x11cprt\x00\x00\x01P\x00\x00\x003\
desc\x00\x00\x01\x84\x00\x00\x00lwtpt\
\x00\x00\x01\xf0\x00\x00\x00\x14bkpt\x00\x00\x02\x04\
\x00\x00\x00\x14rXYZ\x00\x00\x02\x18\x00\x00\x00\x14\
gXYZ\x00\x00\x02,\x00\x00\x00\x14bXY\xff\
Z\x00\x00\x02@\x00\x00\x00\x14dmnd\x00\x00\x02\
T\x00\x00\x00pdmdd\x00\x00\x02\xc4\x00\x00\x00\
\x88vued\x00\x00\x03L\x00\x00\x00\x86vie\
w\x00\x00\x03\xd4\x00\x00\x00$lumi\x00\x00\x03\
\xf8\x00\x00\x00\x14meas\x00\x00\x04\x0c\x00\x00\x00\
$tech\x00\x00\x040\x00\x00\x00\x0crTR\
C\x00\x00\x04<\x00\x00\x08\x0cgTRC\x00\x00\x04\
<\x00\x00\x08\x0cbTRC\x00\x00\x04<\x00\x00\x08\
\x0ctext\x00\x00\x00\x00Copyrig\
ht (c) 1998 Hewl\
ett-Packard Comp\
any\x00\x00desc\x00\x00\x00\x00\x00\x00\x00\
\x12sRGB IEC61966-2\
.1\x00\x00\x00\x00\x00\x00\x00\x00\x00\x00\x00\x12sR\
GB IEC61966-2.1\x00\
\x00\x00\x00\x00\x00\x00\x00\x00\x00\x00\x00\x00\x00\x00\x00\xff\
\x00\x00\x00\x00\x00\x00\x00\x00\x00\x00\x00\x00\x00\x00\x00\x00\
\x00\x00\x00\x00\x00\x00\x00\x00\x00\x00\x00\x00\x00\x00\x00\x00\
\x00\x00XYZ \x00\x00\x00\x00\x00\x00\xf3Q\x00\x01\
\x00\x00\x00\x01\x16\xccXYZ \x00\x00\x00\x00\x00\x00\
\x00\x00\x00\x00\x00\x00\x00\x00\x00\x00XYZ \x00\x00\
\x00\x00\x00\x00o\xa2\x00\x008\xf5\x00\x00\x03\x90XY\
Z \x00\x00\x00\x00\x00\x00b\x99\x00\x00\xb7\x85\x00\x00\
\x18\xdaXYZ \x00\x00\x00\x00\x00\x00$\xa0\x00\x00\
\x0f\x84\x00\x00\xb6\xcfdesc\x00\x00\x00\x00\x00\x00\
\x00\x16IEC http://www\
.iec.ch\x00\x00\x00\x00\x00\x00\x00\x00\x00\
\x00\x00\x16IEC http://ww\
w.iec.ch\x00\x00\x00\x00\x00\x00\x00\x00\
\x00\x00\x00\x00\x00\x00\x00\x00\x00\x00\x00\x00\x00\x00\x00\x00\
\x00\x00\x00\x00\x00\x00\x00\x00\x00\x00\x00\x00\x00\x00\x00\x00\
\x00\x00\x00\x00\x00\x00desc\x00\x00\x00\x00\x00\xff\
\x00\x00.IEC 61966-2.1\
 Default RGB col\
our space - sRGB\
\x00\x00\x00\x00\x00\x00\x00\x00\x00\x00\x00.IEC \
61966-2.1 Defaul\
t RGB colour spa\
ce - sRGB\x00\x00\x00\x00\x00\x00\x00\
\x00\x00\x00\x00\x00\x00\x00\x00\x00\x00\x00\x00\x00\x00\x00d\
esc\x00\x00\x00\x00\x00\x00\x00,Refer\
ence Viewing Con\
dition in IEC619\
66-2.1\x00\x00\x00\x00\x00\x00\x00\x00\x00\x00\
\x00,Reference View\
ing Condition in\
 IEC61966-2.1\x00\x00\x00\
\x00\x00\x00\x00\x00\x00\x00\x00\x00\x00\x00\x00\x00\x00\x00\xff\
\x00\x00\x00\x00\x00\x00\x00\x00view\x00\x00\x00\x00\
\x00\x13\xa4\xfe\x00\x14_.\x00\x10\xcf\x14\x00\x03\xed\xcc\
\x00\x04\x13\x0b\x00\x03\x5c\x9e\x00\x00\x00\x01XYZ \
\x00\x00\x00\x00\x00L\x09V\x00P\x00\x00\x00W\x1f\xe7\
meas\x00\x00\x00\x00\x00\x00\x00\x01\x00\x00\x00\x00\
\x00\x00\x00\x00\x00\x00\x00\x00\x00\x00\x00\x00\x00\x00\x02\x8f\
\x00\x00\x00\x02sig \x00\x00\x00\x00CRT \
curv\x00\x00\x00\x00\x00\x00\x04\x00\x00\x00\x00\x05\
\x00\x0a\x00\x0f\x00\x14\x00\x19\x00\x1e\x00#\x00(\x00-\
\x002\x007\x00;\x00@\x00E\x00J\x00O\x00T\
\x00Y\x00^\x00c\x00h\x00m\x00r\x00w\x00|\
\x00\x81\x00\x86\x00\x8b\x00\x90\x00\x95\x00\x9a\x00\x9f\x00\xa4\
\x00\xa9\x00\xae\x00\xb2\x00\xb7\x00\xbc\x00\xc1\x00\xc6\x00\xcb\
\x00\xd0\x00\xd5\x00\xdb\x00\xe0\x00\xe5\x00\xeb\x00\xf0\x00\xf6\
\x00\xfb\x01\x01\x01\x07\x01\x0d\x01\x13\x01\x19\x01\x1f\x01%\
\x01+\x012\x018\x01>\x01E\x01L\x01R\x01\xff\
Y\x01`\x01g\x01n\x01u\x01|\x01\x83\x01\x8b\x01\
\x92\x01\x9a\x01\xa1\x01\xa9\x01\xb1\x01\xb9\x01\xc1\x01\xc9\x01\
\xd1\x01\xd9\x01\xe1\x01\xe9\x01\xf2\x01\xfa\x02\x03\x02\x0c\x02\
\x14\x02\x1d\x02&\x02/\x028\x02A\x02K\x02T\x02\
]\x02g\x02q\x02z\x02\x84\x02\x8e\x02\x98\x02\xa2\x02\
\xac\x02\xb6\x02\xc1\x02\xcb\x02\xd5\x02\xe0\x02\xeb\x02\xf5\x03\
\x00\x03\x0b\x03\x16\x03!\x03-\x038\x03C\x03O\x03\
Z\x03f\x03r\x03~\x03\x8a\x03\x96\x03\xa2\x03\xae\x03\
\xba\x03\xc7\x03\xd3\x03\xe0\x03\xec\x03\xf9\x04\x06\x04\x13\x04\
 \x04-\x04;\x04H\x04U\x04c\x04q\x04~\x04\
\x8c\x04\x9a\x04\xa8\x04\xb6\x04\xc4\x04\xd3\x04\xe1\x04\xf0\x04\
\xfe\x05\x0d\x05\x1c\x05+\x05:\x05I\x05X\x05g\x05\
w\x05\x86\x05\x96\x05\xa6\x05\xb5\x05\xc5\x05\xd5\x05\xe5\x05\
\xf6\x06\x06\x06\x16\x06'\x067\x06H\x06Y\x06j\x06\
{\x06\x8c\x06\x9d\x06\xaf\x06\xc0\x06\xd1\x06\xe3\x06\xf5\x07\
\x07\x07\x19\x07+\x07=\x07O\x07a\x07t\x07\x86\xff\
\x07\x99\x07\xac\x07\xbf\x07\xd2\x07\xe5\x07\xf8\x08\x0b\x08\x1f\
\x082\x08F\x08Z\x08n\x08\x82\x08\x96\x08\xaa\x08\xbe\
\x08\xd2\x08\xe7\x08\xfb\x09\x10\x09%\x09:\x09O\x09d\
\x09y\x09\x8f\x09\xa4\x09\xba\x09\xcf\x09\xe5\x09\xfb\x0a\x11\
\x0a'\x0a=\x0aT\x0aj\x0a\x81\x0a\x98\x0a\xae\x0a\xc5\
\x0a\xdc\x0a\xf3\x0b\x0b\x0b\x22\x0b9\x0bQ\x0bi\x0b\x80\
\x0b\x98\x0b\xb0\x0b\xc8\x0b\xe1\x0b\xf9\x0c\x12\x0c*\x0cC\
\x0c\x5c\x0cu\x0c\x8e\x0c\xa7\x0c\xc0\x0c\xd9\x0c\xf3\x0d\x0d\
\x0d&\x0d@\x0dZ\x0dt\x0d\x8e\x0d\xa9\x0d\xc3\x0d\xde\
\x0d\xf8\x0e\x13\x0e.\x0eI\x0ed\x0e\x7f\x0e\x9b\x0e\xb6\
\x0e\xd2\x0e\xee\x0f\x09\x0f%\x0fA\x0f^\x0fz\x0f\x96\
\x0f\xb3\x0f\xcf\x0f\xec\x10\x09\x10&\x10C\x10a\x10~\
\x10\x9b\x10\xb9\x10\xd7\x10\xf5\x11\x13\x111\x11O\x11m\
\x11\x8c\x11\xaa\x11\xc9\x11\xe8\x12\x07\x12&\x12E\x12d\
\x12\x84\x12\xa3\x12\xc3\x12\xe3\x13\x03\x13#\x13C\x13c\
\x13\x83\x13\xa4\x13\xc5\x13\xe5\x14\x06\x14'\x14I\x14\xff\
j\x14\x8b\x14\xad\x14\xce\x14\xf0\x15\x12\x154\x15V\x15\
x\x15\x9b\x15\xbd\x15\xe0\x16\x03\x16&\x16I\x16l\x16\
\x8f\x16\xb2\x16\xd6\x16\xfa\x17\x1d\x17A\x17e\x17\x89\x17\
\xae\x17\xd2\x17\xf7\x18\x1b\x18@\x18e\x18\x8a\x18\xaf\x18\
\xd5\x18\xfa\x19 \x19E\x19k\x19\x91\x19\xb7\x19\xdd\x1a\
\x04\x1a*\x1aQ\x1aw\x1a\x9e\x1a\xc5\x1a\xec\x1b\x14\x1b\
;\x1bc\x1b\x8a\x1b\xb2\x1b\xda\x1c\x02\x1c*\x1cR\x1c\
{\x1c\xa3\x1c\xcc\x1c\xf5\x1d\x1e\x1dG\x1dp\x1d\x99\x1d\
\xc3\x1d\xec\x1e\x16\x1e@\x1ej\x1e\x94\x1e\xbe\x1e\xe9\x1f\
\x13\x1f>\x1fi\x1f\x94\x1f\xbf\x1f\xea \x15 A \
l \x98 \xc4 \xf0!\x1c!H!u!\xa1!\
\xce!\xfb\x22'\x22U\x22\x82\x22\xaf\x22\xdd#\x0a#\
8#f#\x94#\xc2#\xf0$\x1f$M$|$\
\xab$\xda%\x09%8%h%\x97%\xc7%\xf7&\
'&W&\x87&\xb7&\xe8'\x18'I'z'\
\xab'\xdc(\x0d(?(q(\xa2(\xd4)\x06\xff\
)8)k)\x9d)\xd0*\x02*5*h*\x9b\
*\xcf+\x02+6+i+\x9d+\xd1,\x05,9\
,n,\xa2,\xd7-\x0c-A-v-\xab-\xe1\
.\x16.L.\x82.\xb7.\xee/$/Z/\x91\
/\xc7/\xfe050l0\xa40\xdb1\x121J\
1\x821\xba1\xf22*2c2\x9b2\xd43\x0d\
3F3\x7f3\xb83\xf14+4e4\x9e4\xd8\
5\x135M5\x875\xc25\xfd676r6\xae\
6\xe97$7`7\x9c7\xd78\x148P8\x8c\
8\xc89\x059B9\x7f9\xbc9\xf9:6:t\
:\xb2:\xef;-;k;\xaa;\xe8<'<e\
<\xa4<\xe3=\x22=a=\xa1=\xe0> >`\
>\xa0>\xe0?!?a?\xa2?\xe2@#@d\
@\xa6@\xe7A)AjA\xacA\xeeB0Br\
B\xb5B\xf7C:C}C\xc0D\x03DGD\x8a\
D\xceE\x12EUE\x9aE\xdeF\x22FgF\xff\
\xabF\xf0G5G{G\xc0H\x05HKH\x91H\
\xd7I\x1dIcI\xa9I\xf0J7J}J\xc4K\
\x0cKSK\x9aK\xe2L*LrL\xbaM\x02M\
JM\x93M\xdcN%NnN\xb7O\x00OIO\
\x93O\xddP'PqP\xbbQ\x06QPQ\x9bQ\
\xe6R1R|R\xc7S\x13S_S\xaaS\xf6T\
BT\x8fT\xdbU(UuU\xc2V\x0fV\x5cV\
\xa9V\xf7WDW\x92W\xe0X/X}X\xcbY\
\x1aYiY\xb8Z\x07ZVZ\xa6Z\xf5[E[\
\x95[\xe5\x5c5\x5c\x86\x5c\xd6]']x]\xc9^\
\x1a^l^\xbd_\x0f_a_\xb3`\x05`W`\
\xaa`\xfcaOa\xa2a\xf5bIb\x9cb\xf0c\
Cc\x97c\xebd@d\x94d\xe9e=e\x92e\
\xe7f=f\x92f\xe8g=g\x93g\xe9h?h\
\x96h\xeciCi\x9ai\xf1jHj\x9fj\xf7k\
Ok\xa7k\xfflWl\xafm\x08m`m\xb9\xff\
n\x12nkn\xc4o\x1eoxo\xd1p+p\x86\
p\xe0q:q\x95q\xf0rKr\xa6s\x01s]\
s\xb8t\x14tpt\xccu(u\x85u\xe1v>\
v\x9bv\xf8wVw\xb3x\x11xnx\xccy*\
y\x89y\xe7zFz\xa5{\x04{c{\xc2|!\
|\x81|\xe1}A}\xa1~\x01~b~\xc2\x7f#\
\x7f\x84\x7f\xe5\x80G\x80\xa8\x81\x0a\x81k\x81\xcd\x820\
\x82\x92\x82\xf4\x83W\x83\xba\x84\x1d\x84\x80\x84\xe3\x85G\
\x85\xab\x86\x0e\x86r\x86\xd7\x87;\x87\x9f\x88\x04\x88i\
\x88\xce\x893\x89\x99\x89\xfe\x8ad\x8a\xca\x8b0\x8b\x96\
\x8b\xfc\x8cc\x8c\xca\x8d1\x8d\x98\x8d\xff\x8ef\x8e\xce\
\x8f6\x8f\x9e\x90\x06\x90n\x90\xd6\x91?\x91\xa8\x92\x11\
\x92z\x92\xe3\x93M\x93\xb6\x94 \x94\x8a\x94\xf4\x95_\
\x95\xc9\x964\x96\x9f\x97\x0a\x97u\x97\xe0\x98L\x98\xb8\
\x99$\x99\x90\x99\xfc\x9ah\x9a\xd5\x9bB\x9b\xaf\x9c\x1c\
\x9c\x89\x9c\xf7\x9dd\x9d\xd2\x9e@\x9e\xae\x9f\x1d\x9f\xff\
\x8b\x9f\xfa\xa0i\xa0\xd8\xa1G\xa1\xb6\xa2&\xa2\x96\xa3\
\x06\xa3v\xa3\xe6\xa4V\xa4\xc7\xa58\xa5\xa9\xa6\x1a\xa6\
\x8b\xa6\xfd\xa7n\xa7\xe0\xa8R\xa8\xc4\xa97\xa9\xa9\xaa\
\x1c\xaa\x8f\xab\x02\xabu\xab\xe9\xac\x5c\xac\xd0\xadD\xad\
\xb8\xae-\xae\xa1\xaf\x16\xaf\x8b\xb0\x00\xb0u\xb0\xea\xb1\
`\xb1\xd6\xb2K\xb2\xc2\xb38\xb3\xae\xb4%\xb4\x9c\xb5\
\x13\xb5\x8a\xb6\x01\xb6y\xb6\xf0\xb7h\xb7\xe0\xb8Y\xb8\
\xd1\xb9J\xb9\xc2\xba;\xba\xb5\xbb.\xbb\xa7\xbc!\xbc\
\x9b\xbd\x15\xbd\x8f\xbe\x0a\xbe\x84\xbe\xff\xbfz\xbf\xf5\xc0\
p\xc0\xec\xc1g\xc1\xe3\xc2_\xc2\xdb\xc3X\xc3\xd4\xc4\
Q\xc4\xce\xc5K\xc5\xc8\xc6F\xc6\xc3\xc7A\xc7\xbf\xc8\
=\xc8\xbc\xc9:\xc9\xb9\xca8\xca\xb7\xcb6\xcb\xb6\xcc\
5\xcc\xb5\xcd5\xcd\xb5\xce6\xce\xb6\xcf7\xcf\xb8\xd0\
9\xd0\xba\xd1<\xd1\xbe\xd2?\xd2\xc1\xd3D\xd3\xc6\xd4\
I\xd4\xcb\xd5N\xd5\xd1\xd6U\xd6\xd8\xd7\x5c\xd7\xe0\xd8\
d\xd8\xe8\xd9l\xd9\xf1\xdav\xda\xfb\xdb\x80\xdc\x05\xff\
\xdc\x8a\xdd\x10\xdd\x96\xde\x1c\xde\xa2\xdf)\xdf\xaf\xe06\
\xe0\xbd\xe1D\xe1\xcc\xe2S\xe2\xdb\xe3c\xe3\xeb\xe4s\
\xe4\xfc\xe5\x84\xe6\x0d\xe6\x96\xe7\x1f\xe7\xa9\xe82\xe8\xbc\
\xe9F\xe9\xd0\xea[\xea\xe5\xebp\xeb\xfb\xec\x86\xed\x11\
\xed\x9c\xee(\xee\xb4\xef@\xef\xcc\xf0X\xf0\xe5\xf1r\
\xf1\xff\xf2\x8c\xf3\x19\xf3\xa7\xf44\xf4\xc2\xf5P\xf5\xde\
\xf6m\xf6\xfb\xf7\x8a\xf8\x19\xf8\xa8\xf98\xf9\xc7\xfaW\
\xfa\xe7\xfbw\xfc\x07\xfc\x98\xfd)\xfd\xba\xfeK\xfe\xdc\
\xffm\xff\xff\xff\xed\x00\x0cAdobe_CM\
\x00\x01\xff\xee\x00\x0eAdobe\x00d\x80\x00\x00\
\x00\x01\xff\xdb\x00\x84\x00\x0c\x08\x08\x08\x09\x08\x0c\x09\x09\
\x0c\x11\x0b\x0a\x0b\x11\x15\x0f\x0c\x0c\x0f\x15\x18\x13\x13\x15\
\x13\x13\x18\x11\x0c\x0c\x0c\x0c\x0c\x0c\x11\x0c\x0c\x0c\x0c\x0c\
\x0c\x0c\x0c\x0c\x0c\x0c\x0c\x0c\x0c\x0c\x0c\x0c\x0c\x0c\x0c\x0c\
\x0c\x0c\x0c\x0c\x0c\x0c\x0c\x01\x0d\x0b\x0b\x0d\x0e\x0d\x10\x0e\
\x0e\x10\x14\x0e\x0e\x0e\x14\x14\x0e\x0e\x0e\x0e\x14\x11\x0c\xff\
\x0c\x0c\x0c\x0c\x11\x11\x0c\x0c\x0c\x0c\x0c\x0c\x11\x0c\x0c\x0c\
\x0c\x0c\x0c\x0c\x0c\x0c\x0c\x0c\x0c\x0c\x0c\x0c\x0c\x0c\x0c\x0c\
\x0c\x0c\x0c\x0c\x0c\x0c\x0c\x0c\x0c\xff\xc0\x00\x11\x08\x00\xa0\
\x00\xa0\x03\x01\x22\x00\x02\x11\x01\x03\x11\x01\xff\xdd\x00\x04\
\x00\x0a\xff\xc4\x01?\x00\x00\x01\x05\x01\x01\x01\x01\x01\x01\
\x00\x00\x00\x00\x00\x00\x00\x03\x00\x01\x02\x04\x05\x06\x07\x08\
\x09\x0a\x0b\x01\x00\x01\x05\x01\x01\x01\x01\x01\x01\x00\x00\x00\
\x00\x00\x00\x00\x01\x00\x02\x03\x04\x05\x06\x07\x08\x09\x0a\x0b\
\x10\x00\x01\x04\x01\x03\x02\x04\x02\x05\x07\x06\x08\x05\x03\x0c\
3\x01\x00\x02\x11\x03\x04!\x121\x05AQa\x13\x22\
q\x812\x06\x14\x91\xa1\xb1B#$\x15R\xc1b3\
4r\x82\xd1C\x07%\x92S\xf0\xe1\xf1cs5\x16\
\xa2\xb2\x83&D\x93TdE\xc2\xa3t6\x17\xd2U\
\xe2e\xf2\xb3\x84\xc3\xd3u\xe3\xf3F'\x94\xa4\x85\xb4\
\x95\xc4\xd4\xe4\xf4\xa5\xb5\xc5\xd5\xe5\xf5Vfv\x86\x96\
\xa6\xb6\xc6\xd6\xe6\xf67GWgw\x87\x97\xa7\xb7\xff\
\xc7\xd7\xe7\xf7\x11\x00\x02\x02\x01\x02\x04\x04\x03\x04\x05\x06\
\x07\x07\x06\x055\x01\x00\x02\x11\x03!1\x12\x04AQ\
aq\x22\x13\x052\x81\x91\x14\xa1\xb1B#\xc1R\xd1\
\xf03$b\xe1r\x82\x92CS\x15cs4\xf1%\
\x06\x16\xa2\xb2\x83\x07&5\xc2\xd2D\x93T\xa3\x17d\
EU6te\xe2\xf2\xb3\x84\xc3\xd3u\xe3\xf3F\x94\
\xa4\x85\xb4\x95\xc4\xd4\xe4\xf4\xa5\xb5\xc5\xd5\xe5\xf5Vf\
v\x86\x96\xa6\xb6\xc6\xd6\xe6\xf6'7GWgw\x87\
\x97\xa7\xb7\xc7\xff\xda\x00\x0c\x03\x01\x00\x02\x11\x03\x11\x00\
?\x00\xf2\xa4\x92I%)$\x92IJI$\x92R\
\x92I$\x94\xa5\x7f\x03\xa0u\xce\xa4\xcfS\x03\xa7\xe4\
\xe5W1\xeaUS\xde\xc9\xff\x00\x8ckv/M\xfa\
\x91\xfe-\xf0\xf0(\xab\xa9u\xdaFGPx\x16U\
\x8b`>\x9d\x00\xea\xdfZ\xa3\xfc\xeeG\xef2\xdf\xd1\
\xd3\xff\x00\x18\xbb\xed\xce\x88\x9d\x06\x80\x0d\x04\x7fT$\
\xa7\xe7L\xee\x81\xd7:u~\xae\x7fO\xc9\xc5\xae\xff\
c\xd4\xb6\xa7\xb1\x93\xff\x00\x18\xf6\xecT\x17\xd3A\xee\
\x1a\x02c\xb8\xed\xf7.\x0f\xeb\xb7\xf8\xb7\xc2\xea\x18\xf6\
\xf5\x1e\x87Kq\xba\x85`\xbd\xf8\xb5\x88\xae\xf8\xd5\xcd\
\xae\xb6\xff\x003\x93\xfb\x9e\x9f\xe8\xee\xff\x00\xc1\x12S\
\xe4)$\x92JRI$\x92\x94\x92I$\xa5$\x92\
I)\xff\xd0\xf2\xa4\x92I%)$\x97M\xf5?\xea\
{\xba\xdb\x8efiu]6\xa7m%\xba>\xe7\x8d\
M4\x93\xf4Z\xdf\xf0\xd7~bJy\xba\xaa\xb6\xe7\
\x8a\xeac\xac\xb1\xda5\x8d\x05\xc4\xfc\x1a\xd4{\xbag\
R\xa1\x9e\xa5\xf8\x97U_\xef\xbe\xb74x\xfd'5\
{F\x0e\x1e\x1fN\xa4Q\xd3\xe8f%CM\xb5\x08\
'\xfe2\xd7n\xba\xdf\xfa\xe5\x8a\xc8\xb6\xd1\xc3\xdd\xaf\
:\x94\x94\xf8*\xea\x7f\xc5\xa7H\xaf\xa9\xfdl\xc7\xf5\
\x9a\x1fN\x0b]\x98\xf6\x9e\xe6\xad\xa2\x8f\xfd\x99\xb2\x85\
\xd8\xf5\xff\x00\xa9\xdd'\xac\xd4\xe7\xb2\xb6ag\xc15\
\xe4\xd6\xd0\xd69\xdf\xbb\x95S\x06\xd7\xb5\xdf\xe9\x98\xff\
\xdf[\xfe7\xf9\xb5\x89\xfe+h\xb7\xa5\xfds\xcd\xe9\
\xd9\xcd4\xe5}\x92\xda}3\xdd\xed}\x17\xfb\x7fy\
\xae\xa6\x97\xd8\xc7\xb7\xe9\xb1%>\xb5\xf1\xd4\xf8\xa4\x92\
I)I|\x12I%>#\xfe3\xbaM}7\xeb\
e\xef\xa8\x06\xd5\xd4\x18\xdc\xc6\xb4vu\x85\xcd\xbf\xfc\
\xec\x9a\xaez\xe5\x17\xa3\x7f\x8c\xcc\x1c\x8e\xb3\xf5\xd7\xa6\
\xf4\x9e\x9e\xd1n]\x98\xb5\xd7\x1d\x9a]e\xf7~\x92\
>\x8b*\xa5\xde\xb5\x9f\xf0k\xbc\xfa\xa7\xfe/\xfa'\
\xd5\xbaY`\xad\xb9}J\x01\xb32\xd1$8\x7f\xdc\
f\xbb\xfa;?\xa9\xfa_\xf4\x96$\xa7\xc4)\xfa\xaf\
\xf5\x97\x22\xb1m\x1d+2\xca\xdc75\xed\xc7\xb0\x82\
\x0fv\x10\xcf\x7f\xf6U<\xcc\x0c\xec\x1b}\x1c\xec{\
qm\xe7\xd3\xb9\x8e\xad\xdf\xe6\xd8\x1a\xe5\xf5\x1a\xaf\x9d\
\x81\x85\xd4q\x9f\x89\x9dEy8\xf6}*\xadhs\
|\x8c;\xf3\x9b\xf9\xafIO\xcb\xa9.\xeb\xfcb\x7f\
\x8b\xb3\xf5y\xc7\xaat\xb0\xfb:M\x8e\x87\xb0\xcb\xff\
\x8e;\x9c}\x8c{\xfe\x93\xb1\xde\xefeV\xbf\xfe&\
\xdf\xd2z~\xaf\x0a\x92\x94\x92I$\xa7\xff\xd1\xf2\xa4\
\x92I%2\xae\xb7\xdbcj\xacn{\xc8kG\x89\
&\x1a\x17\xb7\xe1\xe0\xd3\xd3p\xe8\xe9\xd4\x7f5\x88\xc1\
SO\x89\x1a\xdbg\xf5\xae\xb8\xd9j\xf1^\x9fk(\
\xcf\xc6\xba\xcf\xa1U\xd5\xbd\xdf\x06\xb9\xaer\xf7;D\
Z\xf1\xfc\xa3\xf9RS\x04\x92I%)r\x7f],\
\xb7\xa3u.\x93\xf5\xa7\x0c\x01\x91\x8do\xa1p\xe3\xd4\
h\x05\xf5\xb1\xff\x00\xf1\x94\x1c\x9ck\x1d\xfe\x8b\xd3]\
b\xe4\xff\x00\xc6]\x8do@\xc7\xa8\x9fu\xb9ms\
G\x88\xae\xbbw\xff\x00\xe7\xea\xd2S\xe8}+\xaa`\
\xf5~\x9fOQ\xc0~\xfck\xc4\xb6cs]\xf9\xf4\
\xdc\xd0]\xb2\xea\xbe\x8b\xd5\xb5\xf3\xe7\xd5\xdf\xad=g\
\xea\xe6C\xae\xe9\xb6\x80\xcb`_\x8f`\xdfU\x80j\
\xdfR\xbd?\xed\xca\xdd]\xbf\xf0\x8b\xd0\xf0\x7f\xc7'\
G}\x7f\xe5\x0e\x9f\x91E\x82\x04c\xb9\x974\xff\xff\
\x00+\xf4\xc7\x19\xed\xfe\xaf\xbd%>\x80\xaa\xf5>\xa7\
\x83\xd2p.\xea\x19\xf6zx\xd4\x09q\xd3s\x8f\xe6\
\xd3P%\xbb\xee\xb3\xe8\xd6\xd5\xc4\xe7\xff\x00\x8e>\x8f\
[\x0f\xec\xec\x0c\x8c\x8b8\xfda\xcc\xa9\x9f\xd6\xfd\x09\
\xc8{\xbf\xa9\xec^}\xf5\x8f\xeb_Y\xfa\xc7{m\
\xea6\x8fJ\xb2}\x0cj\xc6\xda\xab\x07\xf7\x19\xf9\xce\
\xff\x00\x84\xb7}\xa9)\xf4\xdf\xf1^\xd7\xf5\xbe\xa7\xd6\
~\xb8e\x81\xf6\x8c\xab\xbe\xcdKy\xf4\xd8\xd6\xb2\xc7\
T\x1d\x0d\xdd\xb2\xaf\xb2R\xc7\x7f\xc1\x7f\xc2/E^\
y\xfe$\xf2*w\xd5\xcc\xccp\xe0m\xab1\xcfs\
;\x86\xbe\xba[[\x8f\xf5\xddM\xbf\xe6/CIJ\
I$\x92S[\xa8\xf4\xfcn\xa5\x81\x91\xd3\xf2\xdb\xbf\
\x1f*\xb7U`\xef\x0e\x11\xb9\xbf\xba\xf6}*\xdd\xfb\
\xeb\xe6<\xbckq2\xae\xc4\xbcE\xd8\xf6:\xab\x00\
\xec\xe6\x12\xc7\xff\x00\xd2j\xfa\x95|\xc7\xd7\xf2j\xcb\
\xeb\xbdG.\x985de_mdj6\xbe\xc7\xff\
\xbd\xb1\xfd\x97$\xa6\x8aI$\x92\x9f\xff\xd2\xf2\xa4\x92\
I%)z\xcf\xd4\xde\xbfWX\xe95\xd4\xf7\x0f\xb7\
\xe11\xb5\xe40\x9fs\x98\xd0\x19NSg\xe9nn\
\xda\xef\xff\x00\x86\xff\x00\x8e\xady\xce'\xd5\xde\xa7\x94\
\xd0\xfd\x82\x8a\xce\xa1\xd6\x9d\xb2?\x92\xcdl\xff\x00\xa2\
\xb41~\xaf\xf5|\x0c\x86e\xe0f\xd7VMFX\
\xf6\x17\xb4\x8f\xedl\xdb\xb7\xf7\x98\xef\xa6\x92\x9fTI\
q\xd5}}\xcb\xc1\x0d\xaf\xaf\xf4\xe7\x07p2\xb1H\
\x0d|\x7f\xc1\xbbu;\xbf\xe2\xad\xaf\xfe)\x16\xdf\xf1\
\x99\xd0Z\xd2j\xc6\xcb\xb1\xf1\xa3\x5c+`\x9f7\x8b\
-\xff\x00\xa8IOZ\x01&\x07\xc4\x93\xa0\x00j\xe7\
9\xc7\xe8\xb5\xab\xca\xbe\xbc\xfd`\xab\xacuF\xd5\x8a\
\xed\xf88@\xd7K\xbb=\xc4\xcd\xf9\x03\xfe1\xcdk\
+\xff\x00\x81\xa6\xa4\xbe\xb0}y\xea\x9db\xa7bT\
\xd1\x85\x82\xff\x00\xa7Ed\x97<\x0e\xd9\x17\x9d\xae\xb1\
\xbb\xbf\xc1\xb5\xb5U\xff\x00\x06\xb9\xc4\x94\xa4\x92I\xff\
%)$\x92IOY\xfe.>\xb6\xb3\xea\xd7[?\
kq\x1d;8\x0a\xb2\x88\xd7a\x07\xf4\x191\xf9\xde\
\x8b\x9c\xfd\xff\x00\xf06\xdb\xfc\xe3\xd7\xbe1\xec\xb1\x8d\
\xb2\xb7\x07\xb1\xe09\xaei\x90A\xd5\xaek\x82\xf9]\
u_U?\xc67]\xfa\xb6\xc6\xe2\xb4\x8c\xde\x9c\x0c\
\x8c[\x89\xf6\xcf\xd2\xfb=\xc3\xdfO\xf5?IO\xfc\
\x0e\xf4\x94\xfd\x00\x92\xf3\x9co\xf1\xdb\xd0][N^\
\x06]V\xfesj\xf4\xedh\xfe\xad\x8f\xb3\x1d\xce\xff\
\x00\xb6\xd6_X\xff\x00\x1d9\x97\xd6j\xe8x#\x1d\
\xce\x04\x1c\x9c\x93\xbc\xb4\x91\xfe\x0e\x96m\xafs>\x93\
}G\xdb\xff\x00\x12\x92\x9e\xa7\xfcd\xfdo\xa3\xa0t\
k0\xe8\xb0\x1e\xab\x9e\xc3]\x15\x8d\x5c\xca\xdd,\xb7\
-\xdbKvl\xf77\x1f\xfe\xec\x7f\xa4eW\xaf\x06\
V\xf3\xb2sz\x8e]\x99\xb9\xf7\xbb#&\xe3\xba\xcb\
^d\x93\xc0\xfe\xcb[\xedc?1\x8a\xb9\xa9\xc3\x8d\
~\x09)\x82I$\x92\x9f\xff\xd3\xf2\xa5\xd2\xfd\x5c\xff\
\xe9\x15\xb6\xa6\xf5\x0c\x96\xee{\xff\x00\xa3\xb1\xc3F\x81\
\xfe\x1c\x83\xf9\xce\xff\x00\x05\xff\x00n~\xe2\xe6\xda\xd2\
\xe7\x06\x8e\x5c`|\xd7\xa1\x0a\xdbP\x150C+\x01\
\x8d\x1e\x01\xa3c\x7f\x22J\x5c\x92L\x9dI\xe4\xa4\x92\
I)\x8d\x95\xd5un\xa6\xe6\x0b*~\x8fc\xb8?\
\xf9\x17\x7f-q}c\xa6;\xa7e\x9a\x81.\xa5\xe3\
}/<\x96\xfe\xeb\xbf\x96\xc7{\x5c\xbbe\x8d\xf5\xae\
\xa6\xbf\xa7Ul{\xaa\xb6\x01\xf2{N\xef\xfaU1\
%<\xa2I$\x92\x94\x92I$\xa5$\x92I)I\
$\x92Jd\xc6\xee>C\x94o%\x1a\x87\xb2|J\
\x92JRI$\x92\x98X\xc9\x1b\x87#\x94%aW\
\x22\x0c$\xa7\xff\xd4\xf2\xa0H \x8eF\xa1z\x15v\
\xb6\xfa\xd9{>\x85\xcd\x167\xe0\xe1\xb9y\xea\xde\xfa\
\xbd\xd6\xeb\xc7h\xc1\xcbv\xdad\x9am<4\x9f\xa4\
\xc7\xff\x00\xc1\xbb\xff\x00\x03zJzd\x92\x88\x83\xd8\
\xea\x0f \x8f\x10RIJX\x9f[/k0\xa9\xff\
\xa3\xf3\xad\xb3\x7f\xf6X\x0b\x7f\xea\xacZ\xd9yX\xf8\
T\xfa\xf9O\xd8\xcf\xcd\x1c\xb9\xc7\xf7kg\xe7.+\
\xa9g\xdb\xd42\x9d\x91`\xda4k\x185\x0dh\xfa\
-IMT\x92I%)$\x92IJI$\x92R\
\x92I$\x94\x96\xa3\xed\x8f\x02\xa6\x80\xc7m3\xf7\xa3\
\x82\x08\x91\xa8IJI$\x92R\xa65\xf0U\xce\xa5\
\x12\xc7\xe9\xb4|\xca\x1aJ\x7f\xff\xd5\xf2\xa4\x92I%\
6\xb1:\xa7P\xc3n\xdck\xdc\xc6s\xb3\xe97\xfc\
\xc7\xeeb\xbb__\xeb\xb9/\x14\xd2\xf0lw\x1b\x18\
\xc0\x7f\xce\xdb\xedY\x0b\xa7\xe9XM\xc4\xc5i#\xf4\
\xd7\x00\xeb\x1d\xdc\x03\xabk\xff\x00\xc9\x7f-%5\xc7\
E}\xef7u\x0c\x97\xdbk\xb9\x0d3\x1f\xf5\xc7\xff\
\x00\xdfX\xa6\xee\x81\x80D4\xda\xd3\xe3\xb8\x1f\xfb\xea\
\xd1I%<\xe6wE\xbf\x15\xa6\xda\xcf\xadK~\x91\
\x02\x1c\xd1\xfc\xb6,\xf5\xd9\x82A\x90\xb9\xce\xb5\x82\xdc\
\x5c\x81eCm7IkG\x01\xc3\xe9\xb1%9\xff\
\xe9$\x92JRI$\x92\x94\x8dV3\x9e78\xed\
i\xe3\xc4\xa5\x8dP{\x8b\x9d\xab[\xf9U\xb4\x94\x88\
b\xd2<O\xcdD\xe2\x81\xadn->h\xe9$\xa6\
\x93\x9dk\x0e\xd7\x08*\x05\xeew%]\xba\xbfQ\x84\
~p\xd5\xbf\xdc\xa8\xa4\xa5$\x92I)\xff\xd6\xf2\xa4\
\x92I%3\xa1\xa1\xd7V\xd7p\xe7\x00~\x04\xae\xc5\
\xff\x00H\xfcJ\xe2\xc1 \x824#PWaM\xed\
\xc8\xa5\x97\xb3\xe8\xda7|\x0f\xe7\xb7\xfb/IL\xd2\
I$\x94\xa5\x9b\xf5\x81\xa0\xe0\xb1\xdd\xdbh\x8f\x9b_\
?\xf5+Ieu\xb7\xfa\xd6c\xe0\xb0\xfb\x9c}G\
\xf9\x02!\xbf\xf47\xbd%9\x18\xb8v\xe4\x93\xb7\xda\
\xc1\xf4\x9ex\xff\x00\xcc\x96\x83:^+G\xbbs\xcf\
\x891\xf8\x05e\x8cc\x18\x18\xc1\x0ch\x86\x85$\x94\
\xd4\x7fK\xc5p\xf6\xee\xac\xf8\xcc\x8f\xb8\xac\xfc\x9c;\
q\x88\xdd\xeea\xfa/\x1c\x7f\xe6.[j/c,\
a\xad\xe2X\xe1\x0e\x09)\xca\xc5\x1f\xa2\x9f\x17\x1f\xff\
\xe0\x8c\x85SM6Y\x8e\xef\xa4\xc3#\xccx\xa2\xa4\
\xa5$\x92I)C\x95\x9f`\x87\xb8\x0e\xc4\xab\xe5\xc1\
\xad.<7U\x9eL\x92O%%)$\x92IO\
\xff\xd7\xf2\xa4\x92I%)_\xe9}Q\xd8N5\xd8\
\x0b\xf1\xded\xb4r\xd3\xfb\xecT\x12IOaE\xf4\
d7v=\x82\xc1\xe09\xf9\xb0\xfb\xd16\xbb\xc0\xae\
,\x12\x0c\x8d\x0f\x8a\x93\xad\xb1\xc2\x1c\xf78\x0e\xc4\x92\
\x92\x9e\x8f7\xab\xe3b\xb4\x8a\xdc.\xbf\xf3Z\xd3-\
\x07\xfe\x11\xc3\xfe\xa1\xab#\x02\xc7\xdf\x9c\xeb\xae;\xec\
-s\x8b\x8f\x8f\x0a\x8a.%\xc2\x9c\x86X~\x880\
\xef\x81\xf6\xb9%;\xa9%\xfe\xb2\x92JRI%\xf8\
x\x94\x94\xe4\xf5#\xb30=\xba;kI\xf8\xc4'\
\xae\xf6Y\xfc\x97x\x1f\xe0\xab\xe5\xdc.\xc8}\x83\xe8\
\x93\x0d\xf8\x0fkP\x92S\xa3\x053\x9c\xd6\x89q\xda\
<\xd5\x00\xf7\x8d\x03\x88\xf9\xa6$\x9dN\xa9)-\xf7\
\xfa\x9e\xd6\xe8\xc1\xf8\xa1$\x92JRI$\x92\x9f\xdf\
\xff\xd0\xf2\xa4\x92I%)$\x92IJI$\x92R\
\x92I$\x94\xde\xc2\xea>\x93EWI`\xfa.\x1c\
\xb7\xff\x00$\xd5\xa2\xcb\xa9\xb0K,k\xbep\x7f\xcd\
w\xb9`$\x92\x9d\xf7\xddMb_c[\xf3\x93\xf7\
5gf\xf5\x1fU\xa6\xaae\xac?I\xc7\x97\x7f\xe4\
Z\xa8\xa4\x92\x94\x92I$\xa5$\x92I)I$\x92\
JRI$\x92\x9f\xff\xd9\x008BIM\x04!\x00\
\x00\x00\x00\x00U\x00\x00\x00\x01\x01\x00\x00\x00\x0f\x00A\
\x00d\x00o\x00b\x00e\x00 \x00P\x00h\x00o\
\x00t\x00o\x00s\x00h\x00o\x00p\x00\x00\x00\x13\
\x00A\x00d\x00o\x00b\x00e\x00 \x00P\x00h\
\x00o\x00t\x00o\x00s\x00h\x00o\x00p\x00 \
\x00C\x00S\x005\x00\x00\x00\x01\x008BIM\x04\
\x06\x00\x00\x00\x00\x00\x07\x00\x08\x00\x00\x00\x01\x01\x00\x00\
!\xff\x0bICCRGBG1012\xff\x00\
\x00\x0cHLino\x02\x10\x00\x00mntrR\
GB XYZ \x07\xce\x00\x02\x00\x09\x00\x06\x00\
1\x00\x00acspMSFT\x00\x00\x00\x00I\
EC sRGB\x00\x00\x00\x00\x00\x00\x00\x00\x00\
\x00\x00\x01\x00\x00\xf6\xd6\x00\x01\x00\x00\x00\x00\xd3-H\
P  \x00\x00\x00\x00\x00\x00\x00\x00\x00\x00\x00\x00\x00\
\x00\x00\x00\x00\x00\x00\x00\x00\x00\x00\x00\x00\x00\x00\x00\x00\
\x00\x00\x00\x00\x00\x00\x00\x00\x00\x00\x00\x00\x00\x00\x00\x00\
\x00\x00\x11cprt\x00\x00\x01P\x00\x00\x003d\
esc\x00\x00\x01\x84\x00\x00\x00lwtpt\x00\
\x00\x01\xf0\x00\x00\x00\x14bkpt\x00\x00\x02\x04\x00\
\x00\x00\x14rXYZ\x00\x00\x02\x18\x00\x00\x00\x14g\
XYZ\x00\x00\x02,\x00\x00\x00\x14bXYZ\x00\
\x00\x02@\x00\x00\x00\x14dmnd\x00\x00\x02T\x00\
\x00\x00pdmdd\x00\x00\x02\xc4\x00\x00\x00\x88v\
ued\x00\x00\x03L\x00\x00\x00\x86vie\xffw\
\x00\x00\x03\xd4\x00\x00\x00$lumi\x00\x00\x03\xf8\
\x00\x00\x00\x14meas\x00\x00\x04\x0c\x00\x00\x00$\
tech\x00\x00\x040\x00\x00\x00\x0crTRC\
\x00\x00\x04<\x00\x00\x08\x0cgTRC\x00\x00\x04<\
\x00\x00\x08\x0cbTRC\x00\x00\x04<\x00\x00\x08\x0c\
text\x00\x00\x00\x00Copyrigh\
t (c) 1998 Hewle\
tt-Packard Compa\
ny\x00\x00desc\x00\x00\x00\x00\x00\x00\x00\x12\
sRGB IEC61966-2.\
1\x00\x00\x00\x00\x00\x00\x00\x00\x00\x00\x00\x12sRG\
B IEC61966-2.1\x00\x00\
\x00\x00\x00\x00\x00\x00\x00\x00\x00\x00\x00\x00\x00\x00\x00\x00\
\x00\x00\x00\x00\x00\x00\x00\x00\x00\x00\x00\x00\x00\x00\x00\x00\
\x00\x00\x00\x00\x00\x00\x00\x00\x00\x00\x00\x00\x00\x00\x00\x00\
XYZ \x00\x00\x00\x00\x00\x00\xf3Q\x00\x01\xff\x00\
\x00\x00\x01\x16\xccXYZ \x00\x00\x00\x00\x00\x00\x00\
\x00\x00\x00\x00\x00\x00\x00\x00\x00XYZ \x00\x00\x00\
\x00\x00\x00o\xa2\x00\x008\xf5\x00\x00\x03\x90XYZ\
 \x00\x00\x00\x00\x00\x00b\x99\x00\x00\xb7\x85\x00\x00\x18\
\xdaXYZ \x00\x00\x00\x00\x00\x00$\xa0\x00\x00\x0f\
\x84\x00\x00\xb6\xcfdesc\x00\x00\x00\x00\x00\x00\x00\
\x16IEC http://www.\
iec.ch\x00\x00\x00\x00\x00\x00\x00\x00\x00\x00\
\x00\x16IEC http://www\
.iec.ch\x00\x00\x00\x00\x00\x00\x00\x00\x00\
\x00\x00\x00\x00\x00\x00\x00\x00\x00\x00\x00\x00\x00\x00\x00\x00\
\x00\x00\x00\x00\x00\x00\x00\x00\x00\x00\x00\x00\x00\x00\x00\x00\
\x00\x00\x00\x00\x00desc\x00\x00\x00\x00\x00\x00\x00\
.IEC 61966-2.1 D\
efault RGB colou\
r space - sRGB\xff\x00\
\x00\x00\x00\x00\x00\x00\x00\x00\x00\x00.IEC 6\
1966-2.1 Default\
 RGB colour spac\
e - sRGB\x00\x00\x00\x00\x00\x00\x00\x00\
\x00\x00\x00\x00\x00\x00\x00\x00\x00\x00\x00\x00\x00\x00de\
sc\x00\x00\x00\x00\x00\x00\x00,Refere\
nce Viewing Cond\
ition in IEC6196\
6-2.1\x00\x00\x00\x00\x00\x00\x00\x00\x00\x00\x00\
,Reference Viewi\
ng Condition in \
IEC61966-2.1\x00\x00\x00\x00\
\x00\x00\x00\x00\x00\x00\x00\x00\x00\x00\x00\x00\x00\x00\x00\x00\
\x00\x00\x00\x00\x00\x00view\x00\x00\x00\x00\x00\x13\
\xa4\xfe\x00\x14_.\x00\x10\xcf\x14\x00\x03\xed\xcc\x00\x04\
\x13\x0b\x00\x03\x5c\x9e\x00\x00\x00\x01XYZ \xff\x00\
\x00\x00\x00\x00L\x09V\x00P\x00\x00\x00W\x1f\xe7m\
eas\x00\x00\x00\x00\x00\x00\x00\x01\x00\x00\x00\x00\x00\
\x00\x00\x00\x00\x00\x00\x00\x00\x00\x00\x00\x00\x00\x02\x8f\x00\
\x00\x00\x02sig \x00\x00\x00\x00CRT c\
urv\x00\x00\x00\x00\x00\x00\x04\x00\x00\x00\x00\x05\x00\
\x0a\x00\x0f\x00\x14\x00\x19\x00\x1e\x00#\x00(\x00-\x00\
2\x007\x00;\x00@\x00E\x00J\x00O\x00T\x00\
Y\x00^\x00c\x00h\x00m\x00r\x00w\x00|\x00\
\x81\x00\x86\x00\x8b\x00\x90\x00\x95\x00\x9a\x00\x9f\x00\xa4\x00\
\xa9\x00\xae\x00\xb2\x00\xb7\x00\xbc\x00\xc1\x00\xc6\x00\xcb\x00\
\xd0\x00\xd5\x00\xdb\x00\xe0\x00\xe5\x00\xeb\x00\xf0\x00\xf6\x00\
\xfb\x01\x01\x01\x07\x01\x0d\x01\x13\x01\x19\x01\x1f\x01%\x01\
+\x012\x018\x01>\x01E\x01L\x01R\x01Y\x01\
`\x01g\x01n\x01u\x01|\x01\x83\x01\x8b\x01\x92\x01\
\x9a\x01\xa1\x01\xa9\x01\xb1\x01\xb9\x01\xc1\x01\xc9\x01\xd1\x01\
\xd9\x01\xe1\x01\xe9\x01\xf2\x01\xfa\x02\x03\x02\x0c\x02\xff\x14\
\x02\x1d\x02&\x02/\x028\x02A\x02K\x02T\x02]\
\x02g\x02q\x02z\x02\x84\x02\x8e\x02\x98\x02\xa2\x02\xac\
\x02\xb6\x02\xc1\x02\xcb\x02\xd5\x02\xe0\x02\xeb\x02\xf5\x03\x00\
\x03\x0b\x03\x16\x03!\x03-\x038\x03C\x03O\x03Z\
\x03f\x03r\x03~\x03\x8a\x03\x96\x03\xa2\x03\xae\x03\xba\
\x03\xc7\x03\xd3\x03\xe0\x03\xec\x03\xf9\x04\x06\x04\x13\x04 \
\x04-\x04;\x04H\x04U\x04c\x04q\x04~\x04\x8c\
\x04\x9a\x04\xa8\x04\xb6\x04\xc4\x04\xd3\x04\xe1\x04\xf0\x04\xfe\
\x05\x0d\x05\x1c\x05+\x05:\x05I\x05X\x05g\x05w\
\x05\x86\x05\x96\x05\xa6\x05\xb5\x05\xc5\x05\xd5\x05\xe5\x05\xf6\
\x06\x06\x06\x16\x06'\x067\x06H\x06Y\x06j\x06{\
\x06\x8c\x06\x9d\x06\xaf\x06\xc0\x06\xd1\x06\xe3\x06\xf5\x07\x07\
\x07\x19\x07+\x07=\x07O\x07a\x07t\x07\x86\x07\x99\
\x07\xac\x07\xbf\x07\xd2\x07\xe5\x07\xf8\x08\x0b\x08\x1f\x082\
\x08F\x08Z\x08n\x08\x82\x08\x96\x08\xaa\x08\xbe\x08\xd2\
\x08\xe7\x08\xfb\x09\x10\x09%\x09:\x09O\x09d\xff\x09\
y\x09\x8f\x09\xa4\x09\xba\x09\xcf\x09\xe5\x09\xfb\x0a\x11\x0a\
'\x0a=\x0aT\x0aj\x0a\x81\x0a\x98\x0a\xae\x0a\xc5\x0a\
\xdc\x0a\xf3\x0b\x0b\x0b\x22\x0b9\x0bQ\x0bi\x0b\x80\x0b\
\x98\x0b\xb0\x0b\xc8\x0b\xe1\x0b\xf9\x0c\x12\x0c*\x0cC\x0c\
\x5c\x0cu\x0c\x8e\x0c\xa7\x0c\xc0\x0c\xd9\x0c\xf3\x0d\x0d\x0d\
&\x0d@\x0dZ\x0dt\x0d\x8e\x0d\xa9\x0d\xc3\x0d\xde\x0d\
\xf8\x0e\x13\x0e.\x0eI\x0ed\x0e\x7f\x0e\x9b\x0e\xb6\x0e\
\xd2\x0e\xee\x0f\x09\x0f%\x0fA\x0f^\x0fz\x0f\x96\x0f\
\xb3\x0f\xcf\x0f\xec\x10\x09\x10&\x10C\x10a\x10~\x10\
\x9b\x10\xb9\x10\xd7\x10\xf5\x11\x13\x111\x11O\x11m\x11\
\x8c\x11\xaa\x11\xc9\x11\xe8\x12\x07\x12&\x12E\x12d\x12\
\x84\x12\xa3\x12\xc3\x12\xe3\x13\x03\x13#\x13C\x13c\x13\
\x83\x13\xa4\x13\xc5\x13\xe5\x14\x06\x14'\x14I\x14j\x14\
\x8b\x14\xad\x14\xce\x14\xf0\x15\x12\x154\x15V\x15x\x15\
\x9b\x15\xbd\x15\xe0\x16\x03\x16&\x16I\x16l\x16\x8f\x16\
\xb2\x16\xd6\x16\xfa\x17\x1d\x17A\x17e\x17\x89\x17\xff\xae\
\x17\xd2\x17\xf7\x18\x1b\x18@\x18e\x18\x8a\x18\xaf\x18\xd5\
\x18\xfa\x19 \x19E\x19k\x19\x91\x19\xb7\x19\xdd\x1a\x04\
\x1a*\x1aQ\x1aw\x1a\x9e\x1a\xc5\x1a\xec\x1b\x14\x1b;\
\x1bc\x1b\x8a\x1b\xb2\x1b\xda\x1c\x02\x1c*\x1cR\x1c{\
\x1c\xa3\x1c\xcc\x1c\xf5\x1d\x1e\x1dG\x1dp\x1d\x99\x1d\xc3\
\x1d\xec\x1e\x16\x1e@\x1ej\x1e\x94\x1e\xbe\x1e\xe9\x1f\x13\
\x1f>\x1fi\x1f\x94\x1f\xbf\x1f\xea \x15 A l\
 \x98 \xc4 \xf0!\x1c!H!u!\xa1!\xce\
!\xfb\x22'\x22U\x22\x82\x22\xaf\x22\xdd#\x0a#8\
#f#\x94#\xc2#\xf0$\x1f$M$|$\xab\
$\xda%\x09%8%h%\x97%\xc7%\xf7&'\
&W&\x87&\xb7&\xe8'\x18'I'z'\xab\
'\xdc(\x0d(?(q(\xa2(\xd4)\x06)8\
)k)\x9d)\xd0*\x02*5*h*\x9b*\xcf\
+\x02+6+i+\x9d+\xd1,\x05,9,n\
,\xa2,\xd7-\x0c-A-v-\xab-\xe1\xff.\
\x16.L.\x82.\xb7.\xee/$/Z/\x91/\
\xc7/\xfe050l0\xa40\xdb1\x121J1\
\x821\xba1\xf22*2c2\x9b2\xd43\x0d3\
F3\x7f3\xb83\xf14+4e4\x9e4\xd85\
\x135M5\x875\xc25\xfd676r6\xae6\
\xe97$7`7\x9c7\xd78\x148P8\x8c8\
\xc89\x059B9\x7f9\xbc9\xf9:6:t:\
\xb2:\xef;-;k;\xaa;\xe8<'<e<\
\xa4<\xe3=\x22=a=\xa1=\xe0> >`>\
\xa0>\xe0?!?a?\xa2?\xe2@#@d@\
\xa6@\xe7A)AjA\xacA\xeeB0BrB\
\xb5B\xf7C:C}C\xc0D\x03DGD\x8aD\
\xceE\x12EUE\x9aE\xdeF\x22FgF\xabF\
\xf0G5G{G\xc0H\x05HKH\x91H\xd7I\
\x1dIcI\xa9I\xf0J7J}J\xc4K\x0cK\
SK\x9aK\xe2L*LrL\xbaM\x02M\xffJ\
M\x93M\xdcN%NnN\xb7O\x00OIO\x93\
O\xddP'PqP\xbbQ\x06QPQ\x9bQ\xe6\
R1R|R\xc7S\x13S_S\xaaS\xf6TB\
T\x8fT\xdbU(UuU\xc2V\x0fV\x5cV\xa9\
V\xf7WDW\x92W\xe0X/X}X\xcbY\x1a\
YiY\xb8Z\x07ZVZ\xa6Z\xf5[E[\x95\
[\xe5\x5c5\x5c\x86\x5c\xd6]']x]\xc9^\x1a\
^l^\xbd_\x0f_a_\xb3`\x05`W`\xaa\
`\xfcaOa\xa2a\xf5bIb\x9cb\xf0cC\
c\x97c\xebd@d\x94d\xe9e=e\x92e\xe7\
f=f\x92f\xe8g=g\x93g\xe9h?h\x96\
h\xeciCi\x9ai\xf1jHj\x9fj\xf7kO\
k\xa7k\xfflWl\xafm\x08m`m\xb9n\x12\
nkn\xc4o\x1eoxo\xd1p+p\x86p\xe0\
q:q\x95q\xf0rKr\xa6s\x01s]s\xb8\
t\x14tpt\xccu(u\x85u\xe1v>\xffv\
\x9bv\xf8wVw\xb3x\x11xnx\xccy*y\
\x89y\xe7zFz\xa5{\x04{c{\xc2|!|\
\x81|\xe1}A}\xa1~\x01~b~\xc2\x7f#\x7f\
\x84\x7f\xe5\x80G\x80\xa8\x81\x0a\x81k\x81\xcd\x820\x82\
\x92\x82\xf4\x83W\x83\xba\x84\x1d\x84\x80\x84\xe3\x85G\x85\
\xab\x86\x0e\x86r\x86\xd7\x87;\x87\x9f\x88\x04\x88i\x88\
\xce\x893\x89\x99\x89\xfe\x8ad\x8a\xca\x8b0\x8b\x96\x8b\
\xfc\x8cc\x8c\xca\x8d1\x8d\x98\x8d\xff\x8ef\x8e\xce\x8f\
6\x8f\x9e\x90\x06\x90n\x90\xd6\x91?\x91\xa8\x92\x11\x92\
z\x92\xe3\x93M\x93\xb6\x94 \x94\x8a\x94\xf4\x95_\x95\
\xc9\x964\x96\x9f\x97\x0a\x97u\x97\xe0\x98L\x98\xb8\x99\
$\x99\x90\x99\xfc\x9ah\x9a\xd5\x9bB\x9b\xaf\x9c\x1c\x9c\
\x89\x9c\xf7\x9dd\x9d\xd2\x9e@\x9e\xae\x9f\x1d\x9f\x8b\x9f\
\xfa\xa0i\xa0\xd8\xa1G\xa1\xb6\xa2&\xa2\x96\xa3\x06\xa3\
v\xa3\xe6\xa4V\xa4\xc7\xa58\xa5\xa9\xa6\x1a\xa6\x8b\xa6\
\xfd\xa7n\xa7\xe0\xa8R\xa8\xc4\xa97\xa9\xa9\xaa\xff\x1c\
\xaa\x8f\xab\x02\xabu\xab\xe9\xac\x5c\xac\xd0\xadD\xad\xb8\
\xae-\xae\xa1\xaf\x16\xaf\x8b\xb0\x00\xb0u\xb0\xea\xb1`\
\xb1\xd6\xb2K\xb2\xc2\xb38\xb3\xae\xb4%\xb4\x9c\xb5\x13\
\xb5\x8a\xb6\x01\xb6y\xb6\xf0\xb7h\xb7\xe0\xb8Y\xb8\xd1\
\xb9J\xb9\xc2\xba;\xba\xb5\xbb.\xbb\xa7\xbc!\xbc\x9b\
\xbd\x15\xbd\x8f\xbe\x0a\xbe\x84\xbe\xff\xbfz\xbf\xf5\xc0p\
\xc0\xec\xc1g\xc1\xe3\xc2_\xc2\xdb\xc3X\xc3\xd4\xc4Q\
\xc4\xce\xc5K\xc5\xc8\xc6F\xc6\xc3\xc7A\xc7\xbf\xc8=\
\xc8\xbc\xc9:\xc9\xb9\xca8\xca\xb7\xcb6\xcb\xb6\xcc5\
\xcc\xb5\xcd5\xcd\xb5\xce6\xce\xb6\xcf7\xcf\xb8\xd09\
\xd0\xba\xd1<\xd1\xbe\xd2?\xd2\xc1\xd3D\xd3\xc6\xd4I\
\xd4\xcb\xd5N\xd5\xd1\xd6U\xd6\xd8\xd7\x5c\xd7\xe0\xd8d\
\xd8\xe8\xd9l\xd9\xf1\xdav\xda\xfb\xdb\x80\xdc\x05\xdc\x8a\
\xdd\x10\xdd\x96\xde\x1c\xde\xa2\xdf)\xdf\xaf\xe06\xe0\xbd\
\xe1D\xe1\xcc\xe2S\xe2\xdb\xe3c\xe3\xeb\xe4s\xe4\xfc\
\xe5\x84\xe6\x0d\xe6\x96\xe7\x1f\xe7\xa9\xe82\xe8\xbcT\xe9\
F\xe9\xd0\xea[\xea\xe5\xebp\xeb\xfb\xec\x86\xed\x11\xed\
\x9c\xee(\xee\xb4\xef@\xef\xcc\xf0X\xf0\xe5\xf1r\xf1\
\xff\xf2\x8c\xf3\x19\xf3\xa7\xf44\xf4\xc2\xf5P\xf5\xde\xf6\
m\xf6\xfb\xf7\x8a\xf8\x19\xf8\xa8\xf98\xf9\xc7\xfaW\xfa\
\xe7\xfbw\xfc\x07\xfc\x98\xfd)\xfd\xba\xfeK\xfe\xdc\xff\
m\xff\xff\x00,\x00\x00\x00\x00,\x01,\x01\x87\x00\x00\
\x00\x01\x01\x01\x02\x02\x02\x03\x03\x03\x04\x04\x04\x05\x05\x05\
\x06\x06\x06\x07\x07\x07\x08\x08\x08\x09\x09\x09\x0a\x0a\x0a\x0b\
\x0b\x0b\x0c\x0c\x0c\x0d\x0d\x0d\x0e\x0e\x0e\x0f\x0f\x0f\x10\x10\
\x10\x11\x11\x11\x12\x12\x12\x13\x13\x13\x14\x14\x14\x15\x15\x15\
\x16\x16\x16\x17\x17\x17\x18\x18\x18\x19\x19\x19\x1a\x1a\x1a\x1b\
\x1b\x1b\x1c\x1c\x1c\x1d\x1d\x1d\x1e\x1e\x1e\x1f\x1f\x1f  \
 !!!\x22\x22\x22###$$$%%%\
&&&'''((()))***+\
++,,,---...///00\
0111222333444555\
666777888999:::;\
;;<<<===>>>???@@\
@AAABBBCCCDDDEEE\
FFFGGGHHHIIIJJJK\
KKLLLMMMNNNOOOPP\
PQQQRRRSSSTTTUUU\
VVVWWWXXXYYYZZZ[\
[[\x5c\x5c\x5c]]]^^^___``\
`aaabbbcccdddeee\
fffggghhhiiijjjk\
kklllmmmnnnooopp\
pqqqrrrssstttuuu\
vvvwwwxxxyyyzzz{\
{{|||}}}~~~\x7f\x7f\x7f\x80\x80\
\x80\x81\x81\x81\x82\x82\x82\x83\x83\x83\x84\x84\x84\x85\x85\x85\
\x86\x86\x86\x87\x87\x87\x88\x88\x88\x89\x89\x89\x8a\x8a\x8a\x8b\
\x8b\x8b\x8c\x8c\x8c\x8d\x8d\x8d\x8e\x8e\x8e\x8f\x8f\x8f\x90\x90\
\x90\x91\x91\x91\x92\x92\x92\x93\x93\x93\x94\x94\x94\x95\x95\x95\
\x96\x96\x96\x97\x97\x97\x98\x98\x98\x99\x99\x99\x9a\x9a\x9a\x9b\
\x9b\x9b\x9c\x9c\x9c\x9d\x9d\x9d\x9e\x9e\x9e\x9f\x9f\x9f\xa0\xa0\
\xa0\xa1\xa1\xa1\xa2\xa2\xa2\xa3\xa3\xa3\xa4\xa4\xa4\xa5\xa5\xa5\
\xa6\xa6\xa6\xa7\xa7\xa7\xa9\xa9\xa9\xaa\xaa\xaa\xab\xab\xab\xac\
\xac\xac\xad\xad\xad\xae\xae\xae\xaf\xaf\xaf\xb0\xb0\xb0\xb1\xb1\
\xb1\xb2\xb2\xb2\xb3\xb3\xb3\xb4\xb4\xb4\xb5\xb5\xb5\xb6\xb6\xb6\
\xb7\xb7\xb7\xb8\xb8\xb8\xb9\xb9\xb9\xba\xba\xba\xbb\xbb\xbb\xbc\
\xbc\xbc\xbd\xbd\xbd\xbe\xbe\xbe\xbf\xbf\xbf\xc0\xc0\xc0\xc1\xc1\
\xc1\xc2\xc2\xc2\xc3\xc3\xc3\xc4\xc4\xc4\xc5\xc5\xc5\xc6\xc6\xc6\
\xc7\xc7\xc7\xc8\xc8\xc8\xc9\xc9\xc9\xca\xca\xca\xcb\xcb\xcb\xcc\
\xcc\xcc\xcd\xcd\xcd\xce\xce\xce\xcf\xcf\xcf\xd0\xd0\xd0\xd1\xd1\
\xd1\xd2\xd2\xd2\xd3\xd3\xd3\xd4\xd4\xd4\xd5\xd5\xd5\xd6\xd6\xd6\
\xd7\xd7\xd7\xd8\xd8\xd8\xd9\xd9\xd9\xda\xda\xda\xdb\xdb\xdb\xdc\
\xdc\xdc\xdd\xdd\xdd\xde\xde\xde\xdf\xdf\xdf\xe0\xe0\xe0\xe1\xe1\
\xe1\xe2\xe2\xe2\xe3\xe3\xe3\xe4\xe4\xe4\xe5\xe5\xe5\xe6\xe6\xe6\
\xe7\xe7\xe7\xe8\xe8\xe8\xe9\xe9\xe9\xea\xea\xea\xeb\xeb\xeb\xec\
\xec\xec\xed\xed\xed\xee\xee\xee\xef\xef\xef\xf0\xf0\xf0\xf1\xf1\
\xf1\xf2\xf2\xf2\xf3\xf3\xf3\xf4\xf4\xf4\xf5\xf5\xf5\xf6\xf6\xf6\
\xf7\xf7\xf7\xf8\xf8\xf8\xf9\xf9\xf9\xfa\xfa\xfa\xfb\xfb\xfb\xfc\
\xfc\xfc\xfd\xfd\xfd\xfe\xfe\xfe\xff\xff\xff\x00\x00\x00\x08\xfe\
\x00\x01\x08\x1cH\xb0\xa0\xc1\x83\x08\x13*\x5c\xc8\xb0\xa1\
\xc3\x87\x10#J\x9cH\xb1\xa2\xc5\x8b\x183j\xdc\xc8\
\xb1\xa3\xc7\x8f C\x8a\x1cI\xb2\xa4\xc9\x93(S\xaa\
\x5c\xc9\xb2\xa5\xcb\x970c\xca\x9cI\xb3\xa6\xcd\x9b8\
s\xea\xdc\xc9\xb3\xa7\xcf\x9f@\x83\x0a\x1dJ\xb4\xa8Q\
\x96\x01\x04&E\xb8\xf4\xa8\xd3\xa7P\x95\x02hJ\xb5\
\xa9T\xabQ\xb3jM\x89U)V\xaa\x07\x05\x10L\
Jv\xab\xd9\xb3$\xb1\x1e\x98\x9a`\x82@\x03\x02\x07\
\x18,\x8b\xb6\xae\xdd\x8aV\x03 p\xa0 \x80\x8e%\
1\x94\x98\xa1\xf4\xa5\x0a\x9b\x156\xa2P\x98\xc0`\xec\
\xd4\xbb\x90#'\xec\x0a\x00\x83\x07\x22U\x08y\x8af\
+\xd5\xb8w\xe3\x98\xd1\x8b\xd6\xaa\x1c\xb1I\xb4\xa0P\
qK\xc0\xb1\xe4\xd7\xb0\xa7\x22\x80\xf1\x83\x0e\xa0\x5c\xcc\
\xfc\xcdC\x97\xee\x9e\xber\xea\xe8\xb9C\x97\xef\xde\xb8\
|\xf2\x9a\x9d\x13T\xc9\x85\x8d\xd8\xd0!/\xad0$\
\x8d\xa8T\xd1\xca\xf9\x93\xb7\xce\xdc9u\xe6\xc6\xfe\x99\
#7\xfe\x5c\xb9r\xe8\xcc\xd3;\x17/\x1e-hV\
zD\x9f\x7fti\xde\x03\x1a\xde\xc8R\xc6-\xde\xbd\
w\xe6\x94#\xcey\x04\x16h \x81\xe8\x98\xa3O:\
\xe7\x90\x02\x08\x00\x0f<\xc6\x14}\x14\xdaD\x17\x00\x10\
\xec@H4\xe1\xd8\xe3\x8e:\xe7\x91s\xe0\x88$\x96\
\xc3\x1e9\xf5@\x22\x06\x07\x05uEY\x850\x9aT\
\x95@\x1e\x0cB\x8b=\xfb\x80W\x0e9\xe4\x9d\x17`\
\x89@\x9e\x07b?\xc1\xcc\xb2B\x03\x09\x89\x15\xe3\x92\
/q\x90\x052\xf4\xc0\xf3N\x88\x22\x8e\x17d\x89?\
\x12h^<\xeb4\xa3\x05\x8b-\x0e\xf4\x22\x93dr\
d\x15\x05i,S\xcf9\xe7\x88\xe8c\x81n^Y\
`\x96p\xa2S\x0f5u\x88\xe0\xd8\x98e\xf6\xe9\x91\
\x08q@\x03O9V\x12*\xa7\x9c\x01ZY%y\
\xf1X\xd3\xc7\x0d\xae\xf9))H\x06\x90\xe0G5\xfb\
\xb4S\x8ext\xd2y\xe8\x81\xe3\x15J 9\xf0\x5c\
C\x0a\xa4\x93\xa6\x1a\x92\x0a\x81\x5c\x83\x0e\x8f\xfe=\x8e\
(\xea\xa7\xa3\x12\xe8i9\xeflCJ\x11\xaa\xf6\xba\
Q\x00',rM> \xd2j\xac\x9c\xecp\xe3\xcb\
\x0a\xbe6kQ\x01\x81t\xd3]\x9c\xc7V\x1bb\x9b\
\x04\xb2\x03\x0e$\x15\x88\xe9\xec\xb7\x91\x06\xb0T\x01Y\
`#\x0f\xb6\xd6\xa6\x1b\xa29Y\xaa\x93\x0d\x1a\xe0\xc6\
;\x97\xb7#\xf4b\x0f:\xea\xe6[h\x96\xefP\x83\
\xaa\xbc\x00K\x98\x81#m\x8e\x93\xaf\xba\x22.jh\
<\xccd\x10\xf0\xc3\x09\xacq\xce;\x09\x13J\xed\xc1\
\xb4\xf2h\xde\x8e\xe5\xd0\xa3\xc9\x02\x0f\x83\xbbT\x0f\xba\
\xbcc\x1ey\x17c\xfci\x8fn\xfe\xd8\xcd\x12!\xcb\
\xdb\x08:\xc5V\xa9\xf2\xc1?\x9a\xa3N,1\x83[\
\x023\xe9\xdc,\xf4\x81\xf0\xf4pa\xcf\x92\x06\xe0\xc7\
<\x1b\x0f\xadr\x96\xe4\x94\x12)\xd2K*i\x824\
\xf48}\xf3\x8f=\x9a\x13\xc3\xd1T/\x19\xc0\x00g\
\xa4\x83\xaf\xd6B[\xb9N'\xad\xf1\x19\xf6|\x0f\x94\
\xd24\xda8\xdbJN6 \xbc\xed\xe7\xfe\x0e\xcep\
L\xb7\xbe\xd4\x9a\xf3\x8e\x17z\xf7y\x07;\x7f?m\
 :\xa4\xb8]xl\xa3\xc8\x93\xf8\xcd\x15\x9b\x03\x8d\
\x92\x8f\xa3\x04v^\xf3\x1e\xc49X\x0f\x19\xe0\x0c\xe2\
\x93;\x8d\xce\x06\x12:\xc4\xa7\xe3\x13J\x15f\xc0`\
c\x14\xbbA!\xb0\xf3j\xe9C\xb3\xc3\x04\xeb\xaf\xa7\
N\x10\x5c\x01\xac\xc5\x90\xdb\xbc\x8b\x1d\xe6W\x09\x08$\
A\xf2\x07\xc0%a\xf1\x0a)a\xcf\xad\xb8\xe7{N\
#\x19\xc9\x05\x00\x01+\x98\x80B\x0arp\x01\x02\x13\
KL\x10\xc3\x0c\x008\xe0\xed\xdb\xa0\xdbW\xd9\x0fI\
\xe0p\x03\x17d 1\x05\x1d4\xf0 \x03\x00\x1e\xac\
5\xc0\x98\x8eSZ<\xaa74r\xf4\xc2\x00\xd0+\
\x88\x01<\x80\x01\x22\x84\x81\x14\xa6\xa8D-\xbc\xe1\x0f\
e@#\x1e\xbc\xb0\x056F\x81\x88=\x80@>\x9e\
s]\xb3\xc4\x15\xa9\x03H\x80\x03\x150B\x18,\x81\
\x0aKl\xc2\x16\xb4\x10\x05+\x80!\x8b\x17\x0a\xe2\x0e\
\x8aH\xc2\x16 \xe0\x00\xccI\xa4\x00\xfe\xa6X\x07\x01\
\x87\xd6\x8c\x08\xaco2S\x09\x80\x01\x22 \x03\x1a\x18\
\xa2\x14\xe2\xf0\x87?\xdc!\xc5~TQ\x8a\xfe\xe8G\
>\xfa\xd1\x8dl\xec\x22\x0e}h\x80\x09\xbc\x95\xc0>\
\x91e\x01$PB\x14\xe2\xb0\x88X\x08\x83\x17\xb3\xb8\
\xc50t!\x0b]\xf8b\x16\xb5\x10\x86-la\x0c\
X\xc0\xa2\x17t\xe0\x03\x08\x98u\x15\x87(\x00\x17\xd4\
\x1b\xa2\xb5\xcc\x11\x8d\x0b\xa8N \x0b8\x01\x10\xc2P\
\x0ac\xe8\x03\x8b\x98\xbcb\x165\xe9\x0fz\xf8\xc3\x1c\
\xbc\xc8\x04\x11Z\xf3\x18\xf7\xf9*/\x95\xda\xc1\x1d,\
q\x8a^\x18\xa3\x17\xb2\xa0E-h!\x0bY\xccb\
\x16\xb1\xa8\xe5,dQ\x0bY\xd8\x82\x17n\x8c\x05'\
\x0a\x91\x04\xf4\xf9n!\x0a\xf8\xc5\xc9f\xa5\xc8jM\
\xc3a\x0f\xe1@\x11\x1c\x91\x0bp`\xd2\x8aV\xcc\xa4\
63i\xc5t\xe4C\x0dT\x08@\x01f\xe7+\x03\
@\xe0\x05w\x90\xc4-t\x01\x0c[\xcc\x02\x16\xb8\xdc\
e-e\x91\xcby\xda\xb3\x96\xb1\xfe\xa8E0T\x01\
\x8cA\xec\xe1\x00 ;\xe6A\x10\xc0\x8bP\xa5\xac\x99\
\xc6\x9a\x06\xea\x1c\xc2\x82A\x18\xa3\x1e\xdb\x8c(7%\
\xea\x0fdd\x82\x04\x16\xb8P\x19\xebr4\xab\x00\x81\
\x0c\x9e\xe0\x050\xe0\x08\x0b]\xde\xf3\xa4(\x95\xa7-\
j\x81\x8b_\x10\x82\x07\x1dPHS\x0e\x90\x8bD\x22\
\xd4X\xd6\xf0@C,\xf0\x05g\xd8c\x93\x14\x0d\xea\
6\xb3\xe9\x0fY(\xe2\x03\xaf\xdb\xa8d\x06\xd0\x814\
\xb4\xa2\x16\xc8\xc0\x05>c!\xcfz\xa2\xf4\xaa\xb6\x9c\
'-hA\x8cJ\xe0\xa1\x05\x22\xdc\x93\x01j\x91\xa8\
X\xdd\xf4X\xd6\x18\x81\xeb\xc0b\x01#8B\x1eW\
$\xaaP\xe7\xaa\xc9r\xe4\xa2\x04G,dt\xcab\
\x9f\x05\xbc\xa0\x0f\xc3\x18\x06-bAX\xac\x1a\xf6\x9e\
V\xcd\xaa,|\x81\x8aT\xe0\xc0\x91\x9c\x1bH\x01`\
\x11\xa0\x83\x9e\xf5P\xd68\xc1\xf3\xd6\xa7\x86[hG\
\xaet\x0d-6\xa5\xc8\x8fn\xa4@\xa0\xa8}M^\
\x12\xf0\x03A\xc03\x97\xf1<\xfe\xacl\xe7IU\xc2\
\xca\x13\x17\xb7\x88\xc5\x18>\xc0\xd7\xd4\x09\xe0\x15\xcc\xbc\
,\xad\xa6\xa1Y\x844\xa0\x0d\xd7\xe0Gh\x97{M\
\xa0b\x91\x1cL\x90@\xef(D\xc2\x00\x5c \x0b\x90\
\x08\x86/d\x9b\xd8\xd9*\x96\xb6\xf1\xd4E,\xdc\xa0\
S\xa6\xc8bn\xc2\xa5\xd59\x90\xc1\x01\xb0=@\x0f\
\xf7\xc8&h\x99+T\xf9b\x12\x1dn\xc0\xeb\xd4*\
$\x029\xa0b\x8f\xdd\xfd\xaeI\xbd{X\x5c\xfa\x12\
\x16m@*B\x22\x11\xdc\xf4^I\x1d\xafH^\x98\
\xd4\xa0\x0d,\x82v\xbe\xf4u\xaeD\xd9\xc1\x08\x90}\
\xa5B\x0f@C)V\x9aXy\x12X\xb6\xf24\xf1\
.g\x81\x8bX\xb0\x81\xb7\x07\x91\x82\xa6\x1a\xec`\x12\
\xc5#\x11z\xc5\x00\x1e\xda\xe1\x5c\x0cgx\xa2A\x8d\
\x07\xe1R\x1b\x9d\x06P\xe1\x14\xb7\xb0\xc5I\xa9z\xe2\
&\x9f4\xb7l\xc8\x9bAF\x00\x22\x94\xd5XN\xf5\
\xf8\xc2A\xdc\x80\x8e\xfa\xfeX\x9b\x17\xd6\xa6:\x940\
\x1f\xca\x14\xe0\x07\x9c\xb8\x05\xfe=\x9d\xcc\xe6\xc3\xde\x02\
\x16n@\x80A\x0a\x80\x0d\x9b^\xd9G\x22:\x07;\
NK\x10\x01\x08!\x1a_\x0etP\xd1\x01\xe3\xbd\xa6\
\xee\x04\x86\xf0\x85T\xdb\xcc\xe8\xab\xc6\x22\xb7P8b\
*\x82f\xd6;W\xb6P\xec\xc8F\xdb\x06R\x01W\
\x08\xfa\xd3\x12\x05\x86\x06\xf4j\x97\xc8\x16\x00\x0f\xb9\x0c\
p\xa3W\x1d\x0b\x5c\xb8\xc2\x03`I\x83\x10i|e\
7\xb5\x03\x15\x0a\xbc\x83=F\x0b\xea^[\xb1\x14\x8d\
Qj}\x04\xe2\x008\x0cc\x17k6\xf1\xaa\x97-\
\x0b\x5c\xe8A}M\x99\xc1\xb4\xee| j\x91\xa3\x0c\
\xae\x93\xc16,\xdc\xebn\xfb#\x1eQ\xa8\x10\x0f^\
\xb1]f\x9b[\x97TE\xc5\x11\xdc\xc7\x80g\x9c\x8c\
\xda$:G1\x08)\x10\x0d\x90\x82\xdb\xca\xf5\xb6\xa0\
\xadh\x0c\x22\x9b\xa5\xb7kxEI\xcfM\xf0fs\
\xc2\x88R\x89\x83e\x1d\xdc\xa9t8\xc2\xc3Sa\x03\
\x5c\xb9\xad\xef^_A2\xa0KA*\x06[\xd5\x82\
3\xdb\x17u(\x88\x06\xfe\xbe\xb1p\xe1R\xab\x1d\xf3\
`\x82\x84H\xe0\x8cM\xfa\xb8\xe2?V\x86\xf3\xa4C\
\x10\x07\xfc\xe1\x18\xb4\x9c\xa7\xb2=\xcehZ`@L\
\x010\xc4\x94\xe0]\xab\x8e\xd1B}J1\xc3%)\
\x0esPc\x016I\x11\xc0\x0fX\xa1f\x01\xf3\x9c\
\xcdL\x8ee\x17\x0a\x12\x02m\x14=D\x0c\x1f\x87\x9e\
\xa5`\x15P\xbc\xbc\xe9?\xb6\xa25\x10\xbe_\xa8\xf4\
u\x0f\xb9\xc8\xf9\xd5\x1b]O\x03\x8bB\x01\x04!@\
%\x06E\xf4\x1d\x99\x03\x1d\xb8`;\x00J`\x0e\xb4\
{\x1b\x9b\xfb\xa8B\xdb\xb3\xb2\x14\x14\x88\xa2\xb0sg\
6li\x81\x83\xb1\xb4\xa0\x1a\xec@\x99\x9d\x15\xc9\xae\
F\x89\xa1 \x840\xbc\xbe\xb3\x99\x8a\xb5\xdee\x0a\xb9\
\x88\xfc\xb9o\xdb\x87MO%Z\xd8J\xd8\xe6qG\
\x8et\xbc\x83\x12\x0b\xa5Q7x-zP\xf7\xc3\x1d\
J\x12\xf6O\x92\x12\x08X\xe2S\xe7\xaa'pmi\
\xcb\x0a\xb7\x10\x84\x04\xab\xa8\x15\xba\xce\xca#w\xdc\x82\
\x06\xff\x1b\x88\x18H\xfe\xdb\xfbO\xcb\xb5\x05\xa6\xacK\
\x03X\xb1\xe8{\xee<\xf9\x8e60=qi\x0b\x95\
\x17D\x07\xdd8[\xc9\x87\xe8\x8ekH\xa1 \x05\xb0\
\xc4\xd9\xbbOW\xde\xe3a\xb3u\xb1\x03\xbe w\xe8\
\xd7f;'\x08]1\x05L\xb3.\xc25\x0f\xf3p\
\x08\x8dA\x10\x0d`\x0b\x1a\xc6\x7f\x9f\x06\x0c>t\x16\
IA\x00h\x80l\x05Hp\x940s\x04\x11\x08&\
\xf3&\x97e\x0e\xa9P^\x04q\x01\xcd`\x81\xbe&\
E\xf0\xe0|\xc2\xb7\x13I\xd1\x00\x8dP\x0b\xe7\xf7\x81\
\x8cf\x0aHb\x10\x11\xd0\x09\xefp;s2\x7f\xe9\
R1Z\xe2!\xa9@\x04]\x01\x02Q\xe4\x82\xde&\
\x04y\xa5\x15\x01\xc0\x01\x9e0`:\xb8j\xb0\xa0`\
\xeb3\x03\xa0 \x0fAc7\xa1\xe24\xa2B\x0e\xe3\
\x00\x22\xa3`\x04\xdac\x159p\x0fN\xe8mm\x10\
Vfa\x02\xa7p\x85\xe6\x16\x0b\xb6\x90\x03\x9e\x13\x00\
6 \x08^\xe87e\xb55\x86RY\x84\x22\x0f\xe8\
\xf0\x098 g\xfeG\xf4\x05\xcd\xd5\x86\x81v\x07\xfe\
\xe6\x14I\xb1\x02\xa9\x90\x83t\xe8d\xb6\xa0\x05\x931\
\x01\x83P\x0f\xe9\x005\x86b+8\xe3&\xe6a\x0f\
\xef`\x09;@J\xbd\x05\x00\xa1\xc7\x88\xbd\x16\x08\xe1\
g\x16.\xc0\x0a\x95\xc8l\xb7\xa0\x07/\x92\x14\x10\x00\
\x06\xf7\xd2\x0e\xb2\x07\x88\xe11\x1e\xe9q\x0e\xdd\xf0\x08\
z\xa2Q\x03\xc1\x0a\xac\xd8k\x90\xd09ZQ\x03\xad\
`\x85\xb3\xe8d\xb7@\x08\x1f\xe6-`\xe0\x0e\xdbP\
\x0f6C\x84A\x128\x22\xb2\x0e\xeb\xc0\x0e\x86\xb0\x02\
\xd9\xe7\x1aI\xb1\x0b\xfb\x97\x8cs\xe5\x09\xa0c\x16=\
\xf0\x0a\xeb\x17\x8dmv\x0b\x8e\xd8\x10\x5c\xc0\x09\xcbp\
\x0f\x9a\xf2\x89\xa1x\x0ep\x85\x0d\xa0\xa0\x05\x11\x82D\
\x01p\x0a@\xa6\x8e\xcb\xa5\x0a\xa6g\x16@\x90j\xf2\
\xd8f\xb8\xa0\x06\x0f\x11\x03?\x10\x0c\xd0p\x0f\xc0A\
kW\xc2#\xe5\xd0\x1b\xf3 \x0e\xb1@\x05$\xd0\x10\
Ia\x09\x15\x88\x90\xcbu\x0b\x8b\x07\x15I\x00Ok\
\xf6\x90'\xc6\xfeb\x9fG\x92\x00 \x00\x18\xe0\x07\x9e\
\xe0\x0f\xe20\x0f3v,\xe4\x01\x0f\xfe\x90\x0e\xdc\x90\
\x0b\x8c0F\x101\x08\xe9\x88\x92\x12\xf5\x0a\x91\xf1\x03\
\xb4\xa4j0yX\xb9\xf0t\x8f\x14\x00\x0e`)\xb8\
\xf0\x0d\xd7\xd0\x0f\xe8\x00\x8e\x84\x92(`\x17\x22\x0cB\
\x0e\xea\xb0\x0f:)\x0c\x0eb\x05&P\x00\x10\x11\x00\
s\xa0\x94\x19fE\x8e \x1d(\x00\x0bY\x17\x95\xde\
\x15GN\xf0\x8a\xcc\x08\x00p\xa1\x047@\x09\x9f\x90\
\x0c\xf1\xd0\x0d\xdfV\x0e\xf30(\xed\x00 \xbd\x81\x0f\
\xb5\xa7\x1b\xd6\xd0\x09\x80\xc0\x04=\x00\x02\xa4\x14\x11g\
\xc0Ip9W\xfb\xf0\x063\xe8\x13\x16p\x0a\x94\x88\
\x97\x8ev\x0b\xbc2\x11K\x11\x02\x00`\x06W\xd0\x0a\
\xc3\x10\x0b\xea@\x0d\xc8\xd0\x0f\xedp\x0d\xf1\xd0\x0f\xd0\
\xe0\x0b\xc0\xb0\x0c\xb1\x80\x06Z\xd0\x01!\x80$\x1b\x15\
\x00U\xb0\x99\xf4E\x0fS\x10\x19\x06\xe0\x09PI\x9a\
)\xf5\x0a\xc6D\x11$$\x105\xb0\x01Jp\x065\
\xe0\x06\x91\xfe\xc0\x05\x90\xf0\x09n\xa0\x03V@\x052\
\x80$\x0e\xa0=\x16\x81\x03r\x95\x94p\xb9\x0e;\xf0\
\x88\xc3\x06\x00\x8a0\x9a\xceyR\x9e\xa0\x82\x09\xf4\x8a\
\xc0C\x01SQ\x02l\x09\x00\xc2\xb9\x92\x0f\xf1\x00]\
f\x9cAET\xe00\x92w\x91\x14j\xd0K\xf39\
[\x88 xe\xd4\x8e\x02\xc5\x97\x17\x91\x0b\x04\x1aQ\
\xf3\xc5\x0c\x01\xe5\x15\x1a\x88\x04t\xd4\xa0\x87E\x0bk\
\xd0\x9f4\xf9+\x1a\x01\x07\x17*Qre\x0b\xaf\x11\
\x02\xee\x84R\xcdI\x87\xca6\x0b\xba\x80\x04\x00\xaa\x13\
)\xa0\x9e\xc6\xa9\x0fc\x90\xa0\x8fQ\x00\x9c\x90R\xf2\
\xa9\x83+\xa6K\xb6\x00\x0b1\xf5\x99-\x91\x14\x85\x97\
\xa2\x8b\x88E\xdc\xe0|\xa5\xf6\x18\xa8\x97R\xce\xc9d\
\xb1\x00\x0c\xd8\xa3\xa4.\x11\x00\xa6\xe0\xa4\x07\x99\x0f\x86\
\xc0\xa5?\x11\x01\xb2\x08\xa2\xf6Tw\xb8P\x05d\xba\
\x12K\xf1\x04f\x09\xa6=\x06\x0ex\xa8Z\x02\xc0\x07\
\x04\xd8\xa0V5\x0b\x95\xb0\x01\xbd\xd5\xa62\xe2\x00\xcb\
 \xa7\xfe\xda\xe4\x0b\x19\x05u40ph\x8a|`\
 B\x80Z\x12K\x91\x05:\xca\x8aDu\x07$\x1a\
\x19Iq\x00\xa40X\xe6w\xa5\xb9\xa0\x09|v\xa3\
7A\x17\xc0@\xa8\x9b4\x0f\xf4\xa6Z\x00\xd0\x04\xbc\
\x90\xa7\xf3i\x0b\xc7\x90\x06\x22\xe8\x9e;\xe1\x04\xa6\x1a\
\x94lp\xa9\xaa\x05-J\x86|\xcey\x0b\xa0\xf0s\
\x90(&\x09`\x0c\xa6Z\x0a\x04\xf0\xa8<a\x1f0\
@\x0a\x066\xa4W\xd7]VE\x0b\xad\xa0x\x8c'\
\x10E@E\x93\xea\x82\xdf\x10\x05\x979\x1fZ\x00\x0c\
\xeaw\x85\xb0eUu\xa7\x0b\x89\xa0Y\xca\xfa\x12\x05\
\xa0\x09\xf1\x80\x92>\xa6\x08\x08\xb7\xae48\x10\x8e\xf0\
\xa1V'\xa3T\xd5GC <O\x91\x17,\x00\x0b\
\xf9\x00T\xdb\xdat\xfb\x00\x0bRZ!(\x10\x0a\xba\
\x00\xad\xd1\x1a\x8f\xf4\x14\x0b\xa8`\x04bA\xafH1\
\x108PaJIT\xdaP\x04\xa98\x1f\x05\xd0\x05\
\xa5\x80\xaf\xb3\x88K\xb4\x00\x0c\xb9\xa0e\xb4:|d\
\xd4\xfe\x04'\xe9\x82D\xb5\x0f\xd5\xe0\x06\xfaIN\x98\
*\x10\x16\xc0\x06\xa4@\xb2\x1f\x08[%U\x0b\xb6@\
\x07\x17`\xb1Kj\x10\x99\x09\x97\xdb\x10\x07\x15@\xb4\
C\x91\x01l0\xb2\xd18\x0b\xbd`\x0b\x84\xa0\x85\xff\
f\x10\x8b\xf0\xb2\xa2'W\xdcP\x07`\xd2'\x1a\xb0\
\x06\xa5\xe0\x81'5\xae'Vw\xb6\xe4\x90\xf7\x14\x0c\
\xb8\x90\x077\x00\x16L\xfb\x12\x0e\xc0\x06\xfe\xa0\x5cg\
W\xb0s\xd5\x0f\xd7\xf0\x06\x09\x0b\xb6b\xfb\x0bY\xe7\
\xb01\xf9\x92\xf8d\x0b\xaa`\x06\x1f`\x9ep(\x85\
JQ\x06\xec\xc0\x86=v\x90\xf4\x15f\x5cD\x07\x18\
\x90\x81\xc6Sol@\x09\xc6\x90\xaft\xd7q\x06V\
\x0b\xc6 \x0ca\xa0\x01\x97\x19\xb70A\x17UP\x0c\
T\xa4ID\xc5{\x93\xabI\xf0\xe0\x0a^p\xa8e\
\xd2\x15\x1a`\x03\x87\xb0\x0b\xb8p~1\xea\xb9i{\
K\xf3\x94\x0b\xbe\x10\x0b\x9f\xb0\x04\x1b\x0a\x80\x98:\x04\
\xa1\x90\x0eC\xa5\x99\xa2\xa5M\xda8\x0a-\xa0\x00\x98\
\xfe{\xbb\x03\x91\x00\x07p\x07\x95\x90A\xea\xb7K\xbf\
;Ui\xaa~\xb90K\x9fp\x08@\xd0:\xa8+\
\x130 \x07\xd9\xb0t\xcf\x9bvY\xd4\x0f\xbf\xa0\x07\
1\xc0\x96\x14J]!\x04\x00J\xf0\x064\xf4\x0b\xe0\
+\xb8K\x16K\xb7\x04\x0b\xae@\x09U`\x03\x01\xb5\
\xbe9\x91\x14\x19\x90\x01\xacP\x0bu\x1b\xb9\x82\x86\x0e\
\x89\xa0\x03\xc1\xb7\xb80BN\x1c\xd0\x04\xa9\x00\x0a\xbc\
pG\xbdjO\xc2\x0b\x8d:\x97\x0b\xbbt\x0b\xbd\xd0\
\x08n`\x03=x<7\xfb\x15\x14`\x03\x88\x00\x0e\
?\x85\xb7\xda\xb4\x0c\x8f@\x05\xa4\x060=\x80\x03\x92\
\xa0\x08\xaf\xc9\x0b(\xfc\xa2S\xf5\xack\x86\x0b\xc0P\
\x0b\xaf\x00K\x9b\xc0\x06(\x80w\xd3IF0\x02\x17\
_\x00\x07\xf30\xa8\xd0;W\xf10\x0ay@\x02\x11\
\xe0\xaf6\x1b\x15\x004\x17\xfd\x09<>\xd4\x15K\x84\
\x03`\x80\x08\xab`\x0a\xc7P\xbe\xc2p\x0b\xb3\xc0\x0b\
j\xb6\x0b\xbe\xb0G\xc2p\x0c\xb20\x0a\xa0\xf0\x08\xfe\
\x8e\x00\x0500B\x02\xf1\x009\xb0\x04\xa50\x09\xf6\
\xa0\xb1[\x14Q\xfa0\x0e\xfe`\x0f\xd5\xe0\x07Y\x00\
\x00\xc1\x16\x16\x02!\x00r\x11\x00\x04 \x00\x01p\xbd\
>\x91\x17\xd5H\x10\x0b\xe0\x01#\xf0\x01\x1f\x00\x03&\
\xd0\x01*\xf0\x02\x17\x10\x02\xea\x83\x88\x06\xb1\x163\xd0\
\x02n\xc0\x07s\x10\x0b\x97 \x0a\xc2\xf0\x0a\xab\xc0N\
\x9c\x10\x0a\xc1@\x0a\x850\x07[\x10\x05/\xd0\xb7\xbd\
\xd2\x14H2\x02P\xd0\x04\xb6\x90\x09\xd20\x0e\xb0\x90\
\x0d\x15T\x0d\xfe\x10\x0d\xa7\xd0\x08\x87\x80\x09T\xc0,\
\x8a;\x16\x04P\x00\x07P\x00\x08\xc0\x00\x09\x80\x00\x0a\
\xa0\x00\x09\xb0\xce\x05`\x00\xff\x93\xc1\xa2:\x13XQ\
\x00\x0dp\x01\x0d0\x027\xc0\x04W\x00\x05X\x80\x06\
a0\x05dP\x06W\x90\x05d\xc0\x03B\xd0\x02\x17\
\xa0'\xfe:\x16\x8e$\x02;\xc0\x01]p\x05\x5c\xb0\
\x07e\x00\x05J\x90\x05Q\x80\x02\x1eP\x02}\xcb\xc0\
E!\xcf\xc4\xea\x00\x12\x10\x05'\xf0\x01b\xb0\xfe\x04\
+\xb0\x06i\xd0\x01\x13@\x0215\x19\x04p\x00\x09\
\xb0\x00\x0a\xd0\x00\x0e\xe0\x00\x0d\x80\xd3:\xdd\x00\x0f\xe0\
\x00\x0c\xd0\x00\x09\x80\xce\x06\x80\xbf+[\xb4\x94aB\
)P\x03I\xf0\x04h\xe0\x06gP\x06j\x10\x07i\
`\x06n\xf0\x06f0\xd5f\x90\x06n\x90\x05c@\
\x05=\x10\x03\x0ap\xa9G\xb3\x16\x16\xd0-\x18R\xb1\
\xdf\x9aD\x1a\xec'\x1f\xa6$\xd9\xe7\xc9QG\xc5\x03\
!\x00\x06p\xd3=\x8d\xd3;\xbd\xd7|\xcd\x00:\xfd\
\xd7\x0d\xb0\x00\x09P\x00\xe1\x8c\x13\xa2|\x00\x19`\x02\
@@\x05a\xd0\x06q\xc0\x06gp\x06ip\x06f\
`\x06\x94]\x06\x94m\xd9hp\x06k\xd0\x06d0\
\x07X\x90\x05&\xa0\x9a\xfb\xbb:G\xcd$\x98\xf3a\
\x12J\x193\x1d\xd4?\xdd\x00A\xbd\xd3A\xad\xd3\xb1\
\x1d\xdb;\x0d\xd4{\xcd\x17\x0b`\x00\xb3\xba\x13\x07\xb0\
\x01(\x90\x04U\x80\x06k\xe0\x06h`\xd9fP\x06\
\x95\xbd\xdc\x95\x8d\xd9\xca\x9d\xdc\x94}\xdcj\xfe\xf0\x06\
\x5c\xf0\x05/\xa0V\x0f\xf19\xa7\x8d\xbd2uLc\
\xd3\xce>}\xdb\xb6\xad\xd7\xe3}\xdb\xb2M\xdb\xe6\x0d\
\xdb\x070\x00\xa0\x5c\x13.\xa0\x04\x5c\xd0\xd9k\x90\xd9\
\xcd}\xd9\x94M\xdf\xc8\x1d\xd9\xcf\xbd\xdclP\x06n\
\xf0\x04K\xb0\xde\xb7\x18\x85\x0f\xf3\xb1\x0bA\x16\x04\x80\
\x00\x0b\xa0\xd7\x0c\x9e\xdb|\xfd\xe0{\x1d\xd4\xb3\xcd\xd7\
:\xfd\x00\x0a\x80@\xa3\xba=\x14\xc0\x03\xc4\xed\x06U\
]\x06\xca\xbd\xdf\x95\x8d\xdf\x22\xce\xdc\xc8=\xe2\x92\x1d\
\x07L\xc0\x01\xc9\xbb\xb8 \x0d\x1d\x03\xbe=7M\xe1\
\x10^\xe3\xb2\x8d\xd3\xb1\x9d\xd7\x10\xfe\x00\x0b\xb0\x00\xed\
-#\x06!\x00\x11\x90\x02L\xf0\x06p`\xe2H\x9e\
\xe4J\x9e\xe4\x91m\x06p@\x054 ]\x99#;\
\x06\xb0\xe06~\xe5X\x9e\xe5{]\x8e*A\x19\x0d\
\x00\x9e\xcd\xbd\xe4b>\xe6\xcb\xfd\xdcg\xe0\x06\x5c\x80\
\x04\x190\xcaS~\xe0\x03p\x00>\xad\xe3Z>\xe7\
Z\xce\x00\x07\xf0\xe3\x22\x81\x15\x10\xc0\x04\xfe^\xb0\x06\
l@\xe6\x80\x0e\xe8\x94\xbd\x06a\x00\x06\xa3\xb6\xddS\
N\x00C-\xe7t\xde\xe8W\x0e\xd4w\x0e\x13\x160\
\x05w\x90\x06hP\xe2\x81\x9e\xe9\xf8]\xd9\x96n\x06\
~\xda\xe6\x10\xa1\xe8\xe5\xed\xe8\xa4n\xe3\x90\x8e\xe7\x1f\
\x819\x09P\x04gp\xdc\x96\x8d\xe9\x99\x1e\xe8\xf7\xbd\
\xdcg\xd0\xdf\x16\x00\xea\x0e!\x00C\x0d\xdb<]\xea\
\xbe\x0e\xe1\xa7\x8e\xe8\x17\x11\x00\x13@\x04\x9b=\xe2\x98\
\x1d\xeb\xca\x9e\xdc\xaf>\xe2\x9cn\x05h\x8d\xeb\x091\
\x00\xe7\xfc\xeb\xd6\x8e\xe5v\xfe\xe2\x09\xc0\x03Y\xed\xec\
\xfa\xbd\xec\xb1\xae\xdc\x99\x1d\xe2Q-\x05\xca,\xed\x99\
\x0c\xe7=\xcd\xe8\xd7N\xea\xb4\x0d\xd4\xba:\x12zQ\
\x03\x5c\xb0\xd9\xb0\x0e\xee\xf8\x8e\xdci0\x06L\x80t\
\xe8.&U~\xe3\xed\xde\xee\xb6\xed\x00\x0b\xb0\xd6#\
a\x02`P\xd5\xf9\xde\xf0&\xbe\xdfh \x06;\x80\
\xeaz\xc3\xc99=\xf0\x18o\xe3\x91\xf5\x11\x0d\xd0\x04\
m\xb0\xe9\x0e\xef\xf0Q\xbd\xd5]\xd0\xfe-/N\x1f\
\x9f\xac\x00\xec\x9e\xf1\x18\xdf\xdb\x1f\x11\x00/\xb0\xd5!\
?\xf3\xce\xbe\xdck\x003\xc2\x0e0\xf6\x9c\xde,\xcf\
\xf2>N\x12%}\xe9 O\xf3\xe0\x9e\xec\xca\xad\x06\
%@\x17'\xafZ3\xde\xf3N\xbf\xd3\xb2\x0c\x12\x01\
\xc0\xe1#O\xf4!\x9f\xd9\xf7-\x05\xc0\x03\xeaJ\xb4\
\xf2O?\xf0\x08\xbf\x11\x02\x10\x02e\xd0\x06\xc8n\xf5\
\xf8.\xe2\xcf\xad\x06\xfb3\xcf\x003\x00V\xfe\xf5N\
\xcf\x17!\x81\x00EP\xd5Q}\xefh\xaf\xecX/\
\x06-\xfe8p\x1e\xe1r\xdf\xf3a\x9f\x11\x0e\x90\x05\
{\xbf\xf7\xfb\xad\x02\x5c\xbf\xe0^?\xf8\xd6.a\x19\
a\x15'p\xdc\xcf\xad\xf7\x89\xcf\xf7g\xd0\x04S\x5c\
8\x05\xf0\xf8\x90o\xed\xfen\x11_\xa1\x04\x7f\x9e\xf9\
h\x8f\xd9c\x10\xf5\x85\xb3\x17\xa1\xff\xf4\x0eP\xf8\x16\
\x11\x01e\xc0\xf0\xa8O\xf4\x94\x9d\x06\xfa\xf58\x02\xe0\
\xd7\x0d\xfe\xfa\xed\xae\xd3\x92/\x9d-\xf2\x02\x1f\xcf\xdc\
\x98\x7f\xfb\x80\xfe\xdc\xee\xf78\x04\xfe\x00\xfc_\xcf\x00\
\x14\xff\x10\x07\xc0\x04j\x10\xe65\xaf\xfc\x0d\x1f\x06.\
\xdf3\xc1\x03\xfd=\x1f\xdb\xb2\xffH\x03\x01\x01Z0\
\xf4\xda\x9f\xef\xca\x8d\x06\x1d\xb0\xf4\x09\xda\xf4\xe0\xcf\xf2\
\x0d\x8d\x11\x1a\x00\x06\xe9O\xf4!n\x061\xc0\xfb\xa3\
\x1e\xff\xed>\xfc\x00\x01@\xe0@\x82\x05\x0d\x0e\xfc0\
\xe6\x8c\x19\x86\x0d\x1d>\x84\x18Q\xe2D\x8a\x15\xcd\xfc\
8\x98Q\xe3F\x8e\x1d=~\x04\x19\xf2\xa3\x00\x07\x0d\
L\x9a,Y\xf2\xe4J\x96-]\xbe\x84\x19\xf3\xa4J\
\x93\x0bDrD\xb1\xd0\xe2N\x9e=-\x9e9rS\
\xe8P\xa2E\x8d\x0a\x0c0p\x80L\xa6M\x9d>e\
\xc9\xe0(\xc1\x18:}^\xc5\xfa\x93\xe1\x13\x01S\xbd\
~\x05[\x94\x00T\xb2e\xcd6H\xeaU\x87\xd5\xac\
m\xdd2\xd4\x89\xa5@X\xbau\xed\x1a,@\xf3\xec\
^\xbe+\x07\x1cMK\x84\xed[\xc2Y\xbb$\xb8\x9b\
X\xb1\xd7\x03z\xfb>.\xeb\x80\x00`\x81P\xd0\x14\
\xc6\x9c\xf5\x8b\x83\xc5\x9d=\x8b\xfeD\xe0\x18\xf2\xe8\xa6\
\x0e\xe6z\xa5r9\xf3j\x8be\xccx\x81\xf0Y\xf6\
\xec\x8c\x09H\xdf~*\xf9\xeb\x92\xc1\xac}C\xcc\xc2\
\x99\xf6p\xda\x08p\x1fg\xfa\xd7\xeb\x8f\xde\xbf\x9d\x9b\
\x99\x82\x98\xf8t\xcf\xc6\x91_w\xd9uj\x00\x19V\
]?\xff}\xe6\x89\x81\xb4\xd4\xcd\xdb\xcd\x8b]\xfd\xc9\
\xf2GU\x80\x87\xcf\xf0\x88\xf2\xf3\xf5\xc3\x8e]\xaf^\
\xea\xd7\x0f\xdf\xe3\xb3.\xa3\x0c4|\xd0\xce>\x03\xa7\
\x12\x80\x81\xfc\xb0\xb3\xc9\xab\x00* \xe3?\xe7\xd2\xb0\
\xe1@\x0b\x01SpA\xe4\x14\xf8*\x00\x05\xbe\x90\xd0\
\xb72\xd2H\xe1B\x13\x89Z@\xc3\xe3\x188\x00,\
\x01\x9ch.\xc4\xb6\xd28c\x82\x13o\x0c)\x00\xdb\
T\xbcm\x81\xc9\xc0bA5\x19\x09;\xc3\x8d&\x0a\
\xc41I\x8d\x02(\x80\xc7\x1e\xe9\xf3j\x814\x86,\
\xac\x0c5LP2\xcb\x8d\x02pr4\x07\x14h\xcf\
\xab*\xac\x8a\x91\xca\x8a\xb8\x90NK5\x0b\xb2\xcd\x81\
\x0cE\xebR&\x07\x1e8\xfe-,\x18\xd4`\xc8?\
3#*c\xa1\xef\xbe\x1b\xe2\xc75\x07\x05`\xac\x0c\
\xe3<\x0b\xc9\xaf PH\xcf='b\x8b\x8c\x15\x08\
\xa5\x14\x00\x06\x0eE47\x07\xd2\x0cK\x80&\xcep\
\xf4\xd1\x87\x5c\xb3\x8a\x0d02\x08\xb3R%\x8d\xc34\
S\xa7\x04\xa5k\x035\xca\x14\xb5\xa1\x85\xd0x\x03\x07\
\x03\x06JU\xd5\x0b\x03\x18\xa0UW\x99J \x80^\
\xbd\x0a\xe2\x0cPi\x1d\xd2Q4\xa08\xedX_M\
<\xe0\x81aKk\xa0\x00i\x01\x8b\xc0\x0b3\x98}\
\xb4\xcf.J\xe4u\xda,\x05H\xb1\x01a\xaf\x9d)\
\x01\x01\xb6\x9d\xca\x066j\xa5\x08\xd7'\x16H+)\
x\xcd\xad\xcf\x00u\xffe\xb7\xa5\x05\xa0\xbck\x00+\
\xa64\xa3\xcfP\xe3\xeb3\xe1\x87\xd4\x10\x03\x04~\x09\
\xf5\x10`v\x1dk\xd1\xb3\x13\xbe\xa0\xd1\x0c2\xd8Z\
\x985P\xfd\xd3\xe92\x1e&\x1e4\xa9\x01T\x823\
\xd39\x19 \xf8\xae\x00\x10\xf8\xa1\x0b\x84C\x0e\x8f\xcf\
3\xd2\x10\xe3\x08\x1bQ\xfeV3\xad\x03\x1ah\x99G\
L\xdd\xdcU6\x08z\x08C\xc8\x86p\x06\xf0[\x86\
\xd0Pc\x8a\x0d\x80\xa6\x18\x80\xd0\xae=\xd4\xcd:e\
s@\x09\xa9\xf3d\xd8V\xb3\xa3\xf8\xe0k\xac\xb5\x0c\
@\x80\x04D+\x1a9\x95\xac%\xaf\xb3T)\x98\xe2\
cpWk\xb8\xe16\xb2\x18\x01\x80}\xd76q\x80\
6W\x8a[\xbd\x8c\xa7\xb3@\x0a2\xf0l\xf6\x0c5\
\xdc0\xa3\x05\xf2\x06'\xdc>}\x01p{\xd8\x92\xdc\
\x15|\xb6\xf6*\x90\xe2\x8b6\xe2\xf3.\x0d6\xc6\x98\
\xc2\x04\xcc3?\xcfX\xa4\x94R\xa0\xa4u\xf3c \
\x01X\xa9\xb3\x00\x88+(w\xa8\xe1\xe0yb6\x8d\
/\x98\x18AQ\xd8\x095\xdc\xa4\xdbS\x82\xccv\x07\
J2\xe0\xdd\xd8\x05\x82\xa0\x04(\xe2P\xb6o\x9f\x02\
\xf4\x0e.R\xcf`\xc3\x0e/l\xc8`\xae\xd7\x977\
Q\x80\x03\x18`\xb9\xebu\x13\x87i\xce/\xab\xb70\
\x80\x03\x22`B\x0d5h\xd4So\x98\x15\xc07\xac\
\xa1\x0cP\xd8\x80t\xfe\xd6\xc7>\x131I\x01DS\
P\x86\xe0\xd7\x92\xdb\xb1\x04nnB\x00\x01\x16\xb8\x18\
}uE\x08NpC\x19\xd8 \xbc\x84\x81jl\x15\
Y\xc8\xce\xda\x80\x061L\x81\x08?#\xc8\x06\x19x\
\xa0\x01\xbc\xef\x01\xb6\xa3`\x05cr\xa9\x9a\x1c f\
\x9a\xdb\x5c\x08V\xb0\x05.\xb8a\x0df@\x83\x09\xf3\
\xa4D\xff\x04p\x0d\xb3\xea\x82\x15zp\x02\x0b\xc8p\
\x868\x0a\x00\x01\x16\xb0\x007Y\xcb%\xf4s\xdeI\
\x18\xb0\x80\x0cZ/\x7f\x06I\xca\x07N`\x85,\xc8\
A\x84\xa7K\xe2\xd3\xfc\xd4\xa78\xaa!\x0ei(\x03\
\x17\xaa@\x83\x13@\xc0\x8ch\xbc\xa2\xaf\x98\xf4>\xa2\
\x81\xf1\x8b\xcec@\x19\xcb\x95%&-\x00\x06=\xa8\
B\x18\xb0\x10\x875\xe0jV\x05$\x9f\x1b\xa6\x94\x86\
;\x8c!\x0bO`B\x0dD\xc0!\x8fX1\x90\xd7\
;@\x93\xb8XH\xa2\xc5dzn\xea\xa1\xb6\x90b\
J\xea\xec\x8a\x04\x16x\xc1\x11zp\x86+d\xc1\x0d\
d\xa8\x82\x19\xde\xfe`\x05-\x9c\x01\x0aE(\x01\x09\
Dp\x81\xba\x01\xb2 \x9b;\xe5\x8d\xe05\x00\x03$\
\x00\x01c\x9c\xe0+\xb5\xf9J\x05$ \x01\x0a(\x80\
\xf2\x8eEK\xd9 \xc6\x01\x22\xb0@\x0c`\x00\x82\x14\
\xd8\x00\x05#x\x81\x0a\x16\xd0\x95\xa4e\xa4<\x06P\
\xc0\xc0*\xc0\x81\x04,\xa0\x02\x04X\xd93\xed\x19\xcd\
\x8f\xf4Je\x05@\x80\x00\xae\x99\x80\xa1=\xe0\x00\xd6\
,\xd4\xe6\xca\x93/`\x0d`\x00\x080@\x8a\xbc\xb9\
\x00\x05  \x9f\x070\x80E\x07@N-\xfd\x08\x01\
\x02A\x004\x97T=\x06D\xa0\x04/@\x81\x0cv\
\x90\x04 \xdc@\x08:\x80\x01\x0ff\xc0\x81\x13\xf8K\
\xa5\xb3#h\x0c\xc34Q\x83\x18\x80\x01\x12\x98\x00\x05\
(\xa0\x81\x0cT \x03\x1b\xc0\x80\x0560\x81\x09H\
`\x01\x0c\x08i\xbeBW\x90\xae\x08`2\x165\x96\
E\xb7JRJI\xab<\x04x\x9f\x07R\xe0\x03%\
8a\x09G\xa0B\x15\xa0\xd0\x04+DA\x09V\x98\
\x02\x12\xa2\x80\xfe\x04\x1c\xf0\x80\x03!(@=g\x19\
T\xa0\xda3)\x04@\xc0\x02\x22\x80\x01\xa6f\x80\x03\
\x1d\xd0\x80\x068\xc0\x81\xc8r`\x03\x1a\xe8@\x06$\
+\x81\x0b0t\x91\x1d!+\xd6\x88\x8aR\x06d\xa0\
\x046(\x82\x14\xb0\x10\x85&<!\x0aNp\x02\x13\
\x9c\xd0\x04&\xcc\xb5\x09P\x80\x82\x13\xac\xc0\x84%0\
\x01\x062\xc0\xe8P\xb7J\xd8\x83\xa0u\x02\x17x\xec\
\x06\x9ezY\xcd27\xb2L\x8d\xec\x06.\xdb\x01\x0e\
X\x00\x03\x97\x12@WB\x1b\xd4|\x09@\x01&x\
A\x10\x92\x80\xd7'\xcc\x16\xb6\xb4mBzg+[\
&\xa8\xb7\x09N\x98k\x15\x94\x10\x84e\x12\xf7#\x86\
\xa3\x00\x06<`\xd9\xe7\xf6\xf7\xb9\xceU\xaer#\xfb\
T\xcar\xe0\x02\x13X\x80`?\x1b\xc3+\x0e5U\
\xb2K\xca\x01,@\x03$<\xc1\x0a\xe5Mo{3\
\xec\xde\xf4\xa27\xb6\x1an-\x13\x9e@\x85\x22\x18\x01\
\x04\x11\x10\xa8}\x05\x12\xac\x09$\xd7\xbf\xd0\xbd\xecs\
5\x0b]\xfe\x18?u\xc6O\xf5\x80\x05&\xb08\x15\
\x1f\x04^I\x99\x80\x0b|G\x85't\x18\xc4F\xee\
\xb0y3\xcc\xde\x0d\xa77\x0aL\x98\x02\x0dZ\xb0`\
\xc2*\xb4\xc5\x1a\x88\xf1\x8b\xb5\xbce\xff\xde\x98\x03\x9a\
M@8\x19\xac\xe2\x07\x13\x04]!8\x02|\x8b\xdc\
\xe1\xf7\xb2\xf9\xc8\x1cF2\x9b\xd9\x0c_&\xe0\x80s\
=\xf6n\x05\xba\xfc\xe2\xe6\xf6\xb7\xcf\xff\xdd\xf3\x80\xf9\
\x0b\x81b\xf5\x98#\x14\x95\xc0\x0a\x88\xe0\x84\xf2\xbeY\
\xce\x8f\x86t\xa4\xd9\xfc\x84*\xdc\x80N\xc4\x05\x96\x03\
\xa4\x9ae.w\xda\xd3\xfe\x95\xee\x05\x1e\xb0%C\xa7\
\x85\x023P\xc2\x14\xd6<[I\xb7\xda\xd5\x19\x8e\xad\
\x13\xa8\xe0\xd7\x93\x16\x96}\x11\x96\x00\x06:\xc0\xe9O\
\xf7\xba\xd7\x1dx\xc0v\xd7\xa62\x0a\xd4`\x09R\x00\
%\xab\x1d\xfdjf?\x9a\x0a@ \x01\x98l\xbd\xbc\
\x03L@\xba\xbe\xc6\xb6\xaf\xa5\xcb\x81Q\x1bZ#\x13\
\xb0Ak\xd1\xeb\xe1f\x97\xdb\xcdl\x96\xc2\x10^\xa0\
\xbei\xfe\xaf\xcd\x00K\xc5r\xb6\xe5\xdd\xe9\x19\x03\xbb\
\xdd*\x1e@\x05f\xc0\x04)p\x98\xd5\xe6\x06\xb8\x9c\
\xf9}\x04\x10\xec\x0ev\x05\xa0\xc0\xae\xe7\xbdp-\xdb\
\xf8\xb2\x1e\x08v\xe8\x84]) \xdf@\xc4\xe3\x0ex\
\xc6\xcf\x1d[(\x08\xe1\x02?]\xdb\x00\x1e\x80\x01^\
3\xdc\xe43\x8e\xac\xbd\x87\xabb\x05\xc0\x80\x09\xac\x9d\
\xb3\xc6\x01\xde^\xd9\xd2v\xb6R\x00B\xb7a\x17\x00\
\x0606\xde&\x07zt\xa3\xebX\x0eM\xbc\xac\x00\
\xe0\x80\x12\xd6\x0cg\x99\xcf<\xceS8\x19\xec\xdcv\
\x01\x19\x97<\xe8&\xdf@\x05\x94\x03r\x06\xe6+\x02\
D\xc0p\xd3\xc5\xfe\xe8\xf6R\x01\x06\x07\xa7\xc0\xb5\xaf\
\xbe\xf6\x17\xeb\xdc\xe8I\xca\x17\x02j \xd7e\x8f}\
\xecQ\xe8\xc0@\xd7\xd4\x9e\x00@\xe0\xe7l\x07<t\
yL\xd0\xa4x\xc0\x08K\xb7{\xe2\xdd\x8b\x91\xb5!\
\xe0\xef\x81\x07<\x07*\xc0\xee\xa0\x1a\xa0\x07\xe8m\xef\
\xbf\x15\xaf\xf1\xd8\xa6\x17\x81\x835\x97\x00$ `\xc8\
\x07\xfe\xfe\xa9\x0ex;\xdc\x05\x87\x82)\xc4z\xbd\x9b\
\x97y\xe7\xdb,\x04\x05O+\x01(/\xfd\xda\xb3\x8c\
\x01\x83_\x91\x01G\xe8\xb7\xecaow\xf6~\x00e\
}\xb7z\xee\xb1\xceT\x0e\xec\xa7\xc1\x02\x11\x00\x08\x1a\
=\xfc\xe1;a\x08\x94_\xf9\x9a\x10@u\xe5\x03\xfe\
\xa9\x91\xb5@P\x0b0\x03%\x9f\x9b\xfa\x01gr\x13\
\xa2\xe0\x81\xd4\xcb&\x00\x13\x80l\xf7\x01\x1f\xe3\x0d\x0c\
\xbe\xeb\x0c\x10\xc2\xf9\xf5\xbf\x83\xec\xdbm\xb8\xb4,\x80\
\xc7\x93?\xc0C\xb1@J\x0a\x12@<\xfd\xdb<&\
P\x1b\xa1(\xb3r\xe1\xba\x14\x13\x89\x04\x18@\xc8\xbb\
,\xa8\xfa!\xa9\x03\x02)\xa8;\x05l\xba'\x98\x00\
\xb2z\xc0\xcf\x12\xb6\x07\xa8\xc0\xdcK\xa0\xae\x1b\x88\x07\
\x88\x82\x04\xf4\xc0\xc4K\x01Z\xe2;\x08,\xa5{\x03\
-x\x1b\xb0\x13\x5c\xb8\x1b\x8b\xb1\x02\xbc5\xc1\x09\x81\
)x\xc1\xea\xeb\x81\xd43+\x09\xbc\x89\x02\xf09\x1d\
\x04\xba?\xd3\x80\x8f\x0b$\x17\xb0\xad!\xdc\xbc% \
\xfe\xa5\xed\xd8:\x8c\x22\x00|\x02\x80\x01P\x1f\xa2\x92\
\x1d\xa1X\x00Pc\xc2\xa0\xbb\xac\x0c\x14\xad\x00\xc0\x81\
\xb0\xa3\xc2\xc4{\x82\xf0#\x8a\xf2P\x00\x08\xa8\x80\x07\
\xa8\x80\x11\xf8\x80\x0e\x18\x81\x15\x00\x01\x0e\x18\x01\x0b\x88\
\x00\x0dx\xa8\x81P\x9e\x90\x88\x80\xe4+\xc3l\xc3\xbd\
\xda\x1b6\x000\x00 8\xaf6L<(\x10\x01Z\
\xca7\x0dP\x81\x14X\x81\x17\xb0\x01\x1bx\x81\x19\xd8\
\x01\x1a\x88\x81\x1c\x902\x1ax\x81\x13P\x81\x08\xa0\x80\
.,\x8a\x0a@\xc4D\xfc\xb4\xef\xeb/NY\x9e\x06\
 \x02\x8c\x93D\xb1\x8b\x82\x13\x18\x8aj\xfa\x00\x12\xa8\
\x01\x18\x98\x01\x1a\xb0\x01\x1c\xa0\x01\x1a\xa8\x81\x19\x18\xc6\
\x1a8F\x1b\x18\xc6\x1b\x98\x01\x19x\x01\x0f\xf0\x80\x03\
(:\x81\xda\x96%\x84\xc5\xb5k\x80+\x92\x00$\xc8\
E\xc5{\x82)\xeb?$\x9c\x80\x11h\x01c<\xc6\
c\x1cFet\xc7wt\xc7f\x94\x81\x1c\x80\x01\x16\
\x08\x01\x18\x1a3\x8d\xd0\xc6m\x0c\xba\xd8\x98!\x0c\xfe\
X\x82ptC\x1a\xb0\xc1r)\x80\x09\xf0\x00\x1a\xb8\
\x01\x1b`\xc7h\xa4\x01\x19\x90\x01x\x94\xc8h\x1c\xc6\
\x87T\xc8\x17\xa8\x81\x0b\xe8\xc6\x90\xc0=~\x04:|\
\x5c\x9e\x0c\x08H\x81\x1c\xbb'\xa8\x10$T\x0a\x06\x10\
\x22\x19HF\x8alGx\x8c\xc8w\xa4\x01\x99\x84\xc7\
d\xb4\x01\x12`?\xed\xd8\x16\x01\xf0H\xb6[\xc5\x19\
\xb2\x00% I\xb1c\xb4\xa8\xe3\x88w\x13\x81\x18\x90\
\x01gT\xc6\x96\x1cF\x19\x98I\x98|I\x89\x8c\xca\
\x8aLF\x13\x80\x80\x064\x88\x01x\xc5\x9e\xf45\x90\
\x84\x9d\x09\x10\xca6\x1b\xca\x8cs\x82 \xe8\x88\x03\xc0\
D\x1b\xa8\x81d\x8cIe\xac\xca\xb7\x94H\xb9\x8c\xc8\
\xaa\x8cJf\xcc\x01\x15\xb8\x80\x03\xd8\x16\xae\xf4\xca\xa0\
\xf3A\xf6\x81\x80\xb1,K\x8d{\x02\x1f\xd0\xbb\x05\xf0\
\x00\x18`K\x97|G\xb9\x9cH\xaa\x8c\xccw\xbc\x01\
\x16\xf8\x00FT\x8a\xae\xfcKO\xf3G\x06j\x80$\
 \xcb\xc2\x04\xb8( H\x8dH\x80\x10\x88\x81\xfe\xaa\
tH\x9a\x84\xcb\xb9\x94I\xbb\xa4\xca\x98\xf4\xc4\x0f\xa0\
\xc5\x18\xdaL\xa0s\xbb\xe5Y\x80#\x10M\x8d\x83\x02\
\x12\xd0\x88\x06 \x81\x18p\xca\xc94\xce\xe3<NS\
$\x01\x068\x16\xee\x8b7\xcd\xbcM\xa6\x12\x0e\x062\
\x00$\xe8\xc0\xde\x944&\xc8\x80\x8cp\x00\x15hL\
\xe4\x04\xcf\xf0\x84GvD\x01\xc4\xb8\x1b\xa6\xba\xc0\xe8\
\xf45\xe7\xbb5H\xbcN\xec\x943'H\x02\x09\xf8\
)\x03\x10\x81\xa7\x14\xcf\xfcD\xce\xa8d\xc7\x12\xd8\x95\
0q\x00\xe8T\xcf\x18\xcb\x80\xda$\x9c\xa4p\x01\x17\
\x84\xcf\x98c\xb3!h\x10\x82\x18\x00\x0dPM\xfd\xa4\
P\xe3|\xc8h\xc4\x80TI\x00\xe9r8\xf5\xe42\
\xcd\xc2\x00\xcc$\x9c\x0c\x88\xc4\x05}\xb5\x1e\x10\xac\xb6\
\x91\x80\x17\x98\xc9\x99\x84\xcc\x0a\xa5\xd0\x98lQ)\xbb\
\xc2\x810\x80\x1c\x14\xd0\xcd\xcc:4<>\x818\x00\
\xcd3\xd1H\x131\x1b\x18\xa9\xd9A\x00\x14\x80\xc6\x09\
\x85\xd1\x0amQx\xbc\x01\x14\x08\x13\x9e\xf4\xfeP_\
\xe3\xb6\xf63\x91\x1f(\xd1 }4\xf8\x1a\x81\xf6 \
\x00\x10\xb8\xd0&]\xd21\x9dK\x1c\x90\x98\x82\xd0\xb3\
\x1c\x9cR-\xdb\x00~\x8a\xa6\x13PP-\x95-)\
H\x82\x8d\x5c1\x0d\xc0\x01\xa6$S2\xbdPw\x84\
J\xa8\x0cL\x00X\x80\x1c\xfdK\x02-\xc4\xe5\x89\x80\
$K?\xec|3(x\x81\x02\xf1\x90\x15\xd8\xd3I\
\x8d\xcc\x0b=\x81\x89\x0a\x00\x94#T\x8f\xdc\x00\x09x\
\xbe\x153\x82\xf3\x12\xbe\xdeL?\xd9J\x82\x024\xb5\
\x18\xa0\xd4U}L\xb8\xd49\x81\x08\xc4M\xddF\xe6\
\xca\x80\x1a\xdd\xb9\x82\x08\x01P\x128F%7\x1c\x80\
\x92\x01(\x01V\x15\xd6\x98\x8cH,!\x88\x03\xf82\
\xd2[\xd3\xfe\xfa'\x03\xe4\x15 PT -\xcc\x0f\
k\x82%\x08\x1c\x82\x88\x80\x17\x15\xd61mQ\x88\x94\
\x81\x1a\x0d\x00\xe7\x5c\xd6\x1c\xe4\x00\xb4 \xac\x0f`-\
i-L\xf6\x9a-*P\x02\x1bI\x8b\x028\x01h\
\xdc\xd6U\x95Q\x1a\x00\x01\xadZ\x80d\xfe\x1d\xd7\xe8\
\xb2\x80\xde\xbb\xd5\xf2\x00\x82U{\xcf6\xfc\xb7'\x80\
\x82\x13\xd0\xa0\x81\x88\x00d\xacWJ\xfdS\x87|\x01\
\xc1\x12\x80\xa5\xea\xc85}P\xc2\x03\x00\x0fx\xb3\x82\
\xcdE\x1a\x98(\x01H\xc8\x87\xb5W\xbb\xac\x80\xb1\xba\
=YMD\x0a\xe0\xd1\xcc\x91(\x03\x08\x82)\x5c\xd0\
%8K\x0c(\x17\x02\x08V\x92\xadW\x1a(\x810\
\x81\x00\x95\xd5\xc1\xcb\xda\x0f+U\x12\x09`4\x5c|\
\xaf\xcc\x13H(\xb0\x82\x16P\x1b\x03`\x01m\xd5\xd9\
\x0a\x85Jwl\x01\x82\x09\x80M[\xd6\x08\x00X\x82\
\x02\x81\xf7\x8a5\xb2S\xc0\xd7{=\xf5\xf3\x01\xf6\x14\
\x88\x05P\xd5\xa9\xddV\x18\xa8=\x05X\xae\xb8\xed\xc9\
\xe5\xd2\x80\x1d\xcbG\xc2J\x81\xd0\xdc\xb0,\xd5?\x10\
CX!\x08\xbf0\xa9\x00%e\xdbI\xedLB\x94\
\x00\x01\xdcFY\xd4\x00\x0b\x00WL\x13\x88\x04\x80\x01\
q\xe30\x8f\xdd\xbc'\x98\x02! \x81h!\x08\x10\
HF\xc2-\x5c\x18\xa5\x01\x0f\x10\xa8\xfe\x02p\xc5\xf4\
\xf4H\xcd\x9a,\x06\xd0.o\x13\x88\x07\xe8\x81\xda\x1a\
\xca\xcc\x1b\x02\xc0\x9a\x1d}\x09\x00\xef\x0c]aE\x01\
\xd0\x13\x08\x03\xd03\xa0\x0d\xba\xef\xcb2\x07@\x12\xa2\
\x0d\x1a\x0c\xb8\xbcU\x93\xc4\x97\x9b\x82!\x10\x81Z+\
\xac\x01\xa8\xda\xdd%\xd3\xb7|\x01\x07\x03\x80\x02\xb0\x00\
\xc7J]\xea\x0aTo+\x8f\x0c\x087(`\x02\xcb\
%\xbe\xd6\xaa\xdd\xa4I\x95\x02hI\xd0\xb5^\xf0|\
K\x19(\xc4\xa4\xe0^\xc6eB\xc7\x92.\x09\xd0J\
\xe4]\x93\x09`\x81\xdb\x1aB\x0d\x83\x82* \x02\x11\
\xb0?\x82 \x00\xf8\x8d_\x0a\x8d\x812K\x0a\xe0\xc5\
\xdf\x13\xb4,\x8d$5\xd7]\x80\x10h-\xf3u\xaf\
QeP\xb1}3\xd9\x8b\x82\x02\xde\x01\x0e\x90\xde\x8c\
(\x00\x06n\xe0\xfc\xa4\xdf%qD\x0a@.\x94\xc3\
=\x02\x15^\xf4\x8c\xb7\x0b`]\xd7\xfd\x08\x0ch\x02\
%\xa0\x02\x0d\xeb<iU\xdaq\xd3\xb0\x10\xae\xb9\xb9\
\xfa\x01\xcb\xf1\x08\xf7]\xe1I\x8d\xfe\x81C%\x88\x02\
`\x80\x0a\xf0\x00\x1b\xa31\xa1\xf3\xb4\x8b\xad\xba\xe7\xda\
5\x09\x00\x1d\x1d\xfe\x08\x0b\xc8\x81\x1f\xa8\x82\xb0\x0bb\
#\xd3\xbc3\x16\xdb\xd9\x82\x02%\xb0\x81\x108\xe1\x8d\
0\x80\xe2lb\x18}`\x8f\xf0\xc2\x09\xb81,\xbe\
\xe2-s.@\xeb/\xc8\x125\x11\x05\xe3|\x84\x80\
\x09\xc0\x01\x22\x90\x02'x2\xa4\x9d\xb3\x9a[\xb6\xb9\
b-(`\x01\xfe\x8d\xc0\x82\x90\xbb:&\xd3;&\
A\xdf}\x00\xf8\x93\xac\x01+\xb9,sB?C\xcf\
\xcb\xb2\x00\x09P\x80\x85-\xc7B\xfe\xac\xc9(\x81\x15\
\xd8\xab2\x8e\xc4#\x8b\xb5\xcc\xeb\xbc'\xd0\xe5\x22{\
\x82\x22h\x81\x0eh\xdd\x8f0\x00=\xd5d\x0a}\xc8\
\xd7I\x8a\x04(-\xfd\x1d:+\xe65\xcd\x92E\xd5\
\xbd\xb6\x0c\xa0\x00\x05h&W\xce\x11\x81(\x80\x0f\xb0\
\x81!\x10\x82\x1f\x96\x82E\xd6\xe54.2'\x98\x82\
Ev\x82\xb6\xb2\x81\x13\x98\xce\x82\xe4*\x17-fc\
n\x81m)3o\xaa\x80\x0a\xfe\x80,\xe9\x12\xb0\xae\
lS\xe5z\xaa\x09h\x80k\xc6f\x91\x08CB+\
\x01\x15\xa8\x01&\x10\x82\xd5\xf2\xe1*x\xb92^\x82\
*\x98\x82$\xf8\x01\x1f0\x02\x14\xf0\x00\xb5\x99A\x8e\
P\x81x\xae\xd0\x1a\x08\x81l&\xc4\x01\xa8\x9d\xee\xc5\
\x80\xc9\x0a\xe5~\x96,\xca\x92.\x0fh\xdc\x09\xa8\x00\
\x08h\x80\x96\x1dh\x90\xb0_\x00\xa0*\x11\xb8\x81\x14\
\xd8\x81\x1f\x98\x01  \x82\x1c\xf0\x01\x1e\xe0\x01\x12\xc0\
\xac\x0c\xa0\xcfr|\x9d\x0fPa\x8f\x96\xc8\x1a\x80\xc3\
%\x81&\x08\x9b\x1d\x86:d\x08\xc0\x80\xfc\xb2,\x92\
\xdb\x00\x0b\xa0:\x1d\xbb\xaa\xe0j\xe5\x9a6\x8a]9\
\x00\xfeU\x00\x0dP\x97\x0d\x80\x80\xc9\x10\x00\xad$\x0a\
\x09\xa0c\xa7\x8e\xcc?\x95\x01\xb4\x1d\x0a\x95)\x14\x04\
h\x12Xz\x00\x05\x18\x9aU\x1e)(&\xeb\xba\xe8\
\xa0\xd1\xfa\x0a\x04\x80K\xa9\xa5ke\x84J\x16\x88\xe3\
\xa2\x98\xc1\xec\x92(*+\xec\xb0\xd0*\xe1\x02\x0b\x95\
i\x01\xc7ll\xc7\x96H\xfe\x85\xc5\xec\xcb\xae\x8f\x8d\
&\xec\xa3\xc8\xd9\xcf\xae\xebc\x0c\x01\xe4\xf5_\xd2>\
4\xc3\x1e\x88\xc1Um\xa9\x84K\x1c8Y\xd1\x81m\
\xc5\xd0*\x17\xa6\x8c,\xea\xec\xdanM\x8a\xbc\x81\x15\
\xe8\xda\xcd\xde\xed\xcf0(w\x8e\xc3\x0d\x98k\xe1\xb6\
\x81\xa8\x1em\xcbf\xee\xe4f$\x008\x00\xc6\xfe\xec\
\x15\x80k\xd9FI\xeb\xde;\x82 \x81\x89l\xea\xdd\
\x8dH\x19\xb8\x1a\xf0V\xef\xcdq\x80\xf2\xaecd\x94\
\x81WU\xef\xf9&\x81\x86\x8cJ\xed6odL\x9e\
\xf9^\xef\x81p\x00\x17pL\xf7.\x5c\x1aP\x01\xbc\
\xe6o\xf0\xc6\x00\xa6\x14\xf0\x01w\x01\x0b\xf8\xa3\x03_\
\xef\x11 f\xfc.\xdc\x1a\xd8\x01\xdb\x0dC\x08Wo\
\xa8\x15\xd3b&F\x148\xa9\xd7\xd6\xf0\xe5\x91\x00\x17\
\xa8\x81\xea}o\x02\xcf\xd8\x11\xe7o\x91\xc5H\xa9\xa4\
\xf0UU\xc8\x16\xc0\x80\xbf\x10q\x16wY\x03\xf8\x00\
\x17 \xe6\xfb^\xf0J\x8d\xc7\xc5\xeeS)\xd3\x00\xe9\
\xbdq\x1c\x17-\xad\xe1\xfe\x00\x16p\xc6\x87\x8cq&\
\x8d\xc7\x88\xb4\x81\x1c`\x01\x0cH`$\x9fo\x04\xa0\
\x00&\x8fr{u\xcdaD\x01\x09\xf8\xa1#\xc7r\
\xa0!\x00\x0aP\x01z}\xf2\xfc\xec\xd6\x99\xbc\x81\x1c\
H\x01\x07(\xd22\x87\xf0|Y\x19\x14\xa8\x01\x86\x5c\
MJ\xad\xca\x85\xbc\x01\x13\x80\x99i#s:W\x95\
\xde\xe6\x1c\x02 \x01\x14`\xc8\x1fGNft\xc6\x13\
\xe0\x00\xfa\x18tBg\xa0\x16\xb3\x81\x18 fnE\
\xc6\x18p\x01n\x8b\x96I\xa7t\x06\x1a\x00\x0a@\x81\
\x16X\xc8\x19pK\xd0\x1e\xee\x97<\xefe<q\x1a\
p\x01\x13\xd8\xcbP\xa7u}9\xaa\x15(\x01\x1dX\
J\x1b\x80\xca\xf7\x8d\xf2\x86dK\x1b\x80\x01\x18X\x81\
\x15\xc0aP\xa7\xf5\x19\xe2\xbb\xb7f\x00\x0e\xf8\x00\x19\
`\x81\x1c8qi\x9f\x81NDu\x1cH\xc6\x1cX\
H\x16H\x01\x11\xe8\x80\x08\x08qdO\xf6\xa0\xea\x8a\
~\xd2\x80\x11\x00\x81\x17`\x81\x15\xa8\x81\x17x\x01c\
l\x81\x15p\x01\x18h\x08\x81\x0eHe\x05\xd8\xba\xb1\
\x1ew$\x0f\x93\xb9x\x1b-\xbf\x00\x08\xf8\x80\x0fp\
\x00\x09\xa8\x80\x08p\x97\x03\x80\x15q\xdfw\x034\xf4\
\x14\x93\xa5\x85]n\x86o\xf8\xae\x0b\xc3\x87o7\x8a\
\xafxe\xb7\xa2\xe5\x96\xb8\x8d\x07\xf9\x90\x17\xf9\x91'\
\xf9\x927\xf9\x93G\xf9\x94W\xf9\x95g\xf9\x96w\xf9\
\x97\x87\xf9\x98\x97\xf9\x99\xa7\xf9\x9a\xb7\xf9\x94\x0f\x08\x00\
!\xf9\x04\x08\x08\x00\x00\x00!\xff\x0bMGK8B\
IM0000\xff8BIM\x04%\x00\x00\x00\
\x00\x00\x10\x00\x00\x00\x00\x00\x00\x00\x00\x00\x00\x00\x00\x00\
\x00\x00\x008BIM\x04:\x00\x00\x00\x00\x00\xad\x00\
\x00\x00\x10\x00\x00\x00\x01\x00\x00\x00\x00\x00\x0bpri\
ntOutput\x00\x00\x00\x04\x00\x00\x00\x00\
PstSbool\x01\x00\x00\x00\x00Int\
eenum\x00\x00\x00\x00Inte\x00\x00\x00\
\x00Clrm\x00\x00\x00\x0fprintSi\
xteenBitbool\x00\x00\x00\x00\
\x0bprinterNameTEXT\
\x00\x00\x00\x1c\x00B\x00r\x00o\x00t\x00h\x00e\
\x00r\x00 \x00M\x00F\x00C\x00-\x00J\x006\
\x007\x001\x000\x00D\x00W\x00 \x00P\x00r\
\x00i\x00n\x00t\x00e\x00r\x00\x00\x008BI\
M\x04;\x00\x00\x00\x00\x01\xb2\x00\x00\x00\x10\x00\x00\x00\
\x01\x00\x00\x00\x00\x00\x12printOutp\
utOpti\xffons\x00\x00\x00\x12\x00\x00\
\x00\x00Cptnbool\x00\x00\x00\x00\x00C\
lbrbool\x00\x00\x00\x00\x00RgsM\
bool\x00\x00\x00\x00\x00CrnCboo\
l\x00\x00\x00\x00\x00CntCbool\x00\x00\
\x00\x00\x00Lblsbool\x00\x00\x00\x00\x00\
Ngtvbool\x00\x00\x00\x00\x00Eml\
Dbool\x00\x00\x00\x00\x00Intrbo\
ol\x00\x00\x00\x00\x00BckgObjc\x00\
\x00\x00\x01\x00\x00\x00\x00\x00\x00RGBC\x00\x00\x00\
\x03\x00\x00\x00\x00Rd  doub@o\xe0\
\x00\x00\x00\x00\x00\x00\x00\x00\x00Grn dou\
b@o\xe0\x00\x00\x00\x00\x00\x00\x00\x00\x00Bl \
 doub@o\xe0\x00\x00\x00\x00\x00\x00\x00\x00\
\x00BrdTUntF#Rlt\x00\x00\x00\
\x00\x00\x00\x00\x00\x00\x00\x00\x00Bld Unt\
F#Rlt\x00\xff\x00\x00\x00\x00\x00\x00\x00\x00\x00\
\x00\x00RsltUntF#Pxl@X\
\x1f\xa7\x80\x00\x00\x00\x00\x00\x00\x0avector\
Databool\x01\x00\x00\x00\x00PgP\
senum\x00\x00\x00\x00PgPs\x00\x00\x00\
\x00PgPC\x00\x00\x00\x00LeftUnt\
F#Rlt\x00\x00\x00\x00\x00\x00\x00\x00\x00\x00\x00\
\x00Top UntF#Rlt\x00\x00\x00\
\x00\x00\x00\x00\x00\x00\x00\x00\x00Scl Unt\
F#Prc@Y\x00\x00\x00\x00\x00\x008BI\
M\x03\xed\x00\x00\x00\x00\x00\x10\x00`~\x9e\x00\x01\x00\
\x02\x00`~\x9e\x00\x01\x00\x028BIM\x04&\x00\
\x00\x00\x00\x00\x0e\x00\x00\x00\x00\x00\x00\x00\x00\x00\x00?\
\x80\x00\x008BIM\x04\x0d\x00\x00\x00\x00\x00\x04\x00\
\x00\x00x8BIM\x04\x19\x00\x00\x00\x00\x00\x04\x00\
\x00\x00\x1e8BIM\x03\xf3\x00\x00\x00\x00\x00\x09\x00\
\x00\x00\x00\x00\x00\x00\xff\x00\x01\x008BIM'\x10\
\x00\x00\x00\x00\x00\x0a\x00\x01\x00\x00\x00\x00\x00\x00\x00\x02\
8BIM\x03\xf5\x00\x00\x00\x00\x00H\x00/ff\
\x00\x01\x00lff\x00\x06\x00\x00\x00\x00\x00\x01\x00/\
ff\x00\x01\x00\xa1\x99\x9a\x00\x06\x00\x00\x00\x00\x00\x01\
\x002\x00\x00\x00\x01\x00Z\x00\x00\x00\x06\x00\x00\x00\x00\
\x00\x01\x005\x00\x00\x00\x01\x00-\x00\x00\x00\x06\x00\x00\
\x00\x00\x00\x018BIM\x03\xf8\x00\x00\x00\x00\x00p\
\x00\x00\xff\xff\xff\xff\xff\xff\xff\xff\xff\xff\xff\xff\xff\xff\
\xff\xff\xff\xff\xff\xff\xff\xff\x03\xe8\x00\x00\x00\x00\xff\xff\
\xff\xff\xff\xff\xff\xff\xff\xff\xff\xff\xff\xff\xff\xff\xff\xff\
\xff\xff\xff\xff\x03\xe8\x00\x00\x00\x00\xff\xff\xff\xff\xff\xff\
\xff\xff\xff\xff\xff\xff\xff\xff\xff\xff\xff\xff\xff\xff\xff\xff\
\x03\xe8\x00\x00\x00\x00\xff\xff\xff\xff\xff\xff\xff\xff\xff\xff\
\xff\xff\xff\xff\xff\xff\xff\xff\xff\xff\xff\xff\x03\xe8\x00\x00\
8BIM\x04\x00\x00\x00\x00\x00\x00\x02\x00\x098B\
IM\x04\x02\x00\x00\xff\x00\x00\x00\x16\x00\x00\x00\x00\x00\
\x00\x00\x00\x00\x00\x00\x00\x00\x00\x00\x00\x00\x00\x00\x00\x00\
\x008BIM\x040\x00\x00\x00\x00\x00\x0b\x01\x01\x01\
\x01\x01\x01\x01\x01\x01\x01\x01\x008BIM\x04-\x00\
\x00\x00\x00\x00\x06\x00\x01\x00\x00\x00%8BIM\x04\
\x08\x00\x00\x00\x00\x00\x10\x00\x00\x00\x01\x00\x00\x02@\x00\
\x00\x02@\x00\x00\x00\x008BIM\x04\x1e\x00\x00\x00\
\x00\x00\x04\x00\x00\x00\x008BIM\x04\x1a\x00\x00\x00\
\x00\x03K\x00\x00\x00\x06\x00\x00\x00\x00\x00\x00\x00\x00\x00\
\x00\x01,\x00\x00\x01,\x00\x00\x00\x0b\x00N\x00a\x00\
m\x00n\x00l\x00\xf6\x00s\x00t\x00-\x001\x00\
3\x00\x00\x00\x01\x00\x00\x00\x00\x00\x00\x00\x00\x00\x00\x00\
\x00\x00\x00\x00\x00\x00\x00\x00\x01\x00\x00\x00\x00\x00\x00\x00\
\x00\x00\x00\x01,\x00\x00\x01,\x00\x00\x00\x00\x00\x00\x00\
\x00\x00\x00\x00\x00\x00\x00\x00\x00\x01\x00\x00\x00\x00\x00\x00\
\x00\x00\x00\x00\x00\x00\x00\x00\x00\x00\x00\x00\x00\x10\x00\x00\
\x00\x01\x00\x00\x00\x00\xff\x00\x00null\x00\x00\x00\
\x02\x00\x00\x00\x06boundsObjc\x00\
\x00\x00\x01\x00\x00\x00\x00\x00\x00Rct1\x00\x00\x00\
\x04\x00\x00\x00\x00Top long\x00\x00\x00\
\x00\x00\x00\x00\x00Leftlong\x00\x00\x00\
\x00\x00\x00\x00\x00Btomlong\x00\x00\x01\
,\x00\x00\x00\x00Rghtlong\x00\x00\x01\
,\x00\x00\x00\x06slicesVlLs\x00\
\x00\x00\x01Objc\x00\x00\x00\x01\x00\x00\x00\x00\x00\
\x05slice\x00\x00\x00\x12\x00\x00\x00\x07sl\
iceIDlong\x00\x00\x00\x00\x00\x00\x00\
\x07groupIDlong\x00\x00\x00\x00\
\x00\x00\x00\x06originenum\x00\x00\
\x00\x0cESliceOrigin\x00\x00\
\x00\x0dautoGenerated\x00\
\x00\x00\x00Typeenum\x00\x00\x00\x0aE\
SliceT\xffype\x00\x00\x00\x00Im\
g \x00\x00\x00\x06boundsObjc\
\x00\x00\x00\x01\x00\x00\x00\x00\x00\x00Rct1\x00\x00\
\x00\x04\x00\x00\x00\x00Top long\x00\x00\
\x00\x00\x00\x00\x00\x00Leftlong\x00\x00\
\x00\x00\x00\x00\x00\x00Btomlong\x00\x00\
\x01,\x00\x00\x00\x00Rghtlong\x00\x00\
\x01,\x00\x00\x00\x03urlTEXT\x00\x00\x00\
\x01\x00\x00\x00\x00\x00\x00nullTEXT\x00\
\x00\x00\x01\x00\x00\x00\x00\x00\x00MsgeTEX\
T\x00\x00\x00\x01\x00\x00\x00\x00\x00\x06altTa\
gTEXT\x00\x00\x00\x01\x00\x00\x00\x00\x00\x0ec\
ellTextIsHTMLboo\
l\x01\x00\x00\x00\x08cellTextTE\
XT\x00\x00\x00\x01\x00\x00\x00\x00\x00\x09horz\
Alignenum\x00\x00\x00\x0fESl\
iceHor\xffzAlign\x00\x00\x00\
\x07default\x00\x00\x00\x09vert\
Alignenum\x00\x00\x00\x0fESl\
iceVertAlign\x00\x00\x00\x07\
default\x00\x00\x00\x0bbgCol\
orTypeenum\x00\x00\x00\x11ES\
liceBGColorType\x00\
\x00\x00\x00None\x00\x00\x00\x09topOu\
tsetlong\x00\x00\x00\x00\x00\x00\x00\x0a\
leftOutsetlong\x00\x00\
\x00\x00\x00\x00\x00\x0cbottomOuts\
etlong\x00\x00\x00\x00\x00\x00\x00\x0bri\
ghtOutsetlong\x00\x00\x00\
\x00\x008BIM\x04(\x00\x00\x00\x00\x00\x0c\x00\x00\
\x00\x02?\xf0\x00\x00\x00\x00\x00\x008BIM\x04\x14\
\x00\x00\x00\x00\x00\x04\x00\x00\x00&8BIM\x04\x0c\
\x00\x00\x00\x00\x19\x82\xff\x00\x00\x00\x01\x00\x00\x00\xa0\x00\
\x00\x00\xa0\x00\x00\x01\xe0\x00\x01,\x00\x00\x00\x19f\x00\
\x18\x00\x01\xff\xd8\xff\xe2\x0cXICC_PRO\
FILE\x00\x01\x01\x00\x00\x0cHLino\x02\
\x10\x00\x00mntrRGB XYZ \x07\
\xce\x00\x02\x00\x09\x00\x06\x001\x00\x00acspM\
SFT\x00\x00\x00\x00IEC sRGB\x00\
\x00\x00\x00\x00\x00\x00\x00\x00\x00\x00\x00\x00\x00\xf6\xd6\x00\
\x01\x00\x00\x00\x00\xd3-HP  \x00\x00\x00\x00\x00\
\x00\x00\x00\x00\x00\x00\x00\x00\x00\x00\x00\x00\x00\x00\x00\x00\
\x00\x00\x00\x00\x00\x00\x00\x00\x00\x00\x00\x00\x00\x00\x00\x00\
\x00\x00\x00\x00\x00\x00\x00\x00\x00\x00\x11cprt\x00\
\x00\x01P\x00\x00\x003desc\x00\x00\x01\x84\x00\
\x00\x00lwtpt\x00\x00\x01\xf0\x00\x00\x00\x14b\
kpt\x00\x00\x02\x04\x00\x00\x00\x14rXYZ\x00\
\x00\x02\x18\x00\x00\x00\x14gXYZ\x00\x00\x02,\x00\
\x00\x00\x14bXY\xffZ\x00\x00\x02@\x00\x00\x00\x14\
dmnd\x00\x00\x02T\x00\x00\x00pdmdd\
\x00\x00\x02\xc4\x00\x00\x00\x88vued\x00\x00\x03L\
\x00\x00\x00\x86view\x00\x00\x03\xd4\x00\x00\x00$\
lumi\x00\x00\x03\xf8\x00\x00\x00\x14meas\
\x00\x00\x04\x0c\x00\x00\x00$tech\x00\x00\x040\
\x00\x00\x00\x0crTRC\x00\x00\x04<\x00\x00\x08\x0c\
gTRC\x00\x00\x04<\x00\x00\x08\x0cbTRC\
\x00\x00\x04<\x00\x00\x08\x0ctext\x00\x00\x00\x00\
Copyright (c) 19\
98 Hewlett-Packa\
rd Company\x00\x00desc\
\x00\x00\x00\x00\x00\x00\x00\x12sRGB IEC\
61966-2.1\x00\x00\x00\x00\x00\x00\x00\
\x00\x00\x00\x00\x12sRGB IEC619\
66-2.1\x00\x00\x00\x00\x00\x00\x00\x00\x00\x00\
\x00\x00\x00\x00\x00\x00\xff\x00\x00\x00\x00\x00\x00\x00\x00\x00\
\x00\x00\x00\x00\x00\x00\x00\x00\x00\x00\x00\x00\x00\x00\x00\x00\
\x00\x00\x00\x00\x00\x00\x00\x00\x00XYZ \x00\x00\x00\
\x00\x00\x00\xf3Q\x00\x01\x00\x00\x00\x01\x16\xccXYZ\
 \x00\x00\x00\x00\x00\x00\x00\x00\x00\x00\x00\x00\x00\x00\x00\
\x00XYZ \x00\x00\x00\x00\x00\x00o\xa2\x00\x008\
\xf5\x00\x00\x03\x90XYZ \x00\x00\x00\x00\x00\x00b\
\x99\x00\x00\xb7\x85\x00\x00\x18\xdaXYZ \x00\x00\x00\
\x00\x00\x00$\xa0\x00\x00\x0f\x84\x00\x00\xb6\xcfdes\
c\x00\x00\x00\x00\x00\x00\x00\x16IEC htt\
p://www.iec.ch\x00\x00\
\x00\x00\x00\x00\x00\x00\x00\x00\x00\x16IEC ht\
tp://www.iec.ch\x00\
\x00\x00\x00\x00\x00\x00\x00\x00\x00\x00\x00\x00\x00\x00\x00\x00\
\x00\x00\x00\x00\x00\x00\x00\x00\x00\x00\x00\x00\x00\x00\x00\x00\
\x00\x00\x00\x00\x00\x00\x00\x00\x00\x00\x00\x00\x00des\
c\x00\x00\x00\x00\x00\xff\x00\x00.IEC 61\
966-2.1 Default \
RGB colour space\
 - sRGB\x00\x00\x00\x00\x00\x00\x00\x00\x00\
\x00\x00.IEC 61966-2.1\
 Default RGB col\
our space - sRGB\
\x00\x00\x00\x00\x00\x00\x00\x00\x00\x00\x00\x00\x00\x00\x00\x00\
\x00\x00\x00\x00\x00\x00desc\x00\x00\x00\x00\x00\x00\
\x00,Reference View\
ing Condition in\
 IEC61966-2.1\x00\x00\x00\
\x00\x00\x00\x00\x00\x00\x00\x00,Referen\
ce Viewing Condi\
tion in IEC61966\
-2.1\x00\x00\x00\x00\x00\x00\x00\x00\x00\x00\x00\x00\
\x00\x00\x00\x00\x00\x00\xff\x00\x00\x00\x00\x00\x00\x00\x00v\
iew\x00\x00\x00\x00\x00\x13\xa4\xfe\x00\x14_.\x00\
\x10\xcf\x14\x00\x03\xed\xcc\x00\x04\x13\x0b\x00\x03\x5c\x9e\x00\
\x00\x00\x01XYZ \x00\x00\x00\x00\x00L\x09V\x00\
P\x00\x00\x00W\x1f\xe7meas\x00\x00\x00\x00\x00\
\x00\x00\x01\x00\x00\x00\x00\x00\x00\x00\x00\x00\x00\x00\x00\x00\
\x00\x00\x00\x00\x00\x02\x8f\x00\x00\x00\x02sig \x00\
\x00\x00\x00CRT curv\x00\x00\x00\x00\x00\
\x00\x04\x00\x00\x00\x00\x05\x00\x0a\x00\x0f\x00\x14\x00\x19\x00\
\x1e\x00#\x00(\x00-\x002\x007\x00;\x00@\x00\
E\x00J\x00O\x00T\x00Y\x00^\x00c\x00h\x00\
m\x00r\x00w\x00|\x00\x81\x00\x86\x00\x8b\x00\x90\x00\
\x95\x00\x9a\x00\x9f\x00\xa4\x00\xa9\x00\xae\x00\xb2\x00\xb7\x00\
\xbc\x00\xc1\x00\xc6\x00\xcb\x00\xd0\x00\xd5\x00\xdb\x00\xe0\x00\
\xe5\x00\xeb\x00\xf0\x00\xf6\x00\xfb\x01\x01\x01\x07\x01\x0d\x01\
\x13\x01\x19\x01\x1f\x01%\x01+\x012\x018\x01>\x01\
E\x01L\x01R\x01\xffY\x01`\x01g\x01n\x01u\
\x01|\x01\x83\x01\x8b\x01\x92\x01\x9a\x01\xa1\x01\xa9\x01\xb1\
\x01\xb9\x01\xc1\x01\xc9\x01\xd1\x01\xd9\x01\xe1\x01\xe9\x01\xf2\
\x01\xfa\x02\x03\x02\x0c\x02\x14\x02\x1d\x02&\x02/\x028\
\x02A\x02K\x02T\x02]\x02g\x02q\x02z\x02\x84\
\x02\x8e\x02\x98\x02\xa2\x02\xac\x02\xb6\x02\xc1\x02\xcb\x02\xd5\
\x02\xe0\x02\xeb\x02\xf5\x03\x00\x03\x0b\x03\x16\x03!\x03-\
\x038\x03C\x03O\x03Z\x03f\x03r\x03~\x03\x8a\
\x03\x96\x03\xa2\x03\xae\x03\xba\x03\xc7\x03\xd3\x03\xe0\x03\xec\
\x03\xf9\x04\x06\x04\x13\x04 \x04-\x04;\x04H\x04U\
\x04c\x04q\x04~\x04\x8c\x04\x9a\x04\xa8\x04\xb6\x04\xc4\
\x04\xd3\x04\xe1\x04\xf0\x04\xfe\x05\x0d\x05\x1c\x05+\x05:\
\x05I\x05X\x05g\x05w\x05\x86\x05\x96\x05\xa6\x05\xb5\
\x05\xc5\x05\xd5\x05\xe5\x05\xf6\x06\x06\x06\x16\x06'\x067\
\x06H\x06Y\x06j\x06{\x06\x8c\x06\x9d\x06\xaf\x06\xc0\
\x06\xd1\x06\xe3\x06\xf5\x07\x07\x07\x19\x07+\x07=\x07O\
\x07a\x07t\x07\x86\xff\x07\x99\x07\xac\x07\xbf\x07\xd2\x07\
\xe5\x07\xf8\x08\x0b\x08\x1f\x082\x08F\x08Z\x08n\x08\
\x82\x08\x96\x08\xaa\x08\xbe\x08\xd2\x08\xe7\x08\xfb\x09\x10\x09\
%\x09:\x09O\x09d\x09y\x09\x8f\x09\xa4\x09\xba\x09\
\xcf\x09\xe5\x09\xfb\x0a\x11\x0a'\x0a=\x0aT\x0aj\x0a\
\x81\x0a\x98\x0a\xae\x0a\xc5\x0a\xdc\x0a\xf3\x0b\x0b\x0b\x22\x0b\
9\x0bQ\x0bi\x0b\x80\x0b\x98\x0b\xb0\x0b\xc8\x0b\xe1\x0b\
\xf9\x0c\x12\x0c*\x0cC\x0c\x5c\x0cu\x0c\x8e\x0c\xa7\x0c\
\xc0\x0c\xd9\x0c\xf3\x0d\x0d\x0d&\x0d@\x0dZ\x0dt\x0d\
\x8e\x0d\xa9\x0d\xc3\x0d\xde\x0d\xf8\x0e\x13\x0e.\x0eI\x0e\
d\x0e\x7f\x0e\x9b\x0e\xb6\x0e\xd2\x0e\xee\x0f\x09\x0f%\x0f\
A\x0f^\x0fz\x0f\x96\x0f\xb3\x0f\xcf\x0f\xec\x10\x09\x10\
&\x10C\x10a\x10~\x10\x9b\x10\xb9\x10\xd7\x10\xf5\x11\
\x13\x111\x11O\x11m\x11\x8c\x11\xaa\x11\xc9\x11\xe8\x12\
\x07\x12&\x12E\x12d\x12\x84\x12\xa3\x12\xc3\x12\xe3\x13\
\x03\x13#\x13C\x13c\x13\x83\x13\xa4\x13\xc5\x13\xe5\x14\
\x06\x14'\x14I\x14\xffj\x14\x8b\x14\xad\x14\xce\x14\xf0\
\x15\x12\x154\x15V\x15x\x15\x9b\x15\xbd\x15\xe0\x16\x03\
\x16&\x16I\x16l\x16\x8f\x16\xb2\x16\xd6\x16\xfa\x17\x1d\
\x17A\x17e\x17\x89\x17\xae\x17\xd2\x17\xf7\x18\x1b\x18@\
\x18e\x18\x8a\x18\xaf\x18\xd5\x18\xfa\x19 \x19E\x19k\
\x19\x91\x19\xb7\x19\xdd\x1a\x04\x1a*\x1aQ\x1aw\x1a\x9e\
\x1a\xc5\x1a\xec\x1b\x14\x1b;\x1bc\x1b\x8a\x1b\xb2\x1b\xda\
\x1c\x02\x1c*\x1cR\x1c{\x1c\xa3\x1c\xcc\x1c\xf5\x1d\x1e\
\x1dG\x1dp\x1d\x99\x1d\xc3\x1d\xec\x1e\x16\x1e@\x1ej\
\x1e\x94\x1e\xbe\x1e\xe9\x1f\x13\x1f>\x1fi\x1f\x94\x1f\xbf\
\x1f\xea \x15 A l \x98 \xc4 \xf0!\x1c\
!H!u!\xa1!\xce!\xfb\x22'\x22U\x22\x82\
\x22\xaf\x22\xdd#\x0a#8#f#\x94#\xc2#\xf0\
$\x1f$M$|$\xab$\xda%\x09%8%h\
%\x97%\xc7%\xf7&'&W&\x87&\xb7&\xe8\
'\x18'I'z'\xab'\xdc(\x0d(?(q\
(\xa2(\xd4)\x06\xff)8)k)\x9d)\xd0*\
\x02*5*h*\x9b*\xcf+\x02+6+i+\
\x9d+\xd1,\x05,9,n,\xa2,\xd7-\x0c-\
A-v-\xab-\xe1.\x16.L.\x82.\xb7.\
\xee/$/Z/\x91/\xc7/\xfe050l0\
\xa40\xdb1\x121J1\x821\xba1\xf22*2\
c2\x9b2\xd43\x0d3F3\x7f3\xb83\xf14\
+4e4\x9e4\xd85\x135M5\x875\xc25\
\xfd676r6\xae6\xe97$7`7\x9c7\
\xd78\x148P8\x8c8\xc89\x059B9\x7f9\
\xbc9\xf9:6:t:\xb2:\xef;-;k;\
\xaa;\xe8<'<e<\xa4<\xe3=\x22=a=\
\xa1=\xe0> >`>\xa0>\xe0?!?a?\
\xa2?\xe2@#@d@\xa6@\xe7A)AjA\
\xacA\xeeB0BrB\xb5B\xf7C:C}C\
\xc0D\x03DGD\x8aD\xceE\x12EUE\x9aE\
\xdeF\x22FgF\xff\xabF\xf0G5G{G\xc0\
H\x05HKH\x91H\xd7I\x1dIcI\xa9I\xf0\
J7J}J\xc4K\x0cKSK\x9aK\xe2L*\
LrL\xbaM\x02MJM\x93M\xdcN%Nn\
N\xb7O\x00OIO\x93O\xddP'PqP\xbb\
Q\x06QPQ\x9bQ\xe6R1R|R\xc7S\x13\
S_S\xaaS\xf6TBT\x8fT\xdbU(Uu\
U\xc2V\x0fV\x5cV\xa9V\xf7WDW\x92W\xe0\
X/X}X\xcbY\x1aYiY\xb8Z\x07ZV\
Z\xa6Z\xf5[E[\x95[\xe5\x5c5\x5c\x86\x5c\xd6\
]']x]\xc9^\x1a^l^\xbd_\x0f_a\
_\xb3`\x05`W`\xaa`\xfcaOa\xa2a\xf5\
bIb\x9cb\xf0cCc\x97c\xebd@d\x94\
d\xe9e=e\x92e\xe7f=f\x92f\xe8g=\
g\x93g\xe9h?h\x96h\xeciCi\x9ai\xf1\
jHj\x9fj\xf7kOk\xa7k\xfflWl\xaf\
m\x08m`m\xb9\xffn\x12nkn\xc4o\x1eo\
xo\xd1p+p\x86p\xe0q:q\x95q\xf0r\
Kr\xa6s\x01s]s\xb8t\x14tpt\xccu\
(u\x85u\xe1v>v\x9bv\xf8wVw\xb3x\
\x11xnx\xccy*y\x89y\xe7zFz\xa5{\
\x04{c{\xc2|!|\x81|\xe1}A}\xa1~\
\x01~b~\xc2\x7f#\x7f\x84\x7f\xe5\x80G\x80\xa8\x81\
\x0a\x81k\x81\xcd\x820\x82\x92\x82\xf4\x83W\x83\xba\x84\
\x1d\x84\x80\x84\xe3\x85G\x85\xab\x86\x0e\x86r\x86\xd7\x87\
;\x87\x9f\x88\x04\x88i\x88\xce\x893\x89\x99\x89\xfe\x8a\
d\x8a\xca\x8b0\x8b\x96\x8b\xfc\x8cc\x8c\xca\x8d1\x8d\
\x98\x8d\xff\x8ef\x8e\xce\x8f6\x8f\x9e\x90\x06\x90n\x90\
\xd6\x91?\x91\xa8\x92\x11\x92z\x92\xe3\x93M\x93\xb6\x94\
 \x94\x8a\x94\xf4\x95_\x95\xc9\x964\x96\x9f\x97\x0a\x97\
u\x97\xe0\x98L\x98\xb8\x99$\x99\x90\x99\xfc\x9ah\x9a\
\xd5\x9bB\x9b\xaf\x9c\x1c\x9c\x89\x9c\xf7\x9dd\x9d\xd2\x9e\
@\x9e\xae\x9f\x1d\x9f\xff\x8b\x9f\xfa\xa0i\xa0\xd8\xa1G\
\xa1\xb6\xa2&\xa2\x96\xa3\x06\xa3v\xa3\xe6\xa4V\xa4\xc7\
\xa58\xa5\xa9\xa6\x1a\xa6\x8b\xa6\xfd\xa7n\xa7\xe0\xa8R\
\xa8\xc4\xa97\xa9\xa9\xaa\x1c\xaa\x8f\xab\x02\xabu\xab\xe9\
\xac\x5c\xac\xd0\xadD\xad\xb8\xae-\xae\xa1\xaf\x16\xaf\x8b\
\xb0\x00\xb0u\xb0\xea\xb1`\xb1\xd6\xb2K\xb2\xc2\xb38\
\xb3\xae\xb4%\xb4\x9c\xb5\x13\xb5\x8a\xb6\x01\xb6y\xb6\xf0\
\xb7h\xb7\xe0\xb8Y\xb8\xd1\xb9J\xb9\xc2\xba;\xba\xb5\
\xbb.\xbb\xa7\xbc!\xbc\x9b\xbd\x15\xbd\x8f\xbe\x0a\xbe\x84\
\xbe\xff\xbfz\xbf\xf5\xc0p\xc0\xec\xc1g\xc1\xe3\xc2_\
\xc2\xdb\xc3X\xc3\xd4\xc4Q\xc4\xce\xc5K\xc5\xc8\xc6F\
\xc6\xc3\xc7A\xc7\xbf\xc8=\xc8\xbc\xc9:\xc9\xb9\xca8\
\xca\xb7\xcb6\xcb\xb6\xcc5\xcc\xb5\xcd5\xcd\xb5\xce6\
\xce\xb6\xcf7\xcf\xb8\xd09\xd0\xba\xd1<\xd1\xbe\xd2?\
\xd2\xc1\xd3D\xd3\xc6\xd4I\xd4\xcb\xd5N\xd5\xd1\xd6U\
\xd6\xd8\xd7\x5c\xd7\xe0\xd8d\xd8\xe8\xd9l\xd9\xf1\xdav\
\xda\xfb\xdb\x80\xdc\x05\xff\xdc\x8a\xdd\x10\xdd\x96\xde\x1c\xde\
\xa2\xdf)\xdf\xaf\xe06\xe0\xbd\xe1D\xe1\xcc\xe2S\xe2\
\xdb\xe3c\xe3\xeb\xe4s\xe4\xfc\xe5\x84\xe6\x0d\xe6\x96\xe7\
\x1f\xe7\xa9\xe82\xe8\xbc\xe9F\xe9\xd0\xea[\xea\xe5\xeb\
p\xeb\xfb\xec\x86\xed\x11\xed\x9c\xee(\xee\xb4\xef@\xef\
\xcc\xf0X\xf0\xe5\xf1r\xf1\xff\xf2\x8c\xf3\x19\xf3\xa7\xf4\
4\xf4\xc2\xf5P\xf5\xde\xf6m\xf6\xfb\xf7\x8a\xf8\x19\xf8\
\xa8\xf98\xf9\xc7\xfaW\xfa\xe7\xfbw\xfc\x07\xfc\x98\xfd\
)\xfd\xba\xfeK\xfe\xdc\xffm\xff\xff\xff\xed\x00\x0cA\
dobe_CM\x00\x01\xff\xee\x00\x0eAdo\
be\x00d\x80\x00\x00\x00\x01\xff\xdb\x00\x84\x00\x0c\x08\
\x08\x08\x09\x08\x0c\x09\x09\x0c\x11\x0b\x0a\x0b\x11\x15\x0f\x0c\
\x0c\x0f\x15\x18\x13\x13\x15\x13\x13\x18\x11\x0c\x0c\x0c\x0c\x0c\
\x0c\x11\x0c\x0c\x0c\x0c\x0c\x0c\x0c\x0c\x0c\x0c\x0c\x0c\x0c\x0c\
\x0c\x0c\x0c\x0c\x0c\x0c\x0c\x0c\x0c\x0c\x0c\x0c\x0c\x0c\x01\x0d\
\x0b\x0b\x0d\x0e\x0d\x10\x0e\x0e\x10\x14\x0e\x0e\x0e\x14\x14\x0e\
\x0e\x0e\x0e\x14\x11\x0c\xff\x0c\x0c\x0c\x0c\x11\x11\x0c\x0c\x0c\
\x0c\x0c\x0c\x11\x0c\x0c\x0c\x0c\x0c\x0c\x0c\x0c\x0c\x0c\x0c\x0c\
\x0c\x0c\x0c\x0c\x0c\x0c\x0c\x0c\x0c\x0c\x0c\x0c\x0c\x0c\x0c\x0c\
\xff\xc0\x00\x11\x08\x00\xa0\x00\xa0\x03\x01\x22\x00\x02\x11\x01\
\x03\x11\x01\xff\xdd\x00\x04\x00\x0a\xff\xc4\x01?\x00\x00\x01\
\x05\x01\x01\x01\x01\x01\x01\x00\x00\x00\x00\x00\x00\x00\x03\x00\
\x01\x02\x04\x05\x06\x07\x08\x09\x0a\x0b\x01\x00\x01\x05\x01\x01\
\x01\x01\x01\x01\x00\x00\x00\x00\x00\x00\x00\x01\x00\x02\x03\x04\
\x05\x06\x07\x08\x09\x0a\x0b\x10\x00\x01\x04\x01\x03\x02\x04\x02\
\x05\x07\x06\x08\x05\x03\x0c3\x01\x00\x02\x11\x03\x04!\x12\
1\x05AQa\x13\x22q\x812\x06\x14\x91\xa1\xb1B\
#$\x15R\xc1b34r\x82\xd1C\x07%\x92S\
\xf0\xe1\xf1cs5\x16\xa2\xb2\x83&D\x93TdE\
\xc2\xa3t6\x17\xd2U\xe2e\xf2\xb3\x84\xc3\xd3u\xe3\
\xf3F'\x94\xa4\x85\xb4\x95\xc4\xd4\xe4\xf4\xa5\xb5\xc5\xd5\
\xe5\xf5Vfv\x86\x96\xa6\xb6\xc6\xd6\xe6\xf67GW\
gw\x87\x97\xa7\xb7\xff\xc7\xd7\xe7\xf7\x11\x00\x02\x02\x01\
\x02\x04\x04\x03\x04\x05\x06\x07\x07\x06\x055\x01\x00\x02\x11\
\x03!1\x12\x04AQaq\x22\x13\x052\x81\x91\x14\
\xa1\xb1B#\xc1R\xd1\xf03$b\xe1r\x82\x92C\
S\x15cs4\xf1%\x06\x16\xa2\xb2\x83\x07&5\xc2\
\xd2D\x93T\xa3\x17dEU6te\xe2\xf2\xb3\x84\
\xc3\xd3u\xe3\xf3F\x94\xa4\x85\xb4\x95\xc4\xd4\xe4\xf4\xa5\
\xb5\xc5\xd5\xe5\xf5Vfv\x86\x96\xa6\xb6\xc6\xd6\xe6\xf6\
'7GWgw\x87\x97\xa7\xb7\xc7\xff\xda\x00\x0c\x03\
\x01\x00\x02\x11\x03\x11\x00?\x00\xf2\xa4\x92I%)$\
\x92IJI$\x92R\x92I$\x94\xa4ll,\xdc\
\xb2F.=\xb7\x91\xa1\x151\xcf\xff\x00\xa8\x0e]\xd7\
\xd5/\xa8\xb8\xc3\x1e\xbe\xa5\xd6\xeb\xf5l\xb4\x0b1\xf0\
\x8c\x86\xb5\x87\xdc\xcbr\xa27\xba\xcf\xa4\xcc\x7f\xa1\xe9\
\xff\x00?\xfe\x85w\x0c>\x9db\xaa\xe2\xba\xdb\xa3k\
\xac\x060\x0f\xe4\xd7^\xd65%>\x1d\x93\x81\x9d\x89\
\xfd+\x1a\xdcy0\xff=V9\x9a\xf8{\xc3P\x17\
\xbc\x179\xcc,q\xde\xc7h\xe6;\xdc\xd2?\x94\xc7\
K\x1c\xb8\xdf\xad_Q1rh\xb3?\xa2\xd4(\xca\
\xac\x17\xd9\x86\xc1\xec\xb4\x0fs\xbe\xcc\xcf\xf0W\xff\x00\
\xc03\xf4V\xff\x00\x82\xf4\xec\xfey)\xf3\x94\x92I\
%)$\x92IJI$\x92R\x92I$\x94\xff\x00\
\xff\xd0\xf2\xa4\x92I%)$\x96\xbfB\xe8\x839\xc7\
#&F#\x0c@\xd0\xd8\xe1\xf9\x83\xf7X\xdf\xf0\x8f\
\xff\x00V%9\x94cdd;f=O\xb5\xdd\xc3\
\x1a]\xff\x00R\xac\xbb\xa2uf\xb7q\xc4\xb6<\x9a\
I\xff\x005\xbe\xe5\xda\xd6\xc6UX\xaa\x96\xb6\xaa\xc7\
\x0c`\xda\xdf\xb8)$\xa7\xcf\x1c\xd75\xc5\xae\x05\xae\
\x1a\x10t!l}O\xe9\x95u?\xacX\x98\xf7\xb7\
u\x0c&\xeb\x9b\xc8,\xa9\xa6\xed\x8e\x9f\xcc\xb5\xcc\xf4\
\x9d\xfdu\xd1g\xf4\xfc^\xa1^\xcc\x96\xcb\x80\xf6\x5c\
>\x9b\x7f\xb5\xf9\xed\xff\x00\x83z\xa9\xf5\x1f\x1d\xfd3\
\xeby\xc3\xbf\xe9\xdb\xffE\xac\xa9\xc3\x87{}f\xbd\
\xbf\xd6eI)\xf4\x878\xb9\xc5\xce2\x5cd\x9f2\
\x99$\x92R\x92\x04\x82\x080F\xa0\xa4\x92J|\xa3\
\xeb\xdfM\xaf\xa7\xfdc\xbf\xd2\x1bj\xcbkr\x98\xde\
\xc0\xd9>\xb3[\xfc\x9f\xb46\xed\xab\x01\x8c{\xde\xd6\
1\xa5\xcfq\x01\xad\x02I'\x86\xb4.\xdf\xeb\xc6\x06\
OX\xfa\xdd\x81\xd2\xb0\x1b\xeaeY\x8f]a\xbd\x81\
s\xae\xbfs\xe2v\xd7]\x0f\xf5l\x7f\xfa5\xe8\xdf\
U\xfe\xa8\xf4\xaf\xabX\xe0b\xb0[\x9a\xe6\xed\xbf9\
\xc3\xf4\x8f?\x9e\xda\xbf\xee=\x1b\xbf\xc1W\xff\x00^\
\xf5\x12S\xe4X\xdf\xe2\xfb\xeb\x9eU~\xa5]&\xf6\
\xb7\xc2\xdd\xb4\xbb\xfc\xcc\x87\xd4\xf5G\xaa}W\xfa\xc3\
\xd1\xda_\xd4\xba}\xf8\xf56\x01\xb8\xb0\x9a\xa4\xfd\x16\
\xfd\xa2\xbd\xd4\xee\xff\x00\xae/\xa1\xb9K\x96\x96\x9dZ\
\xe1\x0ei\xd4\x10{9\xbf\x9c\x92\x9f\x99\x92^\x9b\xfe\
0\xbf\xc5\xee5X\xb6\xf5\xce\x87O\xa3\xe8\xcd\x99\xb8\
u\x8f`\xaf\xf3\xb2\xffq\x98?\x9a\xf4\xbf\xc3S\xfc\
\xdf\xa7\xfaJ\xfd?My\x92JRI$\x92\x9f\xff\
\xd1\xf2\xa4\x92I%)w\xf8\xb8\xed\xc5\xc5\xa7\x19\xba\
\x0a\x98\x1ac\xbb\xbe\x95\x8e\xfe\xd5\x85\xcb\x80\x06\x08>\
\x0b\xd0\xc3\xdb`m\x8d2\xdb\x00{H\xf0p\xdc?\
*J]$\x92IJY\x9dn\xdb\xb0\x8e\x1fW\xc6\
1\x93\x83{KOb\xd3\xef\xda\xff\x00\xe4og\xfe\
\x0a\xb4\xd6O\xd6{C:V\xc3\xcd\xb6\xb4\x0f\xec\x87\
=\xc9)\xf4\x0e\x9b\xd4\xb0\xfa\xb6\x0d}C\x09\xd3E\
\xba\x16L\xba\xb7\x8f\xa7\x8fo\xfc%\x7f\xf8%\x7f\xa6\
\xfc\xf5ex\xc7F\xeb\xddO\xa2d\x1b\xf0-\xd9\xbe\
\x05\xb58n\xae\xc0\x0c\x86\xdbY\xff\x00\xab\xfer\xbf\
\xf0k\xb4\xc4\xff\x00\x19\xfd=\xec\xfd{\x06\xda\xac\x1d\
\xf1\xdc\xdb\x1a\x7f\xb1w\xa4\xf6\x7f\xdb\xb6\xa4\xa7\xb3A\
\xcd\xcd\xc5\xe9\xf8v\xe7f?\xd3\xc6\xa0K\xce\x92\xe3\
\xf9\x94\xd5?J\xeb~\x8dl\xff\x00\xbe.O+\xfc\
gt\xc63\xf5<\xff\x1b\xae\xb3\xb7\xae\xe6\xd6\xd1\xf1\
\xf4\xbdw;\xfc\xe6.7\xae}b\xea\x9dr\xe6\xd9\
\x9d`\xf4\xeb\x9fG\x1e\xb1\xb6\xa6O;+\xd7\xdd\xff\
\x00\x09f\xfb\x7f\xe1\x12S\xe8\x7f\xe2\xc4;\xab\xf5n\
\xb5\xf5\x9f)\xb1u\xaem\x14\x0eC\x1a\xff\x00\xd2>\
\xb6\xe9\xfe\x0a\x9aq\xe8g\xfc\x1a\xf45\xe7\x9f\xe2k\
)\x8e\xe9}O\x0e}\xf5_]\xc4\x7f&\xc6:\xa9\
\x1f\xda\xa5z\x1aJRI$\x92\x95\x0c:=\xa1\xec\
:=\xa4\x02\x0bN\x8fk\x9a\x7fy\xab\xe7o\xac]\
5\xbd+\xae\xe7\xf4\xe6\x7f7\x8b}\x95\xd7:\x9d\x81\
\xc7\xd2\x9f\xfa\xde\xd5\xf4L\x12`rt\x0b\xc0\xbe\xbc\
e\xb3/\xebwV\xbe\xb2\x0b>\xd2\xf6\x02\xde\x0f\xa7\
\xfa\x1d\xdf\xda\xf4\xd2S\x86\x92I$\xa7\xff\xd2\xf2\xa4\
\x92I%)u?V\xba\xa3o\xa1\xb8\x16\xba/\xab\
J'\xf3\xd9\xce\xcf\xf8\xca\xff\x00\xf3\xdf\xfcZ\xc4\xc6\
\xe8\xd9\xd9\x0d\x0f\xda*a\xd4:\xc3\x12<\x9b\xee\x7f\
\xfd\x15g\xfeod\xff\xb7\xdc\xcb\xd9\xbcj>\x90\xd7\
\xfa\xdbRS\xd6\xa4\xb9\xd1\xd6z\xc7N\x01\xb9\xd57\
&\xbe\x1bi:\x9f\xfa\xf3>\x97\xfdu\x9e\xa2w}\
ol{p\xf5\xf3\xb2D\xfc\xabjJz\x02@\x05\
\xc4\x86\xb5\xa2\x5c\xe2`\x009s\x9c~\x8bW\x1f\xd7\
\xba\xa3s\xf2\x83i'\xec\xd4\x02\xda\xc9\xd3q?N\
\xd8\xfe_\xfdB\x1fP\xeby\xf9\xed\xf4\xecp\xae\x9e\
}\x1a\xc47O\xde\xfaO\x7f\xf6\xdc\xa8$\xa5$\x92\
I)I$\x92Jw~\xa5\xfdew\xd5\xbe\xb7^\
k\xc3\x9f\x89h4\xe6V\xd8\x93S\xa3\xdc\xcd\xdf\xe1\
){Yu\x7f\xd4\xf4\xff\x00\xc2/x\xc7\xc8\xc7\xca\
\xc7\xaf+\x1a\xc6\xdd\x8fsC\xea\xb5\x9a\xb5\xcd?\x9c\
\xd5\xf3R\xdc\xfa\xb9\xf5\xcb\xae}\x5cs\x9b\x81h~\
3\xdd\xba\xccK\x86\xfa\x9c\xe8\xdb\xbfl\xb5\xf5?\xf9\
t>\xbf\xe5\xa4\xa7\xdfR^q\x8f\xfe9\xf1\x1c\xd1\
\xf6\xae\x93c\x1d\xdf\xd2\xbc8\x1f8\xb2\xa6\xb9\xbf\xe7\
\xab8\x9f^\xfe\xb5\xff}f\xdd\x8f\xf5W\xa2\xb6\xa2\
\xd3\xb6\xcc\xdc\x87\xfa\x8c`?\x9d\xeen>;-n\
\xefS\xd3\xfdg\xfe%%;\xbf]~\xb6\xd1\xf5k\
\xa5\xb9\xccp=O%\xa5\xb84\xe8H'\xdar\xac\
\x06\x7fEO\xe6\x7f\xa6\xbb\xf4\x7f\xe9\x17\x83\x92I\x93\
\xa9<\x95\xea6\xff\x00\x89\xff\x00\xac}N\xfb3z\
\xcfX\xa9\xf9\xb6\xba^\xf0\xd7\xdd#\xf3}\xf6}\x9b\
n\xdf\xa2\xca\xfd=\x8cX}g\xfcR\xfdk\xe9\xb5\
:\xfcv\xd5\xd4\xaal\x92\xdcbM\xa1\xa3\xf3\xbe\xcf\
kks\xff\x00\xe2\xf1\xdd}\x89)\xe2\x92N\xe6\xb9\
\x8e,x-sI\x0ei\x10A\x1c\x82\x13$\xa7\xff\
\xd3\xf2\xa5\xb5\xd1:s\x0b\x06e\xed\xdcI\xfd\x0b\x0e\
\xa3Nm#\xfa\xdfAb\xae\xc5\x95\x8a\xabeM\xfa\
5\xb44|\x84$\xa6D\x92d\xeaJI$\x92\x96\
!\xaeik\x80s\x5c!\xcd\x22A\x1eas][\
\x00a\xde=9\xf4m\xd6\xb2{G\xd2\xaf\xfb\x0b\xa6\
T:\xe5a\xfd9\xff\xce<\xd4\xf6\xb8|\xfd\x8e\xfc\
\xa9)\xe6\xd2I$\x94\xa4\x92I%)$\x92IJ\
I$\x92S\xbd\xf5+\xea\xb5\xbfZ:\xddx;\x9d\
^-c\xd5\xcc\xb9\xb1-\xaci\xb5\x9b\xfd\xbe\xad\xaf\
>\x95\x7fO\xfd/\xa7g\xa4\xbe\x84\xe9\xfd?\x0b\xa6\
\xe1\xd5\x83\x83Kq\xf1hn\xda\xaag\x00s\xfdg\
=\xce\xf7\xd9c\xfd\xf6?\xde\xf5\xc0\x7f\x89,:\x99\
\xd0\xfa\x86p\x1f\xa5\xbf(R\xe3\xdbm5\xb2\xca\xff\
\x00\xe9eZ\xbd\x1d%)$\x92IO\x9f\x7f\x8d/\
\xa9\x18\xfdG\xa7\xdb\xd7\xb0*\x0c\xeaX\x8d\xdf\x90\x19\
\x03\xd6\xa5\xbfM\xd6\x0d7_\x8e\xcf{,\xfeq\xf4\
\xfe\x87\xf4\xbf\xab\xfa~,\xbe\xa9 8\x16\xb8H:\
\x10x\x85\xf3\x17Z\xc3f\x07X\xcf\xc1\xaevbd\
\xddC'\x98\xad\xee\xad\xb3\xfejJ\x7f\xff\xd4\xf2\xa5\
\xd8Qh\xbe\x8a\xeeo\x164;\xe7\x1e\xe1\xfer\xe3\
\xd6\xafF\xeal\xc7\x9cl\x83\x14\xb8\xcb\x1f\xce\xd7\x1f\
\x1f\xf87\xa4\xa7y\xff$\xb9\x00\x8dZ\xe1-#P\
G\x8bJI)K;\xafZ\x19\x82+\xfc\xeb\x9e\x00\
\x1eM\xf78\xff\x00\xd4+\xd7]V=f\xdb\xdc\x19\
X\xee{\x9f\xdd`\xfc\xf7.c\xa8g;7 \xd8\
F\xd64m\xad\x9e\x0d\xff\x00\xc9;\xf3\x92SY$\
\x92IJI$\x92R\x92I$\x94\xa4\x92I%>\
\xbb\xfe$z\x9dN\xe9\xfdG\xa4\x98\x16\xd5p\xcah\
\x9d\x5c\xdb\x1a\xda\x1f\xb5\xbf\xf0N\xc7\xafw\xfcr\xf4\
\xd5\xf3G\xd5\xbe\xbf\x97\xf5{\xacQ\xd51=\xce\xa8\
\xc5\xb5\x12Z\xdb+v\x96R\xf8\xfd\xef\xcd\xfd\xcb}\
;\x7f1}\x07\xf5\x7f\xeb'H\xfa\xc5\x842\xfae\
\xc2\xc0\x00\xf5\xa9:YS\x9d\xfe\x0e\xfa\xff\x007\x87\
{\xbf\x9b\xb3\xfc\x13\xecIN\xa2I$\x92\x91\xdf}\
8\xd4Y\x91{\xc5t\xd2\xd7Yc\xdd\xa0kZ7\
\xbd\xee\xfe\xabB\xf9\x8b\xa9\xe6\x1c\xfe\xa5\x97\x9c\xe6\xed\
9wYyo0ls\xac\xdb\xff\x00Iz?\xf8\
\xce\xff\x00\x18x\xb9\xff\x98\xcf\xe8\x1d\x12\xe1uV\x7f\
M\xcb\xac\xcb\x08\x06~\xcdE\x83\xf9\xc6\xbbo\xe9\xad\
g\xe8\xf6~\x8b\xfd*\xf2\xf4\x94\xff\x00\xff\xd5\xf2\xa4\
\x92I%'\xc7\xce\xcb\xc6\x11E\xaecO-\xe5\xbf\
\xe6:Z\xad3\xacu[\x9c+\xad\xe0\xbd\xdcmc\
g\xfe\xa5g-\x8e\x9f\x8e)\xa0<\x8f\xd2Z$\x9f\
\x06\xfek\x7f\xef\xc9)\x8f\xd8\x1ds\xbdL\xcb\x9fu\
\x87\xc0\xe8<\xb7:T\x8fM\xc3\x226\xb8y\x87\x7f\
|\xabI$\xa7/'\xa5\xbd\x80\xbe\x93\xea4r\xd3\
\xf4\x87\xfeIQ]\x12\xca\xea\x98\xe2\xbb\x05\xcc\x10\xdb\
'p\xf0p\xe7\xfc\xe4\x94\xd2I$\x92R\x92I$\
\x94\xa56TN\xa7@\x9a\xb6\xeet\x9e\x022Jc\
\xe9\xb3\xc1\x1b\x13'+\x06\xf6\xe4\xe0\xdff.C>\
\x8d\xb58\xb1\xc2y\x1b\x98C\xbd\xc8i$\xa7\xa6\xaf\
\xfci}x\xa1\xbb\x1d\x9c\xdbGg>\x9a\x89\x8f\xeb\
6\xb6\xff\x00\xd2Y}c\xeb\x9f\xd6\x8e\xb5Q\xa7\xa8\
\xf5\x0b-\xa0\xfd*\xffY\xb6\xaa\xc8\xff\x00\x84\xab\x1d\
\xb52\xde?\xc2,\xd77p\x85]%)$\x92I\
O\xff\xd6\xf2\xa4\x92I%)tQ\x1a\x0e\x00\x00.\
unb\x5c.\xc7c\xfb\x81\xb5\xdf\x11\xff\x00\x92I\
I\x92I$\x94\xa5S\xaa\x00q5\xec\xf1\x1fs\x95\
\xb5C\xa9<=\xf5\xe34\xeb;\xdf\xe5\xa7\xb7\xfe\x8a\
JhUC\xac\xd7\x86\xf8\xff\x00r\xb0\xdcjGb\
\xef\x89\xfe\xe4P\x00\x00\x0d\x00\xd0\x04\x92R3\x8fI\
\xfc\xd8\xf3\x07\xfb\xd5{\xb1\xdd_\xb8{\x9b\xe3\xe1\xf1\
W\x12\xe7C\xa8<\x84\x94\xd3\xa7\xe8\x9f\x8a\x9am\xbe\
\x9d\xaegc\xabS\xa4\xa5$\x92I)H\x0f\xfag\
\xe2\x8f \x09<\x05\x5c\x99$\xf8\xa4\xa5$\x92I)\
\xff\xd7\xf2\xa4\x92I%)\x1b\x17*\xccg\xeen\xad\
:9\xa7\x82\x10RIN\xddY\x98\xd7\x0fk\xc3O\
\xee\xbfC\xff\x00\x91E/`\x12^\xd0<K\x84.\
}$\x94\xebdu*k\x04S\xfaK<\x7f4\x7f\
\xe4\xd5\x0cw9\xf7\xff\xb9\xef;\x9cA$\x9f\x12\x80\
\xa7K\xf6X\xd7\x1e8?\x02\x92\x9b\xc9$\x92JR\
I$\x92\x9a\xd9z=\xa4s\x1f\xc5A\xb6\x83\xa3\xb4\
>)\xb2\x1e\x1fi\x8d@\xd0|\x90\xd2Sa\x22@\
\xe4\xc2\xae\x92Jf\xfb7h4\x0a\x09$\x92\x94\x92\
I$\xa7\xff\xd0\xf2\xa4\x92I%)$\x92IJI\
$\x92R\x92I$\x94\x9e\x9c\x9d\xa3e\x9c\x0e\x0f\x82\
\xb2\xd75\xdfD\x83\xf0Y\xe9$\xa7@\x96\xb7W\x10\
>*\xbd\xd9 \x82\xda\xfb\xe8]\xfd\xca\xbaI)I\
$\x92JRI$\x92\x94\x92I$\xa5$\x92I)\
\xff\xd98BIM\x04!\x00\x00\x00\x00\x00U\x00\x00\
\x00\x01\x01\x00\x00\x00\x0f\x00A\x00d\x00o\x00b\x00\
e\x00 \x00P\x00h\x00o\x00t\x00o\x00s\x00\
h\x00o\x00p\x00\x00\x00\x13\x00A\x00d\x00o\x00\
b\x00e\x00 \x00P\x00h\x00o\x00t\x00o\x00\
s\x00h\x00o\x00p\x00 \x00C\x00S\x005\x00\
\x00\x00\x01\x008B\x12IM\x04\x06\x00\x00\x00\x00\x00\
\x07\x00\x08\x00\x00\x00\x01\x01\x00\x00!\xff\x0bICC\
RGBG1012\xff\x00\x00\x0cHLin\
o\x02\x10\x00\x00mntrRGB XYZ\
 \x07\xce\x00\x02\x00\x09\x00\x06\x001\x00\x00acs\
pMSFT\x00\x00\x00\x00IEC sRG\
B\x00\x00\x00\x00\x00\x00\x00\x00\x00\x00\x00\x01\x00\x00\xf6\
\xd6\x00\x01\x00\x00\x00\x00\xd3-HP  \x00\x00\x00\
\x00\x00\x00\x00\x00\x00\x00\x00\x00\x00\x00\x00\x00\x00\x00\x00\
\x00\x00\x00\x00\x00\x00\x00\x00\x00\x00\x00\x00\x00\x00\x00\x00\
\x00\x00\x00\x00\x00\x00\x00\x00\x00\x00\x00\x00\x11cpr\
t\x00\x00\x01P\x00\x00\x003desc\x00\x00\x01\
\x84\x00\x00\x00lwtpt\x00\x00\x01\xf0\x00\x00\x00\
\x14bkpt\x00\x00\x02\x04\x00\x00\x00\x14rXY\
Z\x00\x00\x02\x18\x00\x00\x00\x14gXYZ\x00\x00\x02\
,\x00\x00\x00\x14bXYZ\x00\x00\x02@\x00\x00\x00\
\x14dmnd\x00\x00\x02T\x00\x00\x00pdmd\
d\x00\x00\x02\xc4\x00\x00\x00\x88vued\x00\x00\x03\
L\x00\x00\x00\x86vie\xffw\x00\x00\x03\xd4\x00\x00\
\x00$lumi\x00\x00\x03\xf8\x00\x00\x00\x14me\
as\x00\x00\x04\x0c\x00\x00\x00$tech\x00\x00\
\x040\x00\x00\x00\x0crTRC\x00\x00\x04<\x00\x00\
\x08\x0cgTRC\x00\x00\x04<\x00\x00\x08\x0cbT\
RC\x00\x00\x04<\x00\x00\x08\x0ctext\x00\x00\
\x00\x00Copyright (c) \
1998 Hewlett-Pac\
kard Company\x00\x00de\
sc\x00\x00\x00\x00\x00\x00\x00\x12sRGB I\
EC61966-2.1\x00\x00\x00\x00\x00\
\x00\x00\x00\x00\x00\x00\x12sRGB IEC6\
1966-2.1\x00\x00\x00\x00\x00\x00\x00\x00\
\x00\x00\x00\x00\x00\x00\x00\x00\x00\x00\x00\x00\x00\x00\x00\x00\
\x00\x00\x00\x00\x00\x00\x00\x00\x00\x00\x00\x00\x00\x00\x00\x00\
\x00\x00\x00\x00\x00\x00\x00\x00\x00\x00XYZ \x00\x00\
\x00\x00\x00\x00\xf3Q\x00\x01\xff\x00\x00\x00\x01\x16\xccX\
YZ \x00\x00\x00\x00\x00\x00\x00\x00\x00\x00\x00\x00\x00\
\x00\x00\x00XYZ \x00\x00\x00\x00\x00\x00o\xa2\x00\
\x008\xf5\x00\x00\x03\x90XYZ \x00\x00\x00\x00\x00\
\x00b\x99\x00\x00\xb7\x85\x00\x00\x18\xdaXYZ \x00\
\x00\x00\x00\x00\x00$\xa0\x00\x00\x0f\x84\x00\x00\xb6\xcfd\
esc\x00\x00\x00\x00\x00\x00\x00\x16IEC h\
ttp://www.iec.ch\
\x00\x00\x00\x00\x00\x00\x00\x00\x00\x00\x00\x16IEC \
http://www.iec.c\
h\x00\x00\x00\x00\x00\x00\x00\x00\x00\x00\x00\x00\x00\x00\x00\
\x00\x00\x00\x00\x00\x00\x00\x00\x00\x00\x00\x00\x00\x00\x00\x00\
\x00\x00\x00\x00\x00\x00\x00\x00\x00\x00\x00\x00\x00\x00\x00d\
esc\x00\x00\x00\x00\x00\x00\x00.IEC 6\
1966-2.1 Default\
 RGB colour spac\
e - sRGB\xff\x00\x00\x00\x00\x00\x00\x00\
\x00\x00\x00\x00.IEC 61966-2\
.1 Default RGB c\
olour space - sR\
GB\x00\x00\x00\x00\x00\x00\x00\x00\x00\x00\x00\x00\x00\x00\
\x00\x00\x00\x00\x00\x00\x00\x00desc\x00\x00\x00\x00\
\x00\x00\x00,Reference Vi\
ewing Condition \
in IEC61966-2.1\x00\
\x00\x00\x00\x00\x00\x00\x00\x00\x00\x00,Refer\
ence Viewing Con\
dition in IEC619\
66-2.1\x00\x00\x00\x00\x00\x00\x00\x00\x00\x00\
\x00\x00\x00\x00\x00\x00\x00\x00\x00\x00\x00\x00\x00\x00\x00\x00\
view\x00\x00\x00\x00\x00\x13\xa4\xfe\x00\x14_.\
\x00\x10\xcf\x14\x00\x03\xed\xcc\x00\x04\x13\x0b\x00\x03\x5c\x9e\
\x00\x00\x00\x01XYZ \xff\x00\x00\x00\x00\x00L\x09\
V\x00P\x00\x00\x00W\x1f\xe7meas\x00\x00\x00\
\x00\x00\x00\x00\x01\x00\x00\x00\x00\x00\x00\x00\x00\x00\x00\x00\
\x00\x00\x00\x00\x00\x00\x00\x02\x8f\x00\x00\x00\x02sig\
 \x00\x00\x00\x00CRT curv\x00\x00\x00\
\x00\x00\x00\x04\x00\x00\x00\x00\x05\x00\x0a\x00\x0f\x00\x14\x00\
\x19\x00\x1e\x00#\x00(\x00-\x002\x007\x00;\x00\
@\x00E\x00J\x00O\x00T\x00Y\x00^\x00c\x00\
h\x00m\x00r\x00w\x00|\x00\x81\x00\x86\x00\x8b\x00\
\x90\x00\x95\x00\x9a\x00\x9f\x00\xa4\x00\xa9\x00\xae\x00\xb2\x00\
\xb7\x00\xbc\x00\xc1\x00\xc6\x00\xcb\x00\xd0\x00\xd5\x00\xdb\x00\
\xe0\x00\xe5\x00\xeb\x00\xf0\x00\xf6\x00\xfb\x01\x01\x01\x07\x01\
\x0d\x01\x13\x01\x19\x01\x1f\x01%\x01+\x012\x018\x01\
>\x01E\x01L\x01R\x01Y\x01`\x01g\x01n\x01\
u\x01|\x01\x83\x01\x8b\x01\x92\x01\x9a\x01\xa1\x01\xa9\x01\
\xb1\x01\xb9\x01\xc1\x01\xc9\x01\xd1\x01\xd9\x01\xe1\x01\xe9\x01\
\xf2\x01\xfa\x02\x03\x02\x0c\x02\xff\x14\x02\x1d\x02&\x02/\
\x028\x02A\x02K\x02T\x02]\x02g\x02q\x02z\
\x02\x84\x02\x8e\x02\x98\x02\xa2\x02\xac\x02\xb6\x02\xc1\x02\xcb\
\x02\xd5\x02\xe0\x02\xeb\x02\xf5\x03\x00\x03\x0b\x03\x16\x03!\
\x03-\x038\x03C\x03O\x03Z\x03f\x03r\x03~\
\x03\x8a\x03\x96\x03\xa2\x03\xae\x03\xba\x03\xc7\x03\xd3\x03\xe0\
\x03\xec\x03\xf9\x04\x06\x04\x13\x04 \x04-\x04;\x04H\
\x04U\x04c\x04q\x04~\x04\x8c\x04\x9a\x04\xa8\x04\xb6\
\x04\xc4\x04\xd3\x04\xe1\x04\xf0\x04\xfe\x05\x0d\x05\x1c\x05+\
\x05:\x05I\x05X\x05g\x05w\x05\x86\x05\x96\x05\xa6\
\x05\xb5\x05\xc5\x05\xd5\x05\xe5\x05\xf6\x06\x06\x06\x16\x06'\
\x067\x06H\x06Y\x06j\x06{\x06\x8c\x06\x9d\x06\xaf\
\x06\xc0\x06\xd1\x06\xe3\x06\xf5\x07\x07\x07\x19\x07+\x07=\
\x07O\x07a\x07t\x07\x86\x07\x99\x07\xac\x07\xbf\x07\xd2\
\x07\xe5\x07\xf8\x08\x0b\x08\x1f\x082\x08F\x08Z\x08n\
\x08\x82\x08\x96\x08\xaa\x08\xbe\x08\xd2\x08\xe7\x08\xfb\x09\x10\
\x09%\x09:\x09O\x09d\xff\x09y\x09\x8f\x09\xa4\x09\
\xba\x09\xcf\x09\xe5\x09\xfb\x0a\x11\x0a'\x0a=\x0aT\x0a\
j\x0a\x81\x0a\x98\x0a\xae\x0a\xc5\x0a\xdc\x0a\xf3\x0b\x0b\x0b\
\x22\x0b9\x0bQ\x0bi\x0b\x80\x0b\x98\x0b\xb0\x0b\xc8\x0b\
\xe1\x0b\xf9\x0c\x12\x0c*\x0cC\x0c\x5c\x0cu\x0c\x8e\x0c\
\xa7\x0c\xc0\x0c\xd9\x0c\xf3\x0d\x0d\x0d&\x0d@\x0dZ\x0d\
t\x0d\x8e\x0d\xa9\x0d\xc3\x0d\xde\x0d\xf8\x0e\x13\x0e.\x0e\
I\x0ed\x0e\x7f\x0e\x9b\x0e\xb6\x0e\xd2\x0e\xee\x0f\x09\x0f\
%\x0fA\x0f^\x0fz\x0f\x96\x0f\xb3\x0f\xcf\x0f\xec\x10\
\x09\x10&\x10C\x10a\x10~\x10\x9b\x10\xb9\x10\xd7\x10\
\xf5\x11\x13\x111\x11O\x11m\x11\x8c\x11\xaa\x11\xc9\x11\
\xe8\x12\x07\x12&\x12E\x12d\x12\x84\x12\xa3\x12\xc3\x12\
\xe3\x13\x03\x13#\x13C\x13c\x13\x83\x13\xa4\x13\xc5\x13\
\xe5\x14\x06\x14'\x14I\x14j\x14\x8b\x14\xad\x14\xce\x14\
\xf0\x15\x12\x154\x15V\x15x\x15\x9b\x15\xbd\x15\xe0\x16\
\x03\x16&\x16I\x16l\x16\x8f\x16\xb2\x16\xd6\x16\xfa\x17\
\x1d\x17A\x17e\x17\x89\x17\xff\xae\x17\xd2\x17\xf7\x18\x1b\
\x18@\x18e\x18\x8a\x18\xaf\x18\xd5\x18\xfa\x19 \x19E\
\x19k\x19\x91\x19\xb7\x19\xdd\x1a\x04\x1a*\x1aQ\x1aw\
\x1a\x9e\x1a\xc5\x1a\xec\x1b\x14\x1b;\x1bc\x1b\x8a\x1b\xb2\
\x1b\xda\x1c\x02\x1c*\x1cR\x1c{\x1c\xa3\x1c\xcc\x1c\xf5\
\x1d\x1e\x1dG\x1dp\x1d\x99\x1d\xc3\x1d\xec\x1e\x16\x1e@\
\x1ej\x1e\x94\x1e\xbe\x1e\xe9\x1f\x13\x1f>\x1fi\x1f\x94\
\x1f\xbf\x1f\xea \x15 A l \x98 \xc4 \xf0\
!\x1c!H!u!\xa1!\xce!\xfb\x22'\x22U\
\x22\x82\x22\xaf\x22\xdd#\x0a#8#f#\x94#\xc2\
#\xf0$\x1f$M$|$\xab$\xda%\x09%8\
%h%\x97%\xc7%\xf7&'&W&\x87&\xb7\
&\xe8'\x18'I'z'\xab'\xdc(\x0d(?\
(q(\xa2(\xd4)\x06)8)k)\x9d)\xd0\
*\x02*5*h*\x9b*\xcf+\x02+6+i\
+\x9d+\xd1,\x05,9,n,\xa2,\xd7-\x0c\
-A-v-\xab-\xe1\xff.\x16.L.\x82.\
\xb7.\xee/$/Z/\x91/\xc7/\xfe050\
l0\xa40\xdb1\x121J1\x821\xba1\xf22\
*2c2\x9b2\xd43\x0d3F3\x7f3\xb83\
\xf14+4e4\x9e4\xd85\x135M5\x875\
\xc25\xfd676r6\xae6\xe97$7`7\
\x9c7\xd78\x148P8\x8c8\xc89\x059B9\
\x7f9\xbc9\xf9:6:t:\xb2:\xef;-;\
k;\xaa;\xe8<'<e<\xa4<\xe3=\x22=\
a=\xa1=\xe0> >`>\xa0>\xe0?!?\
a?\xa2?\xe2@#@d@\xa6@\xe7A)A\
jA\xacA\xeeB0BrB\xb5B\xf7C:C\
}C\xc0D\x03DGD\x8aD\xceE\x12EUE\
\x9aE\xdeF\x22FgF\xabF\xf0G5G{G\
\xc0H\x05HKH\x91H\xd7I\x1dIcI\xa9I\
\xf0J7J}J\xc4K\x0cKSK\x9aK\xe2L\
*LrL\xbaM\x02M\xffJM\x93M\xdcN%\
NnN\xb7O\x00OIO\x93O\xddP'Pq\
P\xbbQ\x06QPQ\x9bQ\xe6R1R|R\xc7\
S\x13S_S\xaaS\xf6TBT\x8fT\xdbU(\
UuU\xc2V\x0fV\x5cV\xa9V\xf7WDW\x92\
W\xe0X/X}X\xcbY\x1aYiY\xb8Z\x07\
ZVZ\xa6Z\xf5[E[\x95[\xe5\x5c5\x5c\x86\
\x5c\xd6]']x]\xc9^\x1a^l^\xbd_\x0f\
_a_\xb3`\x05`W`\xaa`\xfcaOa\xa2\
a\xf5bIb\x9cb\xf0cCc\x97c\xebd@\
d\x94d\xe9e=e\x92e\xe7f=f\x92f\xe8\
g=g\x93g\xe9h?h\x96h\xeciCi\x9a\
i\xf1jHj\x9fj\xf7kOk\xa7k\xfflW\
l\xafm\x08m`m\xb9n\x12nkn\xc4o\x1e\
oxo\xd1p+p\x86p\xe0q:q\x95q\xf0\
rKr\xa6s\x01s]s\xb8t\x14tpt\xcc\
u(u\x85u\xe1v>\xffv\x9bv\xf8wVw\
\xb3x\x11xnx\xccy*y\x89y\xe7zFz\
\xa5{\x04{c{\xc2|!|\x81|\xe1}A}\
\xa1~\x01~b~\xc2\x7f#\x7f\x84\x7f\xe5\x80G\x80\
\xa8\x81\x0a\x81k\x81\xcd\x820\x82\x92\x82\xf4\x83W\x83\
\xba\x84\x1d\x84\x80\x84\xe3\x85G\x85\xab\x86\x0e\x86r\x86\
\xd7\x87;\x87\x9f\x88\x04\x88i\x88\xce\x893\x89\x99\x89\
\xfe\x8ad\x8a\xca\x8b0\x8b\x96\x8b\xfc\x8cc\x8c\xca\x8d\
1\x8d\x98\x8d\xff\x8ef\x8e\xce\x8f6\x8f\x9e\x90\x06\x90\
n\x90\xd6\x91?\x91\xa8\x92\x11\x92z\x92\xe3\x93M\x93\
\xb6\x94 \x94\x8a\x94\xf4\x95_\x95\xc9\x964\x96\x9f\x97\
\x0a\x97u\x97\xe0\x98L\x98\xb8\x99$\x99\x90\x99\xfc\x9a\
h\x9a\xd5\x9bB\x9b\xaf\x9c\x1c\x9c\x89\x9c\xf7\x9dd\x9d\
\xd2\x9e@\x9e\xae\x9f\x1d\x9f\x8b\x9f\xfa\xa0i\xa0\xd8\xa1\
G\xa1\xb6\xa2&\xa2\x96\xa3\x06\xa3v\xa3\xe6\xa4V\xa4\
\xc7\xa58\xa5\xa9\xa6\x1a\xa6\x8b\xa6\xfd\xa7n\xa7\xe0\xa8\
R\xa8\xc4\xa97\xa9\xa9\xaa\xff\x1c\xaa\x8f\xab\x02\xabu\
\xab\xe9\xac\x5c\xac\xd0\xadD\xad\xb8\xae-\xae\xa1\xaf\x16\
\xaf\x8b\xb0\x00\xb0u\xb0\xea\xb1`\xb1\xd6\xb2K\xb2\xc2\
\xb38\xb3\xae\xb4%\xb4\x9c\xb5\x13\xb5\x8a\xb6\x01\xb6y\
\xb6\xf0\xb7h\xb7\xe0\xb8Y\xb8\xd1\xb9J\xb9\xc2\xba;\
\xba\xb5\xbb.\xbb\xa7\xbc!\xbc\x9b\xbd\x15\xbd\x8f\xbe\x0a\
\xbe\x84\xbe\xff\xbfz\xbf\xf5\xc0p\xc0\xec\xc1g\xc1\xe3\
\xc2_\xc2\xdb\xc3X\xc3\xd4\xc4Q\xc4\xce\xc5K\xc5\xc8\
\xc6F\xc6\xc3\xc7A\xc7\xbf\xc8=\xc8\xbc\xc9:\xc9\xb9\
\xca8\xca\xb7\xcb6\xcb\xb6\xcc5\xcc\xb5\xcd5\xcd\xb5\
\xce6\xce\xb6\xcf7\xcf\xb8\xd09\xd0\xba\xd1<\xd1\xbe\
\xd2?\xd2\xc1\xd3D\xd3\xc6\xd4I\xd4\xcb\xd5N\xd5\xd1\
\xd6U\xd6\xd8\xd7\x5c\xd7\xe0\xd8d\xd8\xe8\xd9l\xd9\xf1\
\xdav\xda\xfb\xdb\x80\xdc\x05\xdc\x8a\xdd\x10\xdd\x96\xde\x1c\
\xde\xa2\xdf)\xdf\xaf\xe06\xe0\xbd\xe1D\xe1\xcc\xe2S\
\xe2\xdb\xe3c\xe3\xeb\xe4s\xe4\xfc\xe5\x84\xe6\x0d\xe6\x96\
\xe7\x1f\xe7\xa9\xe82\xe8\xbcT\xe9F\xe9\xd0\xea[\xea\
\xe5\xebp\xeb\xfb\xec\x86\xed\x11\xed\x9c\xee(\xee\xb4\xef\
@\xef\xcc\xf0X\xf0\xe5\xf1r\xf1\xff\xf2\x8c\xf3\x19\xf3\
\xa7\xf44\xf4\xc2\xf5P\xf5\xde\xf6m\xf6\xfb\xf7\x8a\xf8\
\x19\xf8\xa8\xf98\xf9\xc7\xfaW\xfa\xe7\xfbw\xfc\x07\xfc\
\x98\xfd)\xfd\xba\xfeK\xfe\xdc\xffm\xff\xff\x00,\x00\
\x00\x00\x00,\x01,\x01\x87\x00\x00\x00\x01\x01\x01\x02\x02\
\x02\x03\x03\x03\x04\x04\x04\x05\x05\x05\x06\x06\x06\x07\x07\x07\
\x08\x08\x08\x09\x09\x09\x0a\x0a\x0a\x0b\x0b\x0b\x0c\x0c\x0c\x0d\
\x0d\x0d\x0e\x0e\x0e\x0f\x0f\x0f\x10\x10\x10\x11\x11\x11\x12\x12\
\x12\x13\x13\x13\x14\x14\x14\x15\x15\x15\x16\x16\x16\x17\x17\x17\
\x18\x18\x18\x19\x19\x19\x1a\x1a\x1a\x1b\x1b\x1b\x1c\x1c\x1c\x1d\
\x1d\x1d\x1e\x1e\x1e\x1f\x1f\x1f   !!!\x22\x22\
\x22###$$$%%%&&&'''\
((()))***+++,,,-\
--...///00011122\
2333444555666777\
888999:::;;;<<<=\
==>>>???@@@AAABB\
BCCCDDDEEEFFFGGG\
HHHIIIJJJKKKLLLM\
MMNNNOOOPPPQQQRR\
RSSSTTTUUUVVVWWW\
XXXYYYZZZ[[[\x5c\x5c\x5c]\
]]^^^___```aaabb\
bcccdddeeefffggg\
hhhiiijjjkkklllm\
mmnnnooopppqqqrr\
rssstttuuuvvvwww\
xxxyyyzzz{{{|||}\
}}~~~\x7f\x7f\x7f\x80\x80\x80\x81\x81\x81\x82\x82\
\x82\x83\x83\x83\x84\x84\x84\x85\x85\x85\x86\x86\x86\x87\x87\x87\
\x88\x88\x88\x89\x89\x89\x8a\x8a\x8a\x8b\x8b\x8b\x8c\x8c\x8c\x8d\
\x8d\x8d\x8e\x8e\x8e\x8f\x8f\x8f\x90\x90\x90\x91\x91\x91\x92\x92\
\x92\x93\x93\x93\x94\x94\x94\x95\x95\x95\x96\x96\x96\x97\x97\x97\
\x98\x98\x98\x99\x99\x99\x9a\x9a\x9a\x9b\x9b\x9b\x9c\x9c\x9c\x9d\
\x9d\x9d\x9e\x9e\x9e\x9f\x9f\x9f\xa0\xa0\xa0\xa1\xa1\xa1\xa2\xa2\
\xa2\xa3\xa3\xa3\xa4\xa4\xa4\xa5\xa5\xa5\xa6\xa6\xa6\xa7\xa7\xa7\
\xa8\xa8\xa8\xa9\xa9\xa9\xaa\xaa\xaa\xab\xab\xab\xac\xac\xac\xad\
\xad\xad\xae\xae\xae\xaf\xaf\xaf\xb0\xb0\xb0\xb1\xb1\xb1\xb2\xb2\
\xb2\xb3\xb3\xb3\xb4\xb4\xb4\xb5\xb5\xb5\xb6\xb6\xb6\xb7\xb7\xb7\
\xb8\xb8\xb8\xb9\xb9\xb9\xba\xba\xba\xbb\xbb\xbb\xbc\xbc\xbc\xbd\
\xbd\xbd\xbe\xbe\xbe\xbf\xbf\xbf\xc0\xc0\xc0\xc1\xc1\xc1\xc2\xc2\
\xc2\xc3\xc3\xc3\xc4\xc4\xc4\xc5\xc5\xc5\xc6\xc6\xc6\xc7\xc7\xc7\
\xc8\xc8\xc8\xc9\xc9\xc9\xca\xca\xca\xcb\xcb\xcb\xcc\xcc\xcc\xce\
\xce\xce\xcf\xcf\xcf\xd0\xd0\xd0\xd1\xd1\xd1\xd2\xd2\xd2\xd3\xd3\
\xd3\xd4\xd4\xd4\xd5\xd5\xd5\xd6\xd6\xd6\xd7\xd7\xd7\xd8\xd8\xd8\
\xd9\xd9\xd9\xda\xda\xda\xdb\xdb\xdb\xdc\xdc\xdc\xdd\xdd\xdd\xde\
\xde\xde\xdf\xdf\xdf\xe0\xe0\xe0\xe1\xe1\xe1\xe2\xe2\xe2\xe3\xe3\
\xe3\xe4\xe4\xe4\xe5\xe5\xe5\xe6\xe6\xe6\xe7\xe7\xe7\xe8\xe8\xe8\
\xe9\xe9\xe9\xea\xea\xea\xeb\xeb\xeb\xec\xec\xec\xed\xed\xed\xee\
\xee\xee\xef\xef\xef\xf0\xf0\xf0\xf1\xf1\xf1\xf2\xf2\xf2\xf3\xf3\
\xf3\xf4\xf4\xf4\xf5\xf5\xf5\xf6\xf6\xf6\xf7\xf7\xf7\xf8\xf8\xf8\
\xf9\xf9\xf9\xfa\xfa\xfa\xfb\xfb\xfb\xfc\xfc\xfc\xfe\xfe\xfe\xff\
\xff\xff\x00\x00\x00\x00\x00\x00\x08\xfe\x00\x01\x08\x1cH\xb0\
\xa0\xc1\x83\x08\x13*\x5c\xc8\xb0\xa1\xc3\x87\x10#J\x9c\
H\xb1\xa2\xc5\x8b\x183j\xdc\xc8\xb1\xa3\xc7\x8f C\
\x8a\x1cI\xb2\xa4\xc9\x93(S\xaa\x5c\xc9\xb2\xa5\xcb\x97\
0c\xca\x9cI\xb3\xa6\xcd\x9b8s\xea\xdc\xc9\xb3\xa7\
\xcf\x9f@\x83\x0a\x1dJ\xb4\xa8Q\xa1\x01\x18&=\xca\
\xb4\xa9\xcd\xa4K\x01D]8u`U\xa7X\xb3\xa6\
\x8c\x0a5!\xd7\x82K\xafj\x1dK\x16\xe4U\xb1\x08\
\xbb\x96]\xcbvdU\xb1a\xa5\x0aD\xdb\xb6\xae]\
\x88\x0b@\xd4@\xa2\xe5M\xa1E~\xd2X!\x22C\
\x84\x83\xb9\x88\xef*^\xdc0\x80\x891\x9dn\xcd\x9a\
%k\xb2,Z\x95)\xd3\xaa\x15k\xd2\x95\x0d\x04\xe9\
2\x1e\xcdV\x00\x0a4\xa0lM^Mkrk\xcb\
\x94Y\xd7\xc2\xd4%\x84\x00\xd2\xb8\xb5\xa2m\x90\xa5\x94\
\xea\xd5\xc0\x83\x0b\x17\x8eK\x93\x10\x02Vs+\x07\x0a\
W`\x90N\xb9fa~=\xbc:pY\x97g\xe1\
r\xb4\xe2\xa0\xe8\xe5\xe0Y\xfe\x9e\x15h\x02\xd1\xadZ\
\x96[g\xb7\xce>\xf6,\xf4z<\xc8\xfd\x1e\xbe>\
\xca\xafK%\xb0\x81\x85~\xbd\xeb\xf6\xd6\xf97\x99-\
\xabt\xb1\x80}\x08\xce\x14W\x000d\xa2\xcbe\x10\
R\x87\x19\x80\xc2\x09\xa8\x1e-\xbc(\x02\x02}\x09v\
XR\x00<\x8c\x82\x8b\x80\xffaG\xa1u\xb4L\xf8\
\xda.\x94\xa8\xe0\xe1\x8b-\x1d\x81\x8ad\xed\xb5F\xdd\
\x89\x95\xa9\x98\xd9d\xb9tR\x03\x8c@\x9e$\x05,\
\xbf\x05\xb7\xe3\x84'RH\xdd-\xa7\x0c\x11\xe4\x93\x18\
\xc1\xc5\xc5{;&i%{\x95\xd5\xf2\x0a\x14Pv\
\xa9Q\x00U\x9cw\xe5\x98\x00VF\xa0\x10\xc9q\xe8\
\xe5\x9aR\xe5 \xa2td\xc6i$l\xbbDrB\
rl\xe6\x99\x16\x00\x1b\x1c\xd2K\x95r\x92\x99\xa3\x89\
\x97\xfdB\x87\x02q\xe9\xa9hbi\xf4rc\xa0r\
\xaa\x07g-\xb8X\x91\xd8\xa2\x982\xf1\x8a-\x17\x02\
\x0a)\x85\x95\x0d\xba\xda-\xa6\xe0\x80\xe9\xa9\x00\xb8\x80\
\xc9.H>\xfa)\xa8\xfe7N7\x0b/\x89|\x80\
\xaa\x97S\x0d\x00\x070\x9e\xbez\xa5\xa7\x97\xd1\xe2K\
\x16\xb7\xeai\x83'\xd1\xf9\xaa\xack\x95\xedRk\xb1\
].E\xc6/\xb1\xb9\xbal\x9c\xad\xd5\x92\x0b\x97x\
B\xfb\x22\x0a\x91\xf0r\xad\xb2\xb2\xce\xe2K\x1f\x16x\
\x1bdRX\x88\x0b\xe7\xb8\x9f.\xe9\x8a\x93\xdd\xaa\x1b\
^R\x1a\x18\xe2(\xbc\xcbN\x08\x0c\x1d\x07~eo\
}K\xd0bK\xaf\xfc\x92)k.\xa4\xe0\xa0\xe6\xc0\
w-\xb5\x060)&\xec+u\xc2P\x01q\x87\x15\
\x04B\xad\xc5\xaf\x22)K0k\x0cp\xe9\xc6/\x09\
\x1c\xe5C,T\xa2\x0b\xc8\xe3\xf6B\x08h\xf5zE\
\x97\xca(+\xf4\xf0\xc9\xa1\xd5\xfc\xd0\x10\xab\xd0\x08\xb3\
\xb2\xb9p\x12\x83\x9aj\x1e\xb0\x02\x16w\xf4A\x87\x1a\
el1\xc5\x13,\x180_\xbd;'\xf8]\x00\x08\
\x88\xc0\x83\x11J8A\x05\x16_\x90\xe1E\x13=\xb8\
\xb0\xc1\x027C\x94\x05\xc5C/[\x0b-H8\x94\
hr\x0e\x001\x07\xfe&\xc5\x88S\xce\xdf\x80\x9bC\
\x8e\xe0\xe9\x5c\x93J\x1b2 0\xdfTje\xed!\
\x01\x19\xdc0E\x19fT~\x86\x19\x94S^\xf9\xe6\
g\x88\xd1\x04\x09\xc89>\x17\x1b\xc1\xd0\x12K\xdc\xca\
\x0a\xd3\x05Dw\xa3\xa0\x885\xea\x90S\x0e9\xb2\x03\
n\xfb\xec\x81\xa3\xa3\xcd+`H\xc0\xb3\x5c\xb8\x1e\xb4\
\xc1\x12d\x5cn<\xe6\x9co\xae<\xe7_\xf4 \x01\
\xe3\xc0+\x84\x01!\x7f\xa2\x8e\xadp\xff2\xc0\xba@\
\x09<QK9\xe6\xdc\x1e\xfe\xed\xe0\xdbn\xce\xf8\xe5\
\xac\x13\x0d\x1c\x13\xf4,:nba\xd0\xc4\x19\x97#\
_\xbf\x19\xf7/\xaf|\x19\x97\xf3O\x05\x0b\x09\xc0\x99\
wZ\xe0 \xeb]/8\xbc\x18D\x06\x90\x06\x00\x0c\
\xe4\x01\x1a\xea\x00\xdf\xe0\xc8W;\xf3\xd5\xae\x82\x7f#\
\x87:\xa8Q\x87\x0aDoMS\xc9\x00\x13\xe8\xc7?\
\xcc\x9dAs\xfaS^\xfe\xfag\xbc4haC>\
+H\x0c\x1c\x840\x03^If\x19xH\x00\x94\x80\
\x8cv\xa0\x8f|\xfe\xe5\xa3 \x10\xd1G\x8euT\xc3\
\x0f\x18H\xd3\x9a(\xb0\x04\xfaYNs(L\xe1\xfe\
JXB\x15\xa2a\x08\x07j\xc8\x0b4\xf12\x1b~\
\xaa\x17\x82\xc8aC\x22\x80\x88r\x9cC|\xb6\xc3 \
\x10\xd7x;w\x0c\xa3\x07W\x03\x12WL\xe0\x854\
H\xf1\x8ex\x94\xe2\x19\xd2\xc0\x05\x13\x00\x0f-\x0dz\
\x90\x17!\xd5\x0b\x05\xc6P B\x08\x86;\x02\xc7\xc6\
F:\xd2v\xe9\xe0F\x19z\xe6\xa1\xa8\x08\xe0\x06y\
\xcc\xa4&\xadX\x04\x07\xdc\x8d 0\xe0\xa2\xb5\x06\x99\
\xa4B&1zja\x80 \xc6\x91\x0e\xdc=\xf2\x95\
\x8f<\x87:\x14\xf1\x00\xb5\xfcn4UQ\x80\x10\xd0\
\x90\xbfM\xfars(<\x83\x1a\xa8p\x01\xb0X%\
\x94]$e\x9c\x0a\xa9\x81\x93A\xe5\x01\x95\x80\x87\xe0\
\xd2\x08\xcbj\x02\x91\x1c\xee\x90\x85\x8blY\x1f\xa8T\
\x00\x0al\x00\xe6/\xc7i\xb9\xca\xf1o\x98\x17\x18\x0f\
2\x95)'_\x84\xf1\x83\x03Y\x80$\xa4y\xbb\xc1\
\xa9\xd1\x9a\x8f\xfe\xac ;\x9cq\x04\x83\xbco,\x01\
\xf0\x80\x16\xa0\x86?r\x1a\xb4\xa0'4\xc3\x1a\xa6\x90\
\xce\x0f\x06@U\xc9d\xe7\x0d\x05QL\x7f&\x80\x11\
\xef8\x1f\xe0&\x88\xcf\x8e\xfe\xf0\x1d\xc1\xb8\xc1\x5c\xfe\
\x99\x15\xa8L\x00\x0ak(\xa8\xe6zy\xd0;&T\
y\xc3\xb4\xc0U( \x88^H\x94L\xc1P\xc3m\
\xf0d\x00C\xb8#|\xb2\xe3hG\x87jO\xc1\xcd\
c\x15#8\xe4h\x0eP\x046\xb0\xf0\x89-\xd5d\
\x15_\xba\x06b^*\x00j\x10\x86{nJ\xa1Z\
\x00CcU!@ \xd8q\xc6\x0c\x92\xef\x87Cu\
\xe44\x017\x0fK@\x00\x9e\xca\xd1AJ\xcbi\xce\
\xa8jr\x85\x9bc\x03\x13 \xf0\x95)\xb0j\x94\x5c\
e\x8dtn\x91\x0a\x1e\x5cE\x0ed\xbd\xe7\xec\xd0\x9a\
V|\x9a\xe3\x1d\x83\x08\x1d.\x0d\x02\x03'\xda\xf5\xb2\
\xcbc\x83H\x0b\xc2\x83R\xe0\x02\xb07\xcdLfv\
!\x89\x13|\xe5\x07\xc6hGcW\xeb\xc8t\xa0\xa3\
\x0d\xf5!\xfe\x01\x18\xecXP\xccb6\x0d_\x08A\
AJ\xf0\x08w\x05V8\xaf\x99\xd0/\xf6\xd0>\x82\
,\xe0\x12\xf5`\xadr\x87H\x0evTc\x09\xe0\x81\
\xc0\x12\xc2i\xdb\xeaV\x8e\x0dIh\x80U\x16\x80\x87\
\x8f\xfdvN\xee\x11\x06\x19\x0c2\x06r\xa0\xe3o@\
]\xeer\xc3W\x0fJ<`9.H\x03\x1a\xecg\
]\xbb\x9e\x93\x06\x05\x19\x83V\xbf\xdb\x9e]8!4\
,\xa8\x05<6\xaa\xde\x02\x93#\x1d\xdf\xd0\x18c\xa2\
\x12\x81&\xcc\xb5\xbe\xd5M\xc3\x16l%\x97\x1f\xa0\x02\
\x17\xfc\xad\x8e,H[\x82\xe4\x10B\x1e\xe5Ko\x81\
Y\x0bTzx\xa2\xa2\xa4\x91\x81\x1a\xea\xf7R\x08\x93\
\x93\xc5fh\x83\x10\x0e\x00\x95\x05\xdc\xe1\x17\xa0e\xe7\
\x91\x80\x01\x86\x82<\xa1\x1a\xeb\x90 zG\xac\x5c\xc1\
\xc5\x8eX\xa4\x99\xc0\x13\xd8\x00E\x17\x1b\xf4\xa9fH\
C\x17(,\x90$\xc4\x02=\x19~\xd7,r\xe1\x09\
\x19\x5c\x0d\x11\xf8\x08j\xf8\xd6J\xe4\xc6Np\x1e\xa6\
\x90\x8f\xfeb\x962\x835\x90\xd0\x9cQt\xf2&\xef\
W\x067lV*\x17\x10\x84/\xb2\xec\x9a\xd6\x04\xc3\
\x0dV\x1b\x08\x0cp1`{\x0e\xb9\xcc\xcaEG:\
\xc60\x1a\x0a\xa0T\x9cr>(\x0a\xd7\xc0\x84\x08\x00\
O\x0a\xe7yM\x0d\x07y\x99[\xb0\xe2\x07\x05)C\
:\xce\xa1XD7v|\xf5\xc8\x84\xef\x94\xca\x94\xa5\
\xa4\x80\x0c\xf3\x8dtu\xd1P\x06\x13t%\x04\x8cp\
\x97,\xb0\x1cZ\xe9\xc8\xc2\x17|(.\xf7&a\x0f\
W\x9a\xba\xc8\x80sGH\xe1ZR\x82\xe0\xe0\x0d\xb2\
\xaeo\x1b\x800\x80\xa8xa\xcf\xad\x89E\x8e\x0d\xb8\
k[(\x81\xb3\xc3X$c\x8f\xcdZt\xac\xe3\x0b\
\x8bY\x00\x12\xa8\x1bm\xdb\xae\xc1\x0a4K\xca\x04\x00\
\xb1g_\x7f\xf7\x17k0\x00W\xde@Or\x97\x19\
\x1f\x82 iP8\x90\x055\xb4\xbb\xbag`\x83\x0b\
\x0a2\x03\xe8Lh\xd3\x06\xe4\xc5\x22tK\x10\x0bx\
\x82\x1e\xa5\xf6\xf7j\xe5\x11\x8b\x14\x18\xb3,-\x88\xf5\
\xf2\xfeXzp\xfd\x91\xfc\x0d\xa6*H\x146\xf3]\
\x5c\xa4\x02\x8e\x05\x81\x81.\xe0!T\x8d\x17\xd9\x88\xdf\
n\xcbRx\x00\xed\x92\xdb\xb6\x0dA(@A\x08\xe0\
\x86z#I\x99\xb4\xd0\xc5\x16\xe0)\x84d\xb0\xc3\xe6\
D6\x07>\xea\xc0j\xa6D\xc0\x09)\x8d\xb3\xcf\xc7\
I9\xec\x1ef*\x1fH\x84\xbb\xb6\x0d\xb3_\xe4\xe1\
\xadx\xda\xc27\xd2Af\xa8\xafVv\xf8XD\x01\
\x04\xde\x13\x0e`\xc1\xe0[\xbf\xac\x1a\xac\x90\xc3\xaf\xe8\
\xe0M\xd7\xb9\xd6\xa0n\xe4\x1f]X\xa2;\x07i\x83\
<\xc6\xed\xf6\xc6\xd2\xe3\x13\xa7dK\x008p\x855\
h=\xef\xe3L\x83\x17(\x0e\x16\x1e\x80\x22Y%\x22\
{\x99t\x04^]D\xc2\xd6\xf5\xe2C>\x18\xd9x\
\xd6\xca\xe3\x14\xba\xa5\xfbN\x08\x8ew\xcc\xb7\x94~\x1e\
G\x08\x0c0\x11Q8\x89\x1e@\xea\xf1\x8fz\x12\xa8\
\x81\xaeL\xc5\x00\x91\xb8\xc7b[\xaf\xdc\xd7\x7f@\xf6\
;\x19\xc1\x17Dn\xfb'\xc3!\x06\xddZ\x8a\x08\x1a\
\xfe\xe1[\xc1KGR;\xea\xc5\x1e(\xb0'\x0e\x94\
\x02\xc4\x82c<\xf3a\xf9\x8e_\xd4 \x00\xd0\xcf\xc9\
\xab\xa9_}\xae_\x1f\xaeK\xb1\x80\x1f\xc4\x05\xf11\
\xd9\xa8J\x97\x81\x0bl\x90E\x1f\x07\x00!\xc0\x0a \
\xb6~\xca\xe5\x0e\xc4\xb0\x03Ug\x14)0\x06\xf4W\
\x7f\xbet\x06\xf7\xe7O\x04\xc1\x00p &$\x22'\
G\x02!\x07\xd3\x05\xc8\x815I!\x02\xac\x10\x0f\xe7\
\xa3~\x0a\xf8H\x0c\x98\x03\xf1'\x7f\x12H\x81O\xb6\
\x06-\xe0\x108\xe02\xfd\xf7+*\x82\x0b\x85 \x02\
\xf0\x94(\x01\xf0\x00\x98\x80q\xcb\xb7\x82\x1d\xa5\x0e\xdd\
0\x05\xb7\x84\x15*`\x06\x13(\x83yt\x06h@\
\x06~\xa43\x03q\x00M\x00x\xca\x12\x80\x9c\xe0\x03\
\xdc\x94\x10\xc8WlF\xd8X\xef@\x0c:`\x17\xd2\
G[P\xe8KS\xe8G\x0f\xa3\x1f\xfc\xc1\x1e\xd4\xb1\
i\xada\x0b\xaa\xa0\x05\x04\xe8\x10\x07\x10\x09\xc9\x95q\
cxh\xb7\xf3\x0e\xb6\xc0\x02k\x01\x7f\x02\xa1\x01\xfe\
\x95\xb7\x86\xbf\xd4\x86Ja\x15IA\x02m \x0a\xaa\
\xa1\x22Z\xc6\x1a\x1d\xd8\x1a\x9b\xd0\x05\xe4\x17\x11I\xa1\
\x07\xfa A*\xf8\x87\xe43\x0f\xa5@el\xf1\x00\
K\xf0`\x8a\x98Ih\xa0\x05\x1d\x905Ka\x00+\
\x90\x06\xa1\xf0\x1b\xae\x92#\xadR\x0b\x99P\x1b\xff\x14\
\x00v\xa0\x0f~(\x8a\xd7t\x0f\x8b\x10h/h\x13\
\x060\x04m\xb0\x8a\x9b\xb4P\xe9\xb2\x84\x94t5\x02\
P\x02c\xf0\x08\xa2\x00\x0b\xae\x82\x19\xac\x80\x09\x82\xc0\
\x05j\xc6l\x0f!\x07\xf60M\xa1\xf8\x87\x22\xa6\x0f\
z\x80J\x00%\x10;\xe0\x06\xcc\x98Iu6\x04\x8a\
\xc3\x11A8\x024\xa0\x04Tp\x043\xe0\x01Y\xf4\
\x82N0\x0dA&\x8c\xd5t\x0e\xf6\xa0\x06\x02\xe4\x14\
K!\x03\xcb\xf8\x8ext\x06o0\x03\xd1\xe8\x15\xf4\
\x08\x8d\x0cq\x02\xb0\x90\x80\x02\x99O\x08V\x05:7\
\x17%\x10\x06O\xc8\x90\x95\x83[>H\x91\x7f\x14\x91\
\x16\xf1O\x870\x8e\x19\xb9FDT\x86gx\xfe\x8c\
8qu\xaa(\x92\xca\xb3\x06O\xb0\x89&\x89\x81\xe0\
h\x12c\x80\x0e\xe7\xd5\x92l48\xf6\x00\x09\x0a\xf0\
\x80C1\x158\xb0\x90\xf4\xb5\x8a\xfc\xa39n\xf0\x03\
&S\x14Ia\x03\xbe0`\xf5\x94\x91Ben\xe8\
V\x17Q\x01\x02\x5c\xa0\x86\x97\xb7\x86\x97\xc3\x06,\xf0\
IA!\x01\x9c0\x0fi\xa4Q5'\x8c\xf0`\x0b\
.p\x90\xadV\x10\x09`\x04\xe1Dr\x8axBk\
\xf0\x19;\xb9\x13r0\x0f\xe33\x98\x808\x86AU\
\x0e\xf80\x08\xd9\xd7\x16/\xe0f\xfb\xa3\x97\xd5w9\
m\x90r_\xe8\x13K\xd1\x03\xe1&\x94\x1b\x95^\xea\
\xe0\x0d\x1c)\x935Q\x15\x17@\x05\xaa\x08\x99[\xc7\
be\xb0wb\xe4\x14}\x80\x82\xe5\xb8~d\x06\x0f\
\xae\xd0ax\x02\x9a1\x11\x16<@]\xa6I\x81k\
\xf0#Y1\x03\xbc\xf0\x0e\xb2\xf3\x9a\xad\x87>\xf0\x10\
\x07\xdeA\x16_a\x01S\xe0fM\xb6\x8akP\x05\
Id\x9b*\x01\x7fu\xf0\x0e\xa4\xa6\x99\x80\xfe#\x0f\
\xa8\xb0!h\xd9l\x1f\xb4\x02e\x10kc\x19\x99l\
\x00\x91<Y\x14\x16\x19\x0fE\xd8\x92\xea\xb0\x0dO\xe0\
>\x7f\xc9\x14\x04\x10\x04mPE\xd0)\x05\x15@\x9d\
\xf7Q\x10i\xa0\x0en)\x8a?D\x0f\x83\xc0\x9f=\
\x11\x00\x19@\x9a\x9c\x939\x07G9-\xc6?h \
\x06\xa6\x85\x15Sa~l\xf9\x96n'b\xb6\xf3\x0e\
\xba\x80}\xe0\xc1 \xf4\x03c\xf8S\x9e\x08G_%\
\x94\x06^\xd6\x93\xcc\x81\x18I\xe1\x03\xa9\xb5\x82m\x07\
8\xe8p\x0eb`\x1f\x050\x04\xd4U\x06\x0e\x8a\x9f\
\xb2\xd6?\x9b\xb3\x06?0\x82\xcd\xd6\x15V\x90\x0d\x11\
\x04\x9b\xe7Ss\xf3 \x09h\xa7\xa2\x1d\x19\x00\x0d\x90\
\x04\x0f\xe6\xa0\xc8#g'\xd4K\xd8\xa5]\x06\xba\x15\
\xee\xc3\x06\xe7\x10\x94\xc1Xf\xe9\xb7Q\xf30\x0a\xdf\
\xf8\xa1\x02\xd1\x00\xd3\x05U\x07w<f\xb0w\xd3\xa9\
\x9c\x06\xf1\x07?\x15\xa6\x88\x96\xa4\xe1\xf3z \x80\x92\
\xf0\x03\x00j\xcad\xe6\xd4bN\x96P\xfe\xfc#e\
\x9c\xb7\x8e\x06\xd1\x00\x96\xc0\x96\x0ahO\xf2\xc0\x0a$\
 \x9f\xf7\xe2\x00L\x90\xa3\xb5\xd5niP\x05bT\
\x99Da\x88\x09!\x02\xa7\xf0\x0eF\x08\x0f\xb3\x80x\
t\xa9\x1c\x10\xc0\x04\x0fV?q\xb6\x9b#\x17\x85k\
p\x04\xda\x85\x1b\x0c`\x08\xe7pF\x18\x0aK\xf7\xa4\
Xc\xf67\xf0\x80\x0b/\xd0%\x09\xf0\x03*UN\
$\x8aG+\xd5\x94\x05\x85\x03B\x1a1\x06\xd1\x05\xb0\
3\xa6\x80\x18\xa3\xaf\x94\xab\xe0\xc3\x0e\x9e`\x8aPB\
y\xb5gBU:N\xf7\x93?h\x00\x06*\xb0\xa5\
7q77\x10\x9c\x87\x89A\xc3i\xa7\xacg>\xe9\
3\x0d_\xb0SlR\x00:PB\xf9\xc3\xa3R5\
\xa2\xca\x83\x06N S\xcaQ\x15\x18p\x09\xeb0n\
\xd3\xe4\xaef\x85^\x83c\x0e\xebP\x0a\xb4\x19<\x04\
\xa1\x01S`G\xc9\xfabQ\x84\x06O\xd0L\xe6z\
\xae53\x00K\xe0\x0b\x01)D\x8f\xc4x\xe6\xa0\x0e\
\xd7@\x06&\xb3\xb1C*\x10\x040\xfe\x02L\x80\x9f\
\xae\xba<S\xe5\x04\x1c\xd0M5#\x00G\xa0\x0bl\
\x97\xb0\x08K`\xe5\xa0\x0e\xd8\xd0\x08\x91\xea\xa4O\xe2\
\xa9\x0dP\x03[\x10\x92\x99t\x06c\xb0\x04\xf1\x96\x9e\
\x93\xd5-\x02@\x04\xb5\x80\x0eIj\xad.iF\xe9\
\xd0\x0b\x5c\xd0\xa4J\x84*\x02\xc0\x01C\xe0\x05\xbf4\
\x057\xb0\x01\xcdz/U\xa7\x03\x8bp\x0c\xb7\x1aD\
\x22\x9b;\xdcp\x09\x1ej\x85^i\xb7T\x91\x16Q\
a\x00\x16\x80\x028\x80\x04Y\x10\x06\x5c`\x05Q\xa0\
\x04F0\x04: \x02\xf3X,\x17\xf0\x04\x88\x10\x0c\
\xe3\xf0C\x15t\x0e\xdf\x00\x0c\x96\xd0\x06E@~m\
S\x88HS\x00\x14`\x02)\x10\xba\xa2\xab\x02\x22P\
\x01#\xe8\xa9\x8d\xe8P\xeab|\x02\x81\x01:@\x04\
KP\x05Z@\x06kPU(p\x00\x8d\x01\x00\x06\
\x10\x03j@\x0a\xca0\x0d\xd2\x00\x0d\xc1;\x0d\xd0\xe0\
\x0av\xe0\x03\xda\x83\x14\x94\xc48\x0e\x00\x021\x00\x04\
L\xd0\x04L\xe0\x04MP\xbd\xd6\xfeK\xbdL\x00\x04\
0\xe0\x01\x0dp\xaa9#\x91Xc\x85IA\x01S\
\x00\x09\xc7@\x0f\xfd\xd0\x0f\xfc\x90\xbe\xeb\x9b\xbe\xea\xeb\
\xbe\xf9@\x0d\x9dP\x06\xdaJ\xb4O\xa1\x00*p\x04\
O \xbd\xd6[\xbd\xd3\xdb\xbf\x00\xec\x04O`\x04)\
\x90\x00<\xa9\xb2j[3\x5c\x01=VA\x02\x93\xd0\
\x0e\xef\xdb\xbe\xee;\xc1\x13,\xc1\xfd\x80\x0f\xb0`*\
\xde\xdb\x12\x8dC\x10\x10@\x03K@\xbd\xd4\x0b\xc0M\
0\xc2\xd8K\xc2\xd5\xeb\x04K\x10\x03\xdd\xcb\xa7W\xe5\
-\xcd\xf1qUq\x1b;0\x0b\xf9P\xc1\x11L\xc1\
:\xbc\xc3\xcb \x05\xb8k\xbf\x1c<\x17\x19\xc0\x03\xfe\
\x1b\xc0\xfc\xcb\xbf#L\xc2N0\xc2\xff\xbb\x03\x9b\x88\
\xc0\xd1\xb2\xbc,;\x05\xcd\xf0\xbe;|\xc5\x12\xdc\xbe\
Z\xec\xbe\xda\xb0\x06\x96\xc6\xb1P\xe1\x00;\x00\x05N\
\xf0\xbf\xd7\x8b\xc2hl\xc4\xd6\x1b\x057\xa0=P\x8c\
 h\xf1\x16\x02\xe1\x01\xad\x80\xc5\xeek\xc1\xec\x9b\xc7\
\xeb\x8b\xc7y\xac\x0cw\xa6 \xfeV\x01\x02I\xb0\xbf\
\xd3k\xc6\xd2\xbb\xc4%L\xc2\xd1\x9b\xc4IL\xc2\x03\
\xdc\x01\xf3\xf9\xbd\xcc\x16\x00I\xa0\x0dW|\xc9;\xcc\
\xc7[\x9c\xbe\xef\x00[+!\xc7\x88q\x001\xf0\x04\
\x8d\x9c\xc6\xa6|\xca\x89L\xbd- t@,\xc9\x05\
\xa1\x00\x86\xa0\x0f\x98<\xcb\xb4|\xc5\xa8\x00\xc91\xfc\
\x11\xcdA\x01@\x00\x05\xa8\xfc\xcb\xa7,\xc2\xd3\x0b\x05\
>P\x5co\x9c\xc0\x1f\xa7\x02\xbe\xc0\xc7\xb5\xdc\xcc\x98\
l\x0d\xfd\x04\xca\xd4\xd9\xc1#\x106\xc0|\xcdJ\x9c\
\xc2E\x0c\x05I@e\xc7\xbc\x1c\xe3\x81\x04\xdcp\xc7\
\xce\x5c\xce\xb3|\x0fh\x90\x9c\xadl7\x08\x01\x02J\
\xf0\x04\xd1\x1b\xbd\xd8\x8c\xcd\xff[\xc6\x89\xdc\x04O\x80\
\x04\xdf\xf8\xcd\x09\xb2\x03\xcf\x90\xc7\xe6\x1c\xd0\x97\xec\x0e\
K\x87\x94_\x22\x10\x1c\x80\x04\xf0l\xcf\xf3<\xcf\xf2\
|\xcf\xd5;\xc0q\xea\xca\x8b\x09\x00+ \x0cV,\
\xd0\x1a\xbd\xc3\xe3\x00]\xd1\x08\x9aQq\x01E\x00\xcf\
g\xdc\xd0\xc0l\xcfL\xf0\xfe\xd0%\xcc\x04Q\x10\x04\
\xc2F\xd1w\xb3\x01\xb2\xa0\xc7\x1b]\xd3\x13\x5c\x0d=\
0\x1e\x22A\x01?\xb0\xbf&m\xd2f\x5c\xca\xd5+\
\x05<p\x18\x14=R\x03\x01\x01\xa3\xb0\xc76\xdd\xd4\
\x13<\x0c\x84h\xd0\x16\xd1\x00; \x05?}\xd5\xa8\
,\x058p\x940M\x10\x04 \x09\x14\xcc\xd4N]\
\xd3\xb4p\xa6\x22\x01\x7f00\x05X\xbd\xd6\xa6\x1c\x05\
\xdd\xc1\xcf\xca1\x06\xf60\xd6t=\xc1\x7f\x10\xc9\x15\
\xc1\x01\x83,\xd4l\x8d\xd5e\x0c\x05F\x10y0\xed\
\x01\xb8P\xd7\x86\xdd\x0f\xda \x04\x9c\xba\x11\x09p\x03\
R\xc0\xd7}m\xd2\x8d,\x053\x10hG\xbd\x07\x87\
m\xd8\xfc\x80\x09\x92\x15\x12#@\xc6\x10\x1d\xd9?-\
\xcf\xf2\x5c\xc6j\x06\xd7\x8b\x81\x03\xcf\xc0\xcc\x99\xbd\xd1\
\xf2\x80d\xb6\xf9\x00>\x10\x05\x90-\xdak\x1d\x05:\
0\xab\xeb\xac(\x91\xd0\xda\x87-\x0b\x1c\xb0\xd8)\x89\
\x02Q\xa0\xcd\xb6\xcd\xd6\xf6L\xbdQ0\xb4\xa8m\x17\
R`\x0e\xbeM\xd7{\xfe\xfc\x06!A\x01B\xe0\xcb\
+}\xdc\xb6\x1d\x05@\xb0j\xcd\xcd\x16\x06\xf0\x09\xe4\
\x1c\xddN\xfd\x0b(\x80\xd7\x0da\x02\xc5\xad\xd2\xda\x0d\
\xd4\x01\xec\x04Q\xb0\xa7\xdfk\x03UL\xdeu\x1d\x0f\
W\xf0\x11\x05@\x03V\xdd\xde\xc7M\xbdS\x10\x03S\
i/Q\xc1\x06\xf6]\xd7\xeb\xab\x08\x1fa\xdd\xd8\xed\
\xdf\xc7\x0d\x05?\xf0\xc5\x10\x93\x14\x9a\x00\xd0\x07n\xd3\
\xfc\xc0\x0b\x1d\x06}IQ\x02\xa4\x5c\xc4\x0e\x1e\xd9K\
Lq\xdf]\x97\x05Q\x03\xcc\x90\xd1\x17\xbe\xd1\xeb\xab\
\x0eR\xf0\x82\x05 \x03j\x0d\xe2!\xde\xd7S\xd0\x02\
\xf4Z,q\x81\x06\xfb \xd6+\xce\xe2\xfd`\x08\x1d\
1\x01A\xd0\xe05.\xdaQ\xd0\x03\xefE\xe0\x02Q\
\x09?\xee\xd4\xedk\x0b\xf2\x9d\x11\x010\x02>}\xe4\
\xa2=\xbdK\x00\xc9\xb7\x220&\xe0\x0b\x00\xcd\xdaO\
\x8e\xc5\x12\xfc\x0d\xfd\xb4\x11)@\x05X\xfe\xdfT\x10\
\xa9%~\x14\x89\xe2\x03\xd40\xe6M\xbd\xbe\xf6\xe0\x05\
+#\x10.0\x05\xfe\x0c]\xdbk~\xcdT\xf0\xb0\
:>\x10E\xb0\x0d\x16N\xe7\x1a=I\x1a!\x00i\
\xfd\xe7}\xbd\xc8S\xe0\x029\xee-a@\x0fb\x8e\
\xe8\xce\xbc\x07\x1b\x81\x00\x8e\xed\xe8km\xc6S\x00\x03\
\x03~*_Q\x06\xf8\x80\xe9@\xde\x0f\x87\xb0\x11\x0d\
\xa0\x03\xc5\xed\xe9X\xbd\xc8Rp\x03y\xe8-\x84\x90\
\xc5\xa8\x1e\xd0\xfc\xb0\x09\x1bA\x01E\x0e\xeb}\x8d\xdb\
\xbaM\xea\xd1s\x08\xb9n\xd3\xa8P\x11UQ\x01\xd7\
\x0d\xec\x9f\xce\xdd/\x8d*Kq\x00\xa0p\xec\x1a\xbd\
\xbe\xbb\x90\xe7\x0c\xee\xec\xa3]\xbdP\x00\x04\xd1\x8e)\
jq\x09\xd6\xbe\xd1\xb9 {\x01 \x01\xbd\xcc\xedX\
\x1d\x059\xc06\x04N\x08\xe5^\xceL\xdd\x09\xca\x1e\
=\xad\xfe\xea\xecn\xd2Q\x80\x03\xb5\x0e-w0\xef\
\x02\xad\x09\x9bn\x03\xfd}\xc4\xfb\x1e\xcc\xd1+\x05\x92\
>0\x01`\xea\x02o\xce\x9a\xbe2\x02\x10\x03|\x9e\
\xf0'\xfd\xbf\x91\xfe\xe6\x14\x0a\x00T\x90\x0e\x11O\xcb\
\xfc\xd0\xbex\xc0\xfe\x11,0\xe3\xa1\x8d\xf1i,6\
\x82\xae.E`\xc9a\x1d\xf28\xdc\x0f\xf7\xd0\x95\xf7\
>\x10(\xa0\xe6 \xee\xe7*?\x05I\xd5\xe5x\x12\
\x03\xc9p\xe9!\xdf\xbe\xf2\x80\x05\xf1'\x02\xfd\xcb\xde\
*o\xc4N\xa0\x04\xcd\x04-\x5c\x91\x013\xad\xe22\
\xaf\xe2\xcf\x90r\x1a!\x01?\xa0\xefM\x8f\xc6\xf6\x1c\
\x05E\xbd\xbaa!\xefD/\xf0\xedK\x0aK\xbe\xe8\
0\xf0\xd8_o\xca\x00\xbe\x02\x1c\xdflRp\x0e\x87\
~\xf5L\xed\x06\xbb\xbd\x10\x22\xf0\xe1o\x8f\xc2\xc2l\
\xd6\xf6\xd2\x01\xb6\x90\xc3W\x9f\xc3\xd7\x10\x04\x1e\xa1\xee\
F\xfe\xf7\x00\x9c\xe4k\xbf1\xc6>\xde\x87\xbf\xbe\xa8\
\xb0j\x1cA\x003\xd0\xdf\x0c\xdd\xf4\xa5\xbc\xf1{\xbf\
&U`\xf7\x87?\xf3p\x00\x9aV~\xc2<\xef\xe9\
\x8dL\xbd\xb62\xf7\xba\x01\x02\xbaP\xfa:\xcc\x0dE\
\x10\xfa\x0b\xa1\xee\xfb\xbb\xfa\xfb.\xf6F\x0d\xfb%U\
\x083\x7f\xf8\xa0\xd0\x8f\x1eq\x02V\xcd\xf4_\xef\x04\
P\xe0\xe6\x92\xfe\x8c\x02\xc0p\xf7!_\x0eM@\x9d\
\x0c\xe0\xea\x86\xfc\xf7R`\x03\x06\xec\xca\x02\xc0\x06g\
o\xed\x0an\x16\x02\x01\x02\xd9\xff\xf6O\xb0\x045\x0b\
\xfc\xebH\x01u\x1c\xfe\x98\xce\x0c4`\xa0\x9a\x7f\xf0\
*\xff\xd0\x91>\xea\xae\x5c\xf7\xb4Oug-\x10\x00\
\x91\xc1\xc8\x93&\x05\x0d:1\x98P\xe1B\x86\x0d\x1d\
.\x84\x22\x84\x02\x00\x00\x01(^\xc4\x98Q\xe3F\x8e\
\x1d=~\x04\x19R\xe4H\x92\x15)\xf5C\x99\x92_\
J\x96-]\xbe\x84\x193\xa6-\x10%mV\xac\xd8\
BJ\x13&L\x0a:\xf1\xf9P\xe8P\x87>\x116\
\x89r\x82\xa2\xc5\x9bM\x9d>\x85\x1aU\xa3\xc5\x1e\xd1\
X\xae\x94\x99U\xebV\x95\xf4\xb4\xe0d*5c\xd8\
\x047\xa4 \x0cJT\xed\xda\x84>\xa5\xc80\x801\
\xacX\xbau\xedF\xed\xd2\x0e\xe5J\xac\x5c\xfdj\xed\
\xdbo\xe5\x9e\xb9K\xef\x82e\xb0#\x0a[\xc6k\x83\
J\xb9\xa1\x00\xa7\xdc\xc3\x95-_\x9eL\x91\xcd=\x97\
\x81\xff~\xfen\x89\x95\x1f\xa3\x02\x98\xc7R\x94\x00$\
J\xd0\xb4\x8d]+\x8c\xb2\xc3\xc1d\x8bL\x0b\x9b\xc6\
\x9d\x1b\xe4m\x00}B\x83\x06\xfe[\xf0&\x06\x86m\
\xe3\xb6\x10$\xca\xd1\xd7\xcd\x0dB\x012A\xf7t\xea\
My'\x0a\x9e=&\xab\x0bSyC-\xcc\x94\xc3\
\x91\xa3\xad\x9d\xb3}R\xa4\xfbT\xc3\xd5\xdd\xbb?\x8e\
q\x01'\xcf\xda\x83\xf3*q1\xfet\x0eH\x08\x9e\
w\x0d\x0a\x222\xe8\xe8\xbb\xf7\x0e\xd4m.\x086\x11\
\xacA\xfb\xfeZ\xa9\x17\x16\xd8s\xcf\x01\x1d\xa0h\x08\
(\xc644\xc8\xbc\x82\xa0\xb8\xa18\x03\x11$\xb1D\
\x8a\xd2\xd0\xcbA\xcf\x02\xab/\xa6\xfa\xfaBd\x01\x13\
\xc1\x12\x00\x85\xd6\x80\xe2\x90-&\x98\xdb\xf1\xc6%J\
\x18\x00\xac\xf6f$\xf2\xc0\x00j8F8\x95\x1eT\
)\x9c(\xf4\x0b`D\xea0\x10\xe2\x09\xe6\x00l\xeb\
\xc3\x1f&\xa2\xb0H/\xdfc\xe0\x11\xbe\xf6r\x90L\
\xbf^\xec\xc7\x95\x10\xf4csF\x04fh\xc2\xca\x0e\
\x19\xf3\xfepG'\x9c\x80\xe1\x80!\xbf\xe4s\xba\xb0\
\x98\xaa\x02\x9c\xce\x04\x13-\xbbz\xea  >)1\
\x8b23\x8a\x1c\xa0A\x89'z\x04\xf0\x89$^\x98\
\xed\xb4>7\xcd\xad\xd1\x8b\x16\xf0\xc2*\x15\xafr\xd1\
L\x95\xc6\xf1\x03\x83\xf0f\x14@\xc8OU8\xe2\xbf\
\x85\xae\x5c\xa8G'\xd23AOM\xdb\xe4\xb4\xd7\xc3\
\x0a\x13 \x88\x5c\xf8i1\xabB\xfb\x81f\x0b\xc96\
\xbd\xad6\x8a\x08\xf8\x00\x88&hU\xeb\x87\x0e\x82t\
\xf6\xcf=}\xe56*\x03-Ja\x93w\xc8,\xf6\
\xa5{b\xf9\xc1\xd1.It\xb6#\x03*0\xe1\x06\
#\xeet\xe8\x08\x1bJ\xa0\xa04\xca\xb6\xed\xb6\xdf\x91\
\x08 \xa0\x00\x03\x0c8\x00\x01\x04\x0c `\x80o/\
\x22\xc1\x8bI\x9a\xc1G\xa6}\xb2\x01E\x8d\x18\xe2\xe2\
\xd5_\x8f\x02X \x03\x11@\x00!\x04\x90C\xd0`\
\xd9\x02\x8dC \x02\x0c@H\xa1\x05\x16P0A\x84\
\x0f:\xc8\xc0\x81VCZT\xe3_\x078`\x81\x06\
~\xfe\x06\x1ah\x07\x80f@\x81\x03\x08\x08\x09\x81\x1c\
\xc8X#\x8d4\xd4x\x1a\x8d\x22\x22XW\xe7\xdd\xf6\
\xddX?\x05:`A\x86\x19\xbe\x9e\x81\x06\x1a\xc0\x1e\
;\xec\x19b0\x01\x03\x05r\xb6\xda\xb4\x00\x08@\x80\
\x81\xa0\xe7\xa6{n\x06\x10\x08\x92\xb2v\xf7\xd3\xb6\xed\
\xdc\x0c\xb0@\x05\xb3\xc1&\xbcl\xc2\x0f\x7fA\x84\xe2\
6b\xdbo\xeb\x10\xa8;r\xc9\x81^\xc0\x80\x9b]\
m\xaf]\xda\x1c/\x89\xb7f\x1d\x18\xc1\xeb\xc3G'\
\xbdl\xd1g\x90\x81\x04\x199w\xfb\x00\xb9'\xa7{\
\xe8\xd8\x1b\x90\xdb\x01\x06\x0e\xb8|\xd5\x11\x1bg\xddS\
\xbd\x01@\xa0\x04\xb1\x0f?]\x86\xd3\x09?\x9e\xf4\x11\
\x12\xd8\x95\xf5\xa8\x0a`\xc0v\xba_\x8f\x5cv\xd8i\
Gz\xe3\xb9xo{\xd1?-\x88a\xf8\xc1I'\
\x9f|\xaf\xc5\x96\x01\x04\x04\x9c\xaf\xab\x80\x05d\x97\xfe\
z\xf9c\xc7\x9bM\xee\xd9\xbf_\x81\x12j\xf0Z\x86\
\xb1\x93'\x1d\x00\xc5\x87\xbc\xaf\xd5\xa0\x05\xd2a\x1fx\
\xfe\x0c\xf0\xbe\xebQo~\x93\xd3W\xc64u\xbfn\
\xf9\xae@\x18\x08\x9f\xffF\x07\xc0\xf2\x19\xaep\x87\xa3\
\x81\x0c\x08\x94@\xeb\x18\xe0\x81'\x84\x1d\x03\x1e\xc0\xbc\
\x8a\xecG]$\x1c\x09S\x04\xf0\x01\x1bx\xb0|7\
\xc4a\xe1\xfcG\x03\x0f\xe4\x0d\x86W\x0b\x80\x02P8\
\xc4\xba\xc1/\x01\x97\xfb\xa1X\xa2\xf4\x01\xfe\xe5\xd0\x89\
N\x0ca\x08gP\x03\x13\xac\x8f\x22HL\x22F\x06\
 D\x22v\xb1\x88G<\x0d\x05\x93(\x00\x10\xd8@\
\x065xb\x1ao\xe8\xc1\x1a\xa8\x80\x01.\xcc\x22\x00\
\xb6\xe8\x80\xf8y\xd1\x8et\x04\xa3\x04\xe3\x9859\x82\
\xa0\x06\xa6\xb3\xa1\x1a\x05\x096\xaf\xdd\xa0\x8a/\x1c\xa3\
\x02l\xe7@;v\xb1vy\xdcc\x0c\x9f\x15\x02\x1b\
\xe8P\x8a\x83T\xa3\x06\xfd\xe75\x1b\x80\xc0\x87{\x0c\
@\x02\xac\xd7HR\xfe\xcc\x01\x90\x14#\x0c9p\x83\
\xe4]\x12\x93N<\xdd\xff\xc0V\x03\x0d\xa4\xb2_\x07\
h\xc0(K\xd9H:\xea\xca\x96\x09\x94\x00\x0cl\xfe\
h\xbc\xf1\xbd2\x87\xa2;\x1e\x0dbP\x01D\xb2\x8f\
\x00Ac\xe4.\x8784\x07, {\x91\x0c\x89\x01\
J\xc0\xca\x0e\x1a\xd3\x9b\x06\x84@3Y\xc7ESJ\
\x13\x85\xba\xa4\xdd\x0a\xb1\x88M\xaci\x00\x8d\xde\x84\xe7\
\x0d\xefeE\xcc\xf9Ks\x01\x80\x9c9\xf5\xf93]\
\xb1\xb3#\x10h\xc1;\xe39P\x10\xd6\x80\x99?$\
@4\xf7\xe9E\xd91 \x82\xfe\xccH\x01F P\
\x82V\xb4\x80%\xe8\xa7\xe3\xfe\x84\x00t.\x94\x88\xa3\
T\xc0:\xb3x\x1b\x0b\xd0\x80\xa2\x16\xad(\x0d\x0e\x9a\
\xc0\x84zt\x97r\x83\xe9C\xe3\xb8\x1f\x02\x88\x80\x9b\
(\xad\xa8\xff\xe6\xe9<\xa6p\xd4\xa5\xd2\x8c^\x03\x10\
\xf0K\x8d1\xe5\x01-\xf0 1q\xfaJ)\x8am\
\xa5\xac#\x80\xcf~\xaa\xcf\x05|\x12\x9b\xb5\xd9\xc0\x0d\
\xc6\xc7\xc1\xa5\xe20\x96a\xbbWF\xfd\x86\xcf\x8eN\
\x15\x85\xaf\xab\x1d\xc6 \x0a\xbc\x13T\xb2\x98]\xc5\xa4\
,i\xf0\x02\xaaq.\x00s4\xab>M\x06\xfe\xca\
\xc9T\x80\xabp\x85\xe7\x0dF\xc89\xe8)4\xafv\
,\x0dQ\x99%\x97\x0fh\x15\xb0(\xbd\x01\x08\xae\xa9\
D\xed\xf1\xb1$\x07(\xeba\xbd(\xd6$\x86e\x01\
)8\xe9c\xe3Y\x83\x14\xec5AU\x8ba\x02\x1e\
@;\xcd\xee\x12\x92\xd8\x8c\x80\x0bB+Zx\xca\x00\
\x81\xd6\x81\xd2\x0b\x1bw?\xbc\xb6v\x97\xd6\xbcjE\
&\xa0A\xdaV\xf4\x06\x1b\xa8\xcbw\x9a\x85\xda\x90@\
\xcf\xb7@\x95\xe9\x1e5\x80\x83\xe2Z\xf4\x06!H\x94\
T\x04P\x80\x04\xa8\x10\x02\x13\xb8\x00\x06.@\x01\x09\
T\xf3`\x22m\x0af\x9f\xbbK\x07\xa8u\xa4\x17i\
lu+JE\xce\x96D\x00\x09\x98@\x064\xb0_\
\xfe\xf6w\xbf\xfa\xdd\x00\x06(\x90\x00\xab\xda\x84\xac\xeb\
-\xe5\x03\xea\x9bD\x03\x90\xe0\xa6\xf2\x85'iWg\
\x13\x01(`\x02\x18\xf0o\x865\xcc\xdf\x0cP \xa4\
\x8f\xcb,\x82\x1f\xe8\x80\xa1\xb2S\x01\xa0\x85\xf0@k\
\xc0\x82\x06\x9cl#\x03\x88\xc0\x86e\xbc\xe1\xfe\x0d\xf0\
7\x02\x93\x15I\x85C,b\xf9\x9d\x12\xbd$\x0c\x80\
\x03X0\xdb\x14\x0br\xc5-\xc6\x9a\xba\x02\xd0\x00\x0c\
\xd4x\xc6O\xde\xaf\x935\xa0\xdf\x0b4\xe0\xc7\x1b\xd1\
1\x8f\xef\xf8\xda\x1f2E\xc8D.r\x1ai\xc0b\
\x17_D\x01\x17\x902\x94\x9f\x9c\x814o`\x03\x17\
\xf8pH\xb2\xac\xe5.\xfa\xf8\xaa_\xfek\x98sX\
\x03\x18D\xc0S\xdfy\x17\x07\xfe\xabf5\xebW\xbf\
S\x8e2\x05\xe2\x22\xa59\xd3y\x9a\x5c\xce\xe2\x01L\
\xf0G=3u\x06\xb7\xed\x88\x02\x0e]\xe34\x13z\
\xc3lFt\x94\x0d=\xe1\x8e4\xda\xd1'\xb436\
%\xed\xd8J\x0f\xb2\x061\xa8+\xd68\x96\x81C\x1f\
\xda\xd3O\xde\x00\x80\xfb\x9bk\x0dl\x00\xc9\xa5V\xe4\
\xa9\x1f}e\x9e\x02@\xd2nm\xb5\x91\xc9\xcc\x9e \
\xf7\xda\xbf\xb6\xbe5\x94y\xcdf\x00C\xc0@\xf7\xdd\
\xb1\xb0c\x07i S\xe4\x00%@v\xb2\xd3h\x83\
C2\xee\x01\x9d\x8ev\xb4A=e'\xfeo \xd6\
\x1a\xc1\xb6\xb6Q\xcd\xed$\x82\x80\xba\xe2Vcd\x0b\
\x5c\x91\x08\xa0;\xdd\xff\xd6p\x04\xf6m\xecl\xcb\xdb\
\x94\x0eXp\x12;\x10n|\xe7\xf0\x06\x1c\xb8\x8d\x00\
 \x00p\x8a?\x99\x03\x12\xb8\xd9\x5cLh\xf0\xf9\xb5\
\x17\xa2\x15\x08_\xc3\xa1x\x03\x0cl\xa4cN\x86v\
\xc5U\x9e\x817\xb6\xc9\xb9\x05\x977\x03p\xbc\xc7\xcf\
\x82Y\xe4d\xb3\xadF\x0c\xd0d\x95\xf7<\xc3o.\
qX\xb6\xc8\xf1\xeb9@\x01\x03\x87\xa1E\x06\x10\x02\
V\xdf\x9c|m\x5c\xdcE\x04 \x01As\xd8\xe7*\
\xe74\x05\xac\x1aD\x98k\x9b\xc4\x8a\xf5\x15S2\xc0\
p\xa7\x1f\xee\x06\x1f\xc0\xd6E\x1aP\xf5\xab\xb7\xbd\xd7\
\x1bx\x80\xe6|Jt\xc9y|\xad\x11x\x81\xcdE\
\x8eF.-%\x01\xd4F\xb9\xbf\xdd\xee\xe9C\xaf\x0d\
#\xce\xa5{\xe4\x18\x80\xf4,*\x00\x055\xccs\xb2\
uz\x82\xf51e\x00\x13\xe0t\xca\x07_\xf1\x0d\xe4\
K.\xa2\xcce\xe2\x83ftb'\xfeq\x03do\
\xf8\xf1\x8e\x9b\x91\x05l\xde\xf5\x1a\xe0@\xd4+R\x00\
\xd1\xcf\x8d\x8e\xee\x85\xe8\x02T@\xe9\xb2\x83\xcd\x06-\
x\x80\x16#\xc0\xf6\xd7\xf7\xbc\xc6\x17\xff\xe4\x00\x18h\
X-;\xb0\x9a\x8c\xdfcVc\xe0t\x0d\x86\xd0\x06\
\x22xh\x02x^\xfc\xb6\xe7z\xaf\x01Po\xeds\
y\x00\xb0\x87=#\x0a\xd8=\xeaz\xcf\xbf\xa7\x06\x00\
\x02\xc4\xe7\xbe\xcf9\x10\x81V1\xa5\xa5t\x87_U\
\xd7J\x9b\x00h\xc0\xb1\x91\x870\x0d\xba\x01\x11\xf8$\
\x03@\xb3\xf8s\xbb\x00c\xa1\xa5\x98\xbb\xc4C\xb8\xfd\
s\x94\x9a\x1b\x9b@j5\xa8\x93\x0b\x07\x80?\x04\xec\
9\x0e\x80\x00$\x8a\xaa\xda[<\x08\xcc\x1c\x0d\xa0\xc0\
J;\x9f\x19\xb0\x00(!\x00\xcc\xd3<\x0d\xa48\x0e\
\xa8\x80\x87\x0a\x00\x03\x88\x1e\x06`>\x11\xb3\x1d\xf2\x13\
\xc1\xb9 \xa3\x1a\xba9\x1b\xc0\xae\x8c8\x00\x0bp\xc1\
\xab\x030\x0c\xa0'\x06$:\xb91<\x11\xd4\x88o\
#\xbb\x12\xec*6b\x81L\xc1\xfe\x08M\x13\xbc\x22\
\xfc\xb7\x0d 5\x8aP\xbe\xae;,\x15\xd2?'\xdc\
\x08\x07X\x01\xde\xab@\x14T\x17\x0c\xccB-\x8c6\
\x0ep\x80\xdb\xd8\xb8\x5c\xbaA\xcd\xaa&\x19$C\x8c\
\x98\x00a\xda \xc0\xea\x1f\xc2A\xa3\x92\x9b\x8a\xe1s\
\xc3\xab\xeb\x00\x09(\xb0\x03\x83)\xdf\xea(\xdc\xcb\xc3\
\x8c\xc0\x00@\xfa\x1a)\x1c\xa8\x09\xac>\x19\x10D\x8d\
 \x00\x0a\xe0\x80\x16,\xc47\xac\x00G\x8c\x92\x06\x5c\
\xaf\xa1\x89\x9e\xaf{D\xc6\x01\x00\x01\xd8\x80\xb7\x12-\
\xd1\x19\x9b\x92\xeb\x1b\xe09\xc0O\xc4\xba\x0cX\xc0\xb1\
\xc8\xa7\xe7\xaa\x9d\x5cJ\xb5TL2\x0a\xc8;\x00\x1c\
\xa8\x13\x8c\xc5\xe6\xd14\xab\xb3E\x80\x8b\xbd\xed\xd1\x0f\
\x5c\xc2A\xa1*\xbfb\xdb\x88\x06H\x013\x12-\x0f\
Z\x0f~I\xc6eT\xb9\x0e\xf8\xb5\x8c\x81F;d\
\xad\x06pD~\x81\xc0\xdb\xf86\xbd#(\xb1Q\x81\
p\xe4\x88\x04\x882o\xa48pT\xc5\x8b\x18\xc7\xd6\
Z\x80\xe8\x02\xc6\x8d\x11\x80\x0e\xfe0\x9b?T\xbf\x09\
|\xa2\x12T&\x0d\xa8\xbf\x8f\xe8Fz\x048{\x04\
\x89\xde\x02\xc3\xa2\x8b\x1d\x05\x98\xb9~\xe4\x88F\x89\x92\
\x050\x01\xb2\xe9\xc3\xa6\xfa\x1a\xe3\x19\x9e\xbf\xaa\x81\x13\
\x90\x91\x9cYH\x86L7\x87\xdc\x0d\x5c\xa2\xa6:\xec\
\xb8r\x04\x9a\xfa\xb1\xc8\xa6`\x80\x13\xa8\xbe\x0f\x0a\x9b\
\xb2)Ad\x12\x9b\x17\xb0\x00\xcdQHODI(\
SI9\x13\xa5\x86\xa2\x9eE| \x07b\x00\x02\x9b\
I\x03\xcb\x8c\x068\x81w\x92\x22\x00\xe2\xa0\xff\x09\xa1\
\x12\xe8@\x92\xb0\x88\x93\x1cJO+\xca\xabA<i\
2\xba\x8a\x9cF\x7f\xda\x9e\x05\xd8\x80\x14 F\xe4Y\
1\x0cp\xafUQE\xaf\xfcJ5\x8b\xbd\x9bx\x1b\
\x05p\xc9\x14j\x80}\xd4\xa3\xa7\xfc\x08\x8cl\x93\xb7\
y\x80\x0f`\x01\x8e,\x1c\x1a\x80\x01\x14\x00\x81\x92I\
\xb2\x91\xd0>^\xabK5\xab\xb1\x5c4\xb0\x02 \xa7\
\x13jJ\xdc\xd9\x1c\xc0<\x0c\x02\xd0K\x07\x90\x80\x0a\
h\xb2\x0bp\x00~\x1c\xcc\xfe\xc7\x8c(\x0ah\xc3\xc9\
\xdc5\x0b8G\xe6\xd2\x22\x03H\x80\xee\xaa;\xdaA\
\x80D\x91K\xcft\x1c\x01\x18>\xc9tM\x19\xe3\x80\
\x09\x80\xbe\xa6\x10\x00\x02\x18\x18\x02\x10\x00\x01\xe0\x9e\xb3\
\xe4\xcd\xdc\xc0\xc0\xe0\xfc9h\x83\xc3\xe7\xb4N\x9bh\
=\xe9\xcc0[s3x\xbc\xce\xef\xec\x08\x04\xb8\x00\
\xed\xe4\xafNS@\xf0DO\x8f\xd8\xc4\xd6DI[\
c\xb3Pt\xce\xf4d'\xa3\xeaD\xf2\xcc0\x0e\x8c\
O\xf9\x84(\x04\xd8>\xfb\x14\xb5e\xc9O\xfd\x8c$\
\xf7\xcb@\xed\xdc\x00\x09\xa8H\x01\xbd\xce\xb0\xa0K\xed\
\xe4\x80\x05pF\x05MO\x01\xe0D\xf6\xb4\xc5M\xd3\
\x00\xcf\x93P\x09]\xb2\xccs\xb6\xaf\xcc\xb5\x5c\xe3\x00\
\xef\xdcP\xf9,\x00\xd64\xd0\xfd\xba\x00\xd4,Q\xf4\
T\xcb\x0f\x0d\xce\x0d\x90\xbd\x16]P`\x998v[\
7z\x04\xb5\x8b+=\x1a\xe5M\x8bX\xcfA\x03Q\
\xd8\x14'\x1f\xb5H\xcf\x89LC\xfb\xca\x0c0-#\
\x95O/\x83Q\x94\xac\xfeN'mQ\xdf\x144O\
\x14J\xac\xfb\xb9\x8bC\x1a\xa0\xa4R\xf4\xb4\x88\x13\x95\
\xb1,\xdd\xbc\x0d\x08\xc5/\xf5\xd1\x01\x90\x00\x1a\xe3\xbe\
\x10M4\x16ES\xfd\xf4\xcd\xc0\x9b\xb66\x050\x81\
\x8bS#\xb5\x08\x08\xe0\xb4y\x8c?6\xdb\x80\xad,\
\xd2<\xfd\xce\xb0h\x80\xf2$\xd3\xab\x83\xbb\x08\x1dT\
B\x9d\xc9\xda`\x8a\x04@3@M\xd4\x17\xb4\x00\x93\
\xd9\x9e\x00uTv\x12\x00\x07\xa8T\x95s\x80\xec\xda\
\xd4<%\x80~\x038,\xcd5\x09(\x00M\x1d\xd5\
T\xb4\x88!\xb4P\xca4\xd3\xcak\xd5Z5\x80\x07\
\xc00?\xbd\xb5N|\x00\xcb\xa9\xd5_\xc5\x08\x03p\
\x00\x22\xb4\xd0\x1a\xc3\x80^\x05\xd6M\x85\xa3\xc9X\xa0\
\x07\x88\x80\x09\xb0\x80\x5cU\xd1\x09\x80\x80;\xc4\x99d\
\xc5\xd6\x8aXNI\xcaV\x1f\xcdOV\xed\xd6t\x0c\
\xd7q%\xd7r5\xd7sE\xd7tU\xd7ue\xd7\
vu\xd7w\x85\xd7x\x95\xd7y\xa5\xd7z\xb5\xd7{\
\xc5\xd7|M\xcf\x80\x01\x00\x00!\xf9\x04\x08\x08\x00\x00\
\x00!\xff\x0bMGK8BIM0000\xff\
8BIM\x04%\x00\x00\x00\x00\x00\x10\x00\x00\x00\x00\
\x00\x00\x00\x00\x00\x00\x00\x00\x00\x00\x00\x008BIM\
\x04:\x00\x00\x00\x00\x00\xad\x00\x00\x00\x10\x00\x00\x00\x01\
\x00\x00\x00\x00\x00\x0bprintOutpu\
t\x00\x00\x00\x04\x00\x00\x00\x00PstSboo\
l\x01\x00\x00\x00\x00Inteenum\x00\x00\
\x00\x00Inte\x00\x00\x00\x00Clrm\x00\x00\
\x00\x0fprintSixteenBi\
tbool\x00\x00\x00\x00\x0bprinte\
rNameTEXT\x00\x00\x00\x1c\x00B\x00\
r\x00o\x00t\x00h\x00e\x00r\x00 \x00M\x00\
F\x00C\x00-\x00J\x006\x007\x001\x000\x00\
D\x00W\x00 \x00P\x00r\x00i\x00n\x00t\x00\
e\x00r\x00\x00\x008BIM\x04;\x00\x00\x00\x00\
\x01\xb2\x00\x00\x00\x10\x00\x00\x00\x01\x00\x00\x00\x00\x00\x12\
printOutputOpti\xff\
ons\x00\x00\x00\x12\x00\x00\x00\x00Cptnb\
ool\x00\x00\x00\x00\x00Clbrbool\
\x00\x00\x00\x00\x00RgsMbool\x00\x00\x00\
\x00\x00CrnCbool\x00\x00\x00\x00\x00C\
ntCbool\x00\x00\x00\x00\x00Lbls\
bool\x00\x00\x00\x00\x00Ngtvboo\
l\x00\x00\x00\x00\x00EmlDbool\x00\x00\
\x00\x00\x00Intrbool\x00\x00\x00\x00\x00\
BckgObjc\x00\x00\x00\x01\x00\x00\x00\x00\
\x00\x00RGBC\x00\x00\x00\x03\x00\x00\x00\x00Rd\
  doub@o\xe0\x00\x00\x00\x00\x00\x00\x00\
\x00\x00Grn doub@o\xe0\x00\x00\x00\
\x00\x00\x00\x00\x00\x00Bl  doub@o\
\xe0\x00\x00\x00\x00\x00\x00\x00\x00\x00BrdTUn\
tF#Rlt\x00\x00\x00\x00\x00\x00\x00\x00\x00\x00\
\x00\x00Bld UntF#Rlt\x00\xff\
\x00\x00\x00\x00\x00\x00\x00\x00\x00\x00\x00RsltU\
ntF#Pxl@X\x1f\xa7\x80\x00\x00\x00\x00\
\x00\x00\x0avectorDataboo\
l\x01\x00\x00\x00\x00PgPsenum\x00\x00\
\x00\x00PgPs\x00\x00\x00\x00PgPC\x00\x00\
\x00\x00LeftUntF#Rlt\x00\x00\
\x00\x00\x00\x00\x00\x00\x00\x00\x00\x00Top Un\
tF#Rlt\x00\x00\x00\x00\x00\x00\x00\x00\x00\x00\
\x00\x00Scl UntF#Prc@Y\
\x00\x00\x00\x00\x00\x008BIM\x03\xed\x00\x00\x00\x00\
\x00\x10\x00`~\x9e\x00\x01\x00\x02\x00`~\x9e\x00\x01\
\x00\x028BIM\x04&\x00\x00\x00\x00\x00\x0e\x00\x00\
\x00\x00\x00\x00\x00\x00\x00\x00?\x80\x00\x008BIM\
\x04\x0d\x00\x00\x00\x00\x00\x04\x00\x00\x00x8BIM\
\x04\x19\x00\x00\x00\x00\x00\x04\x00\x00\x00\x1e8BIM\
\x03\xf3\x00\x00\x00\x00\x00\x09\x00\x00\x00\x00\x00\x00\x00\xff\
\x00\x01\x008BIM'\x10\x00\x00\x00\x00\x00\x0a\x00\
\x01\x00\x00\x00\x00\x00\x00\x00\x028BIM\x03\xf5\x00\
\x00\x00\x00\x00H\x00/ff\x00\x01\x00lff\x00\
\x06\x00\x00\x00\x00\x00\x01\x00/ff\x00\x01\x00\xa1\x99\
\x9a\x00\x06\x00\x00\x00\x00\x00\x01\x002\x00\x00\x00\x01\x00\
Z\x00\x00\x00\x06\x00\x00\x00\x00\x00\x01\x005\x00\x00\x00\
\x01\x00-\x00\x00\x00\x06\x00\x00\x00\x00\x00\x018BI\
M\x03\xf8\x00\x00\x00\x00\x00p\x00\x00\xff\xff\xff\xff\xff\
\xff\xff\xff\xff\xff\xff\xff\xff\xff\xff\xff\xff\xff\xff\xff\xff\
\xff\x03\xe8\x00\x00\x00\x00\xff\xff\xff\xff\xff\xff\xff\xff\xff\
\xff\xff\xff\xff\xff\xff\xff\xff\xff\xff\xff\xff\xff\x03\xe8\x00\
\x00\x00\x00\xff\xff\xff\xff\xff\xff\xff\xff\xff\xff\xff\xff\xff\
\xff\xff\xff\xff\xff\xff\xff\xff\xff\x03\xe8\x00\x00\x00\x00\xff\
\xff\xff\xff\xff\xff\xff\xff\xff\xff\xff\xff\xff\xff\xff\xff\xff\
\xff\xff\xff\xff\xff\x03\xe8\x00\x008BIM\x04\x00\x00\
\x00\x00\x00\x00\x02\x00\x098BIM\x04\x02\x00\x00\xff\
\x00\x00\x00\x16\x00\x00\x00\x00\x00\x00\x00\x00\x00\x00\x00\x00\
\x00\x00\x00\x00\x00\x00\x00\x00\x00\x008BIM\x040\
\x00\x00\x00\x00\x00\x0b\x01\x01\x01\x01\x01\x01\x01\x01\x01\x01\
\x01\x008BIM\x04-\x00\x00\x00\x00\x00\x06\x00\x01\
\x00\x00\x00%8BIM\x04\x08\x00\x00\x00\x00\x00\x10\
\x00\x00\x00\x01\x00\x00\x02@\x00\x00\x02@\x00\x00\x00\x00\
8BIM\x04\x1e\x00\x00\x00\x00\x00\x04\x00\x00\x00\x00\
8BIM\x04\x1a\x00\x00\x00\x00\x03K\x00\x00\x00\x06\
\x00\x00\x00\x00\x00\x00\x00\x00\x00\x00\x01,\x00\x00\x01,\
\x00\x00\x00\x0b\x00N\x00a\x00m\x00n\x00l\x00\xf6\
\x00s\x00t\x00-\x001\x003\x00\x00\x00\x01\x00\x00\
\x00\x00\x00\x00\x00\x00\x00\x00\x00\x00\x00\x00\x00\x00\x00\x00\
\x00\x01\x00\x00\x00\x00\x00\x00\x00\x00\x00\x00\x01,\x00\x00\
\x01,\x00\x00\x00\x00\x00\x00\x00\x00\x00\x00\x00\x00\x00\x00\
\x00\x00\x01\x00\x00\x00\x00\x00\x00\x00\x00\x00\x00\x00\x00\x00\
\x00\x00\x00\x00\x00\x00\x10\x00\x00\x00\x01\x00\x00\x00\x00\xff\
\x00\x00null\x00\x00\x00\x02\x00\x00\x00\x06bo\
undsObjc\x00\x00\x00\x01\x00\x00\x00\x00\
\x00\x00Rct1\x00\x00\x00\x04\x00\x00\x00\x00To\
p long\x00\x00\x00\x00\x00\x00\x00\x00Le\
ftlong\x00\x00\x00\x00\x00\x00\x00\x00Bt\
omlong\x00\x00\x01,\x00\x00\x00\x00Rg\
htlong\x00\x00\x01,\x00\x00\x00\x06sl\
icesVlLs\x00\x00\x00\x01Objc\
\x00\x00\x00\x01\x00\x00\x00\x00\x00\x05slice\x00\
\x00\x00\x12\x00\x00\x00\x07sliceIDlo\
ng\x00\x00\x00\x00\x00\x00\x00\x07groupI\
Dlong\x00\x00\x00\x00\x00\x00\x00\x06ori\
ginenum\x00\x00\x00\x0cESlic\
eOrigin\x00\x00\x00\x0dautoG\
enerated\x00\x00\x00\x00Type\
enum\x00\x00\x00\x0aESliceT\xff\
ype\x00\x00\x00\x00Img \x00\x00\x00\x06b\
oundsObjc\x00\x00\x00\x01\x00\x00\x00\
\x00\x00\x00Rct1\x00\x00\x00\x04\x00\x00\x00\x00T\
op long\x00\x00\x00\x00\x00\x00\x00\x00L\
eftlong\x00\x00\x00\x00\x00\x00\x00\x00B\
tomlong\x00\x00\x01,\x00\x00\x00\x00R\
ghtlong\x00\x00\x01,\x00\x00\x00\x03u\
rlTEXT\x00\x00\x00\x01\x00\x00\x00\x00\x00\x00\
nullTEXT\x00\x00\x00\x01\x00\x00\x00\x00\
\x00\x00MsgeTEXT\x00\x00\x00\x01\x00\x00\
\x00\x00\x00\x06altTagTEXT\x00\x00\
\x00\x01\x00\x00\x00\x00\x00\x0ecellText\
IsHTMLbool\x01\x00\x00\x00\x08c\
ellTextTEXT\x00\x00\x00\x01\x00\
\x00\x00\x00\x00\x09horzAlignen\
um\x00\x00\x00\x0fESliceHor\xff\
zAlign\x00\x00\x00\x07defaul\
t\x00\x00\x00\x09vertAlignen\
um\x00\x00\x00\x0fESliceVert\
Align\x00\x00\x00\x07default\
\x00\x00\x00\x0bbgColorTypee\
num\x00\x00\x00\x11ESliceBGC\
olorType\x00\x00\x00\x00None\
\x00\x00\x00\x09topOutsetlon\
g\x00\x00\x00\x00\x00\x00\x00\x0aleftOut\
setlong\x00\x00\x00\x00\x00\x00\x00\x0cb\
ottomOutsetlong\x00\
\x00\x00\x00\x00\x00\x00\x0brightOuts\
etlong\x00\x00\x00\x00\x008BIM\x04\
(\x00\x00\x00\x00\x00\x0c\x00\x00\x00\x02?\xf0\x00\x00\x00\
\x00\x00\x008BIM\x04\x14\x00\x00\x00\x00\x00\x04\x00\
\x00\x00&8BIM\x04\x0c\x00\x00\x00\x00\x0d\x0f\xff\
\x00\x00\x00\x01\x00\x00\x00\xa0\x00\x00\x00\xa0\x00\x00\x01\xe0\
\x00\x01,\x00\x00\x00\x0c\xf3\x00\x18\x00\x01\xff\xd8\xff\xed\
\x00\x0cAdobe_CM\x00\x01\xff\xee\x00\x0e\
Adobe\x00d\x80\x00\x00\x00\x01\xff\xdb\x00\x84\
\x00\x0c\x08\x08\x08\x09\x08\x0c\x09\x09\x0c\x11\x0b\x0a\x0b\x11\
\x15\x0f\x0c\x0c\x0f\x15\x18\x13\x13\x15\x13\x13\x18\x11\x0c\x0c\
\x0c\x0c\x0c\x0c\x11\x0c\x0c\x0c\x0c\x0c\x0c\x0c\x0c\x0c\x0c\x0c\
\x0c\x0c\x0c\x0c\x0c\x0c\x0c\x0c\x0c\x0c\x0c\x0c\x0c\x0c\x0c\x0c\
\x0c\x01\x0d\x0b\x0b\x0d\x0e\x0d\x10\x0e\x0e\x10\x14\x0e\x0e\x0e\
\x14\x14\x0e\x0e\x0e\x0e\x14\x11\x0c\x0c\x0c\x0c\x0c\x11\x11\x0c\
\x0c\x0c\x0c\x0c\x0c\x11\x0c\x0c\x0c\x0c\x0c\x0c\x0c\x0c\x0c\x0c\
\x0c\x0c\x0c\x0c\x0c\x0c\x0c\x0c\x0c\x0c\x0c\x0c\x0c\x0c\x0c\x0c\
\x0c\x0c\xff\xc0\x00\x11\x08\x00\xa0\x00\xa0\x03\x01\x22\x00\x02\
\x11\x01\x03\x11\x01\xff\xdd\x00\x04\x00\x0a\xff\xc4\x01?\x00\
\x00\x01\x05\x01\x01\x01\x01\x01\x01\x00\x00\x00\x00\x00\x00\x00\
\x03\x00\x01\x02\x04\x05\x06\x07\x08\x09\x0a\x0b\x01\x00\x01\xff\
\x05\x01\x01\x01\x01\x01\x01\x00\x00\x00\x00\x00\x00\x00\x01\x00\
\x02\x03\x04\x05\x06\x07\x08\x09\x0a\x0b\x10\x00\x01\x04\x01\x03\
\x02\x04\x02\x05\x07\x06\x08\x05\x03\x0c3\x01\x00\x02\x11\x03\
\x04!\x121\x05AQa\x13\x22q\x812\x06\x14\x91\
\xa1\xb1B#$\x15R\xc1b34r\x82\xd1C\x07\
%\x92S\xf0\xe1\xf1cs5\x16\xa2\xb2\x83&D\x93\
TdE\xc2\xa3t6\x17\xd2U\xe2e\xf2\xb3\x84\xc3\
\xd3u\xe3\xf3F'\x94\xa4\x85\xb4\x95\xc4\xd4\xe4\xf4\xa5\
\xb5\xc5\xd5\xe5\xf5Vfv\x86\x96\xa6\xb6\xc6\xd6\xe6\xf6\
7GWgw\x87\x97\xa7\xb7\xc7\xd7\xe7\xf7\x11\x00\x02\
\x02\x01\x02\x04\x04\x03\x04\x05\x06\x07\x07\x06\x055\x01\x00\
\x02\x11\x03!1\x12\x04AQaq\x22\x13\x052\x81\
\x91\x14\xa1\xb1B#\xc1R\xd1\xf03$b\xe1r\x82\
\x92CS\x15cs4\xf1%\x06\x16\xa2\xb2\x83\x07&\
5\xc2\xd2D\x93T\xa3\x17dEU6te\xe2\xf2\
\xb3\x84\xc3\xd3u\xe3\xf3F\x94\xa4\x85\xb4\x95\xc4\xd4\xff\
\xe4\xf4\xa5\xb5\xc5\xd5\xe5\xf5Vfv\x86\x96\xa6\xb6\xc6\
\xd6\xe6\xf6'7GWgw\x87\x97\xa7\xb7\xc7\xff\xda\
\x00\x0c\x03\x01\x00\x02\x11\x03\x11\x00?\x00\xf2\xa4\x92I\
%)$\x92IJI$\x92R\x92I$\x94\xa4J\
\xb1\xb2/\x9fF\xa7\xdb\x1c\xeciw\xfdJ\xdf\xe8\x9f\
W\xea533=\xbb\xfd@\x1dU\x06@\xdb\xf9\xb6\
[\xfdo\xcc\xadt-;Z\x18\xc8c\x07\x0dh\xda\
\xd1\xf0k}\xa9)\xe0-\xc4\xca\xa4M\xd4\xd9X\xf1\
{K\x7f\xea\x82\x12\xf4]\xce\x88\x99\x07\x90u\x1fr\
\xc5\xea\xff\x00W\xa8\xc8c\xaf\xc2`\xab K\x8dM\
\xfa6y1\xbf\xe0\xed\xfe\xaf\xb1\xe9)\xe5\x12I$\
\x94\xa4\x92I%)$\x92IJI$\x92S\xff\xd0\
\xf2\xa4\x92I%)$\x96\x97I\xe9_j\xfd=\xf2\
1\xda`\x01\xa1y\x1c\xb4\x7f#\xf7\xdc\x92\x9c\xfa\xea\
\xb6\xd7m\xa9\x8e{\xbc\x1a\x09?\x82+\xba~sF\
\xe7c\xd8\x07\x8e\xc3\xfd\xcb\xab\xad\xac\xa9\x9e\x9dM\xff\
\x15\xb0~kD\x04\xf2G\x05%<b\xb9\xd1\xf1Y\
\x97\xd4\xa8\xa2\xc15\x97nx\xf1kA\xb1\xc3\xfb[\
V\xf6oO\xc6\xcdi\xf5\x06\xdb\x7f6\xe6\x8dA\xfe\
_\xfaF\xac\xde\x87S\xf0\xfa\xf3(\xb8C\xe1\xec\xd3\
\x83\xb9\x8e\xd8G\xf2^\x92\x9e\xb0\x92I'\x92\x92I\
$\xa5$\x92I)\xe3\xfe\xb2\xe36\x8e\xa8\xe70C\
r\x1a.\x8f7Kl\xff\x00\xc1\x1a\xf5\x96\x01&\x06\
\xa4\xae\x97\xad`\xe4u^\xbb\x87\xd3p\xc0vE\x95\
\x86\x890\xd1.\xb2\xc79\xee\xfc\xd6WW\xe9l\xfe\
B\xefz\x0f\xd5\xae\x97\xd0jo\xd9\x98-\xcc\x8f\xd2\
\xe6\xbc{\xc9\xfc\xef@\x1f\xe8\xd5\x7fS\xf4\xbf\xe9l\
IO\x97\xd5\xf5g\xeb\x15\xcc\xdfWM\xcas|}\
'\xfe\x12\xd5S/\x077\x09\xfe\x9ef=\x98\xef\xfd\
\xdbX\xe6\x1f\xfaa\xab\xdcK\x9cL\x92I\xf1*\x17\
\xd7VM'\x1f*\xb6dP\xef\xa5M\xa0=\x87\xfb\
\x0e\xff\x00\xaaIO\x85$\xba\xcf\xae\x7fS\x9b\xd2\xff\
G\xed.\x9a\x1c\xee\x9e\xf7m\xb6\xb3\xee49\xdfA\
\xbb\xfe\x93\xf1\xec\xfa5X\xff\x00\xf8\xab\x7f\xc1\xfa\xbc\
\x9aJRI$\x92\x9f\xff\xd1\xf2\xa4\x92I%(\x02\
\xe2\x1a9&\x02\xecj\xa5\x94T\xca\x19\xf4j\x01\xa3\
\xcc\x8f\xa4\xef\xed;\xdc\xb9\x0a\xdc\x19c^u\x0d \
\xc7\xc0\xae\xc9\xdfH\x91\xa8&A\xf8\xa4\xa5\x92I$\
\x94\xa5\x97\xd7\x1a\xea\xbe\xcf\x9dQ\xdbm/\x0d\x0e\xff\
\x00\xc1k\xff\x005\xcdz\xd4Y\xbfX\x1e\x06\x0b\x1b\
\xdd\xf6\x88\xfe\xcb]?\xf5I)\xdc\xc2\xcd\xa7?\x19\
\xb94\xc0\x0e\xd1\xec\x99,w\xe70\xff\x00\xdf?\x90\
\x8e\xb8,<\xec\xac+}\x5ck\x0b\x1d\xc3\x87!\xc3\
\xf7^\xd3\xedr\xdd\xa3\xebue\xb1\x93\x8cC\xbfz\
\xa7i\xfee\x9b\xbf\xf3\xe2Jz\x04;\xef\xa7\x1a\x87\
\xe4^\xed\xb5V%\xc7\xb9=\x98\xcf\xde{\xd6-\xdf\
[q\xc0\xfd\x063\x9c\xee\xc6\xc7\x00?\xcd`\xff\x00\
\xbf\xac<\xfe\xa7\x99\xd4\x1e\x1d\x90\xff\x00k~\x85\xff\
m\xd1\x8d\xfe\xabRS\xdf\x7f\x8b\xea\xfe\xd6\xee\xa5\xd7\
m\x11m\xf6\x0cj\x87\xee0\x01m\x8c\x07\xfa\xbff\
b\xeb\xd7'\xfe,\xefc\xfa\x0eM\x00\xcb\xe9\xca/\
s|\x1bmu\x8a\xcf\xf6\x9d\x8fj\xeb\x12R\x92I\
$\x94\x8f#\x12\x9c\xec{po\x13NS\x0d/\x1e\
N\xd1\xaf\xfe\xb5o\xdbc?\x96\xc5\xe1\xf7T\xfan\
}6\x08}n,p\xf3i\xda\xe5\xee\xd5G\xa8\xc9\
0$\x12O\x00\x0e\x5c\xbc7\xa8^\xcc\x8c\xfc\x9c\x86\
\x08e\xd6\xbe\xc6\x8f'8\xb8$\xa4\x09$\x92J\x7f\
\xff\xd2\xf2\xa4\x92I%)t}\x1b9\xb98\xed\xa1\
\xc6/\xa4D~\xf3\x07\xd1p\xfe\xa7\xd1z\xc4\xa7\x03\
&\xe0\x1c\x1b\xb5\xa7\x87;@~\x08\xed\xe9y5\xb8\
>\xbbZ\xd7\xb7V\x90\x5c\x08>N\x84\x94\xf4\x89,\
\x81\xd631\x80nm\x02\xc1\xc0\xb5\xa7l\xfc\xc6\xea\
\xdc\x9d\xdfX\xb1\xc0\xf6P\xf2|\xdc\x00\xfc\x1aRS\
\xad\xe2I\x00\x0dI:\x00<J\xe6\xba\xbesr\xff\
\xf2\x00\xac\xfe\x86\xa1\xb5\x9eg\xf3\xec\xfe\xd7\xfdBl\
\xde\xad\x95\x98\x0df+\xa7\x9fM\x9c\x18\xfd\xf7}'\
\xaaI)I$\x92JRI$\x92\x9d\xff\x00\xa9\x9f\
XY\xd0\xfa\xa19$\x8c\x1c\xa6\xfaY;D\xed\xd7\
uY\x01\x83\xe9z\x0f\xff\x00\xc0\xbdU\xeb\x00\xb5\xcd\
k\xd8\xe6\xbd\x8f\x01\xcc{\x08s\x5c\xd3\xab_[\xdb\
\xed{\x1c\xbc!nt\x1f\xae\x1dc\xa24QK\x9b\
\x91\x86\x09'\x16\xe1,\x04\xfd#S\x9b\xb6\xda]\xff\
\x00\x16\xff\x00\xeb\xa4\xa7\xd6\xd2\x5c]?\xe3C\x00\xb3\
\xf4\xfd:\xd6?\xb8\xae\xd6\xb9\xbf\xf4\xeak\x91\xb1>\
\xb3\xfdi\xfa\xc6\xe7Q\xf5c\xa5\x8aZ\xdfm\xb9\xb7\
8<W=\xfd[EX\xb5=\xb3\xbbf\xcb\xae\xff\
\x00F\x92\x9b\x7f]\xfe\xb0\xd7\xd2ze\x98T\xb8\x1e\
\xa3\x9a\xc3[X9\xae\x97\x8d\xb6\xde\xff\x00\xddu\xac\
\xfd\x15\x1f\xf6\xfa\xf2\xb5\xe9?\xf8\xd0u|\xa7\xbf#\
\xa8\xf5\x8aNU\x84\xba\xc7\x06\xd9t\x93:\xba\xdb\xff\
=\x179eu_\xf1O\xf5\x9b\x06\xb7]\x86i\xea\
U\xb6N\xca\x09\x16\xed\x1a\xee\xf4.m{\xff\x00\xa9\
K\xeezJx\xb4\x93\xbd\x8f\xad\xee\xae\xc6\x96=\x84\
\xb5\xecp\x82\x08\xd1\xcdsO\xe7&IO\xff\xd3\xf2\
\xa5\xa1\xd3p\xda\xe1\xf6\x8bD\x89\x8a\xdax1\xf9\xc5\
g\xae\x82\xb6\x0a\xeac\x07\x0dh\x1f\x82JdI:\
\x94\x92I%,@sK\x5c\x03\x9ayi\xe0\xacl\
\xec_\xb3\xdb\x0d\xd6\xb7\xea\xc3\xf9[\xfd\x95\xb4\xaau\
6\x07b\xee\xee\xc7\x02>~\xd2\x92\x9c\x84\x92I%\
)$\x92IJI$\x92R\x92I$\x94\xee\xfdM\
\xfa\xb3g\xd6^\xb4\xcc\x22]^%`\xdb\x99s\x22\
[[\x7f5\x9b\xfd\xbe\xad\xcf\xfd\x15_\xf6\xe7\xa6\xff\
\x00M{\xb6\x1e\x1e&\x06-XxT\xb7\x1f\x16\x81\
\xb6\xaaX=\xad\x1f\xf5O{\xbe\x95\x96\xbf\xf4\x96=\
q\x1f\xe2s\x0e\xaa\xfa\x0evp\x04]\x91\x94)q\
\xed\xb2\x9a\xdbc#\xfbyV.\xf5%)$\x92\xff\
IO\x17\xfe1\xfe\xa6\xd1\xd60-\xea\xf8U\xed\xea\
\xd8\x8c\xde\xfd\x80~\xb1S\x07\xbd\x96\x0f\xce\xc8\xa2\xb1\
\xbe\x9b?\x9c\xb1\x9f\xab\xfb\xff\x00C\xe9x\xd2\xfai\
\xa7k\x81\xf0+\xe7_\xac8U\xf4\xfe\xbd\xd4pj\
n\xda\xb1\xb2\xae\xaa\xa0u\xf65\xeem\x7f\xf4\x12S\
\xff\xd4\xf2\xa5\xbdE\x82\xca+\xb0~sD\xfcG\xb5\
\xdf\xf4\x96\x0a\xb9\x81\x9a(&\xab\x7f\x9aq\x99\xfd\xd3\
\xe3\xfdT\x94\xeb$\x98\x10@p \xb4\xf0F\xa0\xa7\
IJT\xfa\xad\x81\xb8\xc1\x9d\xecv\x9f\x06\xf3\xf9U\
\x9bm\xae\x96o\xb5\xdb[\xdb\xc4\xff\x00T,\x5c\xac\
\x87dZl:\x0e\x1a\xdf\x00\x92\x91$\x92I)I\
$\x92JRI$\x92\x94\x92I$\xa7\xd5\xff\x00\xc4\
\xdfQ\xad\xfd+\xa8t\xc3\xa5\xb4^\xdc\x91'\x96Z\
\xd1C\xb6\xb7\xfe\x0d\xf8\xec\xdf\xff\x00\x1a\xbd\x09|\xf5\
\xf5o\xaf\xe5\xfd^\xea\xf4\xf5<a\xbfd\xb2\xeaI\
-m\xb5;Kiyo\xef}&\x7f\xa3\xb7\xd3\xff\
\xb1{\xbfE\xeb}3\xae\xe0\xb7;\xa6[\xea\xd4@\
\xf5\x18t\xb2\xa7\x1f\xf0Y5\xff\x00\x83\xb1\xbf\xf6\xd5\
\x9f\xe0\xbd\x89)\xbc\x92I\xc0$\xc0\x12|\x02JZ\
X\xdfu\x8e\x0ccu{\x89\x00\x06\x8fs\xdc\xe7\x1f\
\xddj\xf9\xcb\xac\xe77\xa8\xf5\x8c\xee\xa0\xd0Z\xdc\xbc\
\x8bokN\xa4\x0b\x1e\xeb\x1a\xdf\xec\xee^\x8f\xfe2\
>\xbec3\x16\xde\x81\xd2-\x17]x5\xe7\xe4\xb0\
\xcb\x18\xcf\xcf\xc4\xa9\xed\xf6\xdbe\xbf\xf6\xa5\xff\x00\xcd\
\xd7_\xe8?\x9c\xf5=\x1f,IO\xff\xd5\xf2\xa4\x92\
I%3\xaa\xfb\xa9?\xa2yd\xf2\x01\xd3\xeeGf\
v}\x87kl\xd7\xc84~0\xaa\xab\xd4\xd6+`\
\x1f\x9cuw\xc5%1\xf47\x1d\xd7=\xd6<\xf2I\
Nq\xa9?\x9b\x1f\x02Q\x12IM[1KD\xb0\
\xee\x1e\x1d\xd0\x16\x8a\xa9\x95Xk\x83\xc7\x0e\xe7\xe2\x92\
\x90\xa4\x92I)I$\x92JR\xee>\xa8\x7f\x8a\xce\
\xa9\xd7j\xab?\xa8?\xf6\x7fN\xb4\x07VH\x9b\xff\
\xadi\xfa/\xaa\xa3\xed\xae\xb7\xfee\xd6\xff\x00\xc6W\
U\xb5\xa0\x7f\x8a\xff\x00\xaa\xd4\xf5\xfe\xbcn\xcc`\xb3\
\x03\xa7\x06\xdbun\x12\xd7\xbd\xc4\x8cj\x1e\xd9\xfa\x0e\
s,\xb5\xff\x00M\x8f\xf4}\x1f\xf0\xab\xdeRS\xc4\
\xe2\xff\x00\x8a\x1f\xa9\xb4V\x19mw\xe58L\xd9m\
\xa4\x13>X\xfe\x83=\xbf\xd5U\xb2\x7f\xc5>>\x1b\
\xfe\xd9\xf5_\xa9\xe4\xf4\xac\xe6\x83\xb6_\xb9\x84r*\
s\xab\xf4\xeek\x1c\xef\xa7\xbf\xed\x1f\xf1+\xbfI%\
>+\xd5~\xbd\x7f\x8cO\xab\xb9\x8f\xe9\xbd_\xd1v\
Ca\xcd\xb2\xcaXC\xd8~\x8d\xb4\xd9G\xa5]\x95\
\xbb\xff\x000\xb3\xf4\x9b\xd7?\xd5\xbe\xbe\xfdj\xea\xf5\
;\x1f+9\xcc\xc6y3E\x0dm- \xfec\xbd\
\x16\xb2\xcb+\xfeE\xafz\xf6\x9f\xaf\x1fU\xa8\xfa\xcb\
\xd0\xed\xc6\xd8\xdf\xb7P\x0d\x986\x9d\x0bl\x03\xf9\xad\
\xfa~\x8b#o\xa5o\xe6\x7f\x85\xff\x00\x03Z\xf9\xd9\
%)$\x92IO\xff\xd6\xf2\xa4\x92I%.\xc1\xff\
/h=\xc8Z\x07\x95\x9c\x0c\x19Z\x0dp{C\xc7\
\x05%.\x92I$\xa5!e\x7f3\xf3\x1f\xc5\x15\x03\
(\xce\xda\x87$\xc9IMv0\xbb\xc8x\xa2\x0a\xd8\
<\xd4\x80\x00@\xe0$\x92\x98\x9a\xd8{G\xc1\x0d\xf5\
\x96\xeb\xc8FI%>\xbd\xfe$\xe9\xa8}]\xcd\xbc\
\x01\xea\xbf1\xccs\xbb\x96\xb2\xaa]X\xff\x00:\xeb\
\x17\xa2/\x22\xff\x00\x13\x1dj\xbcn\xa1\x99\xd0\xeet\
}\xb0\x0c\x8cY:\x17\xd6\x0f\xadX\xfd\xe7\xbe\x9f\xd2\
\x7f\xe85\x8b\xd7RR\x92I$\x94\xa5\xf3G\xd6\x96\
2\xbf\xac\xdd^\xb6\x08c3\xb2Z\xd1\xe0\x05\xb6\x00\
\xbe\x8b\xea\xddS\x17\xa4t\xdc\x9e\xa5\x96\xed\xb4b\xb0\
\xd8\xfe$\xc7\xd0\xad\x93\xfe\x12\xd7\xed\xae\xbf\xe5\xaf\x99\
\xb2\xf2\xae\xcc\xcb\xbb.\xf3\xba\xec\x8b\x1dm\xae\xf1s\
\xc9\xb1\xe7\xfc\xe7$\xa4I$\x92J\x7f\xff\xd7\xf2\xa4\
\x92I%)\x16\x9b\xcdf\x0e\xad<\x8f\xe2\x10\x92I\
N\x83\x1e\xc7\x8fa\x07\xcb\xbf\xdc\x9e\x0a\xceJJ\xff\
JnY\x90\xc6\x0fo\xb9\xde\x03\x8f\x9a\xae\xc7\x17X\
\x5c\xedI\x93(i\xd8v\xb8\x14\x94\x9d$\x92IJ\
I$\x92R\x99\x91~&M9X\xcf5_C\x85\
\x95X\xdeZ\xe6\x9d\xccp\xfe\xab\x97\xb2\xfdP\xff\x00\
\x1a\xbd#\xaaP\xccn\xb5c:\x7fPh\x01\xd6<\
\x86\xd1g\xf2\xd9i\xf6\xd0\xef\xde\xae\xdf\xfa\xdd\x8f^\
)c\xa5\xdeCE\x14\x94\xfdP\xc7\xb2\xc6\x07\xd6\xe0\
\xf68K\x5c\xd3 \x83\xdc\x10\xa8u\x7f\xac=\x13\xa2\
\xd4m\xea\x99\x95c\x08\x90\xc7\x19\xb1\xdf\xf1t3u\
\xd6\xff\x00\xd6\xeb_42\xeb\xab\x04V\xf70;\xe9\
\x06\x92&<aD\x92L\x9dJJ{\x0f\xaf\xbf\xe3\
\x07#\xeb=\x83\x0f\x15\x87\x1f\xa5R\xed\xcca\xfav\
\xb8h\xdbo\x8fkv\xff\x00\x83\xa7\xfe\xaf\xfc\x1f\x1e\
\x92I)I$\x92J\x7f\xff\xd0\xf2\xa4\x92I%)\
$\x92IJI$\x92R\x92I$\x94\xcd\x96F\x8e\
\xe3\xb1E\x04\x1e\x0c\xaa\xe9$\xa6\xc1 s\xa2\x1b\x93\
\xed\xec\xdf\xbd\x0d$\x94\xa4\x92I%)$\x92IJ\
I$\x92R\x92I$\x94\xff\x00\xff\xd9\x008BI\
M\x04!\x00\x00\x00\x00\x00U\x00\x00\x00\x01\x01\x00\x00\
\x00\x0f\x00A\x00d\x00o\x00b\x00e\x00 \x00P\
\x00h\x00o\x00t\x00o\x00s\x00h\x00o\x00p\
\x00\x00\x00\x13\x00A\x00d\x00o\x00b\x00e\x00 \
\x00P\x00h\x00o\x00t\x00o\x00s\x00h\x00o\
\x00p\x00 \x00C\x00S\x005\x00\x00\x00\x01\x008\
BIM\x04\x06\x00\x00\x00\x00\x00\x07\x00\x08\x00\x00\x00\
\x01\x01\x00\x00!\xff\x0bICCRGBG10\
12\xff\x00\x00\x0cHLino\x02\x10\x00\x00m\
ntrRGB XYZ \x07\xce\x00\x02\x00\
\x09\x00\x06\x001\x00\x00acspMSFT\x00\
\x00\x00\x00IEC sRGB\x00\x00\x00\x00\x00\
\x00\x00\x00\x00\x00\x00\x01\x00\x00\xf6\xd6\x00\x01\x00\x00\x00\
\x00\xd3-HP  \x00\x00\x00\x00\x00\x00\x00\x00\x00\
\x00\x00\x00\x00\x00\x00\x00\x00\x00\x00\x00\x00\x00\x00\x00\x00\
\x00\x00\x00\x00\x00\x00\x00\x00\x00\x00\x00\x00\x00\x00\x00\x00\
\x00\x00\x00\x00\x00\x00\x11cprt\x00\x00\x01P\x00\
\x00\x003desc\x00\x00\x01\x84\x00\x00\x00lw\
tpt\x00\x00\x01\xf0\x00\x00\x00\x14bkpt\x00\
\x00\x02\x04\x00\x00\x00\x14rXYZ\x00\x00\x02\x18\x00\
\x00\x00\x14gXYZ\x00\x00\x02,\x00\x00\x00\x14b\
XYZ\x00\x00\x02@\x00\x00\x00\x14dmnd\x00\
\x00\x02T\x00\x00\x00pdmdd\x00\x00\x02\xc4\x00\
\x00\x00\x88vued\x00\x00\x03L\x00\x00\x00\x86v\
ie\xffw\x00\x00\x03\xd4\x00\x00\x00$lumi\
\x00\x00\x03\xf8\x00\x00\x00\x14meas\x00\x00\x04\x0c\
\x00\x00\x00$tech\x00\x00\x040\x00\x00\x00\x0c\
rTRC\x00\x00\x04<\x00\x00\x08\x0cgTRC\
\x00\x00\x04<\x00\x00\x08\x0cbTRC\x00\x00\x04<\
\x00\x00\x08\x0ctext\x00\x00\x00\x00Copy\
right (c) 1998 H\
ewlett-Packard C\
ompany\x00\x00desc\x00\x00\x00\x00\
\x00\x00\x00\x12sRGB IEC6196\
6-2.1\x00\x00\x00\x00\x00\x00\x00\x00\x00\x00\x00\
\x12sRGB IEC61966-2\
.1\x00\x00\x00\x00\x00\x00\x00\x00\x00\x00\x00\x00\x00\x00\
\x00\x00\x00\x00\x00\x00\x00\x00\x00\x00\x00\x00\x00\x00\x00\x00\
\x00\x00\x00\x00\x00\x00\x00\x00\x00\x00\x00\x00\x00\x00\x00\x00\
\x00\x00\x00\x00XYZ \x00\x00\x00\x00\x00\x00\xf3Q\
\x00\x01\xff\x00\x00\x00\x01\x16\xccXYZ \x00\x00\x00\
\x00\x00\x00\x00\x00\x00\x00\x00\x00\x00\x00\x00\x00XYZ\
 \x00\x00\x00\x00\x00\x00o\xa2\x00\x008\xf5\x00\x00\x03\
\x90XYZ \x00\x00\x00\x00\x00\x00b\x99\x00\x00\xb7\
\x85\x00\x00\x18\xdaXYZ \x00\x00\x00\x00\x00\x00$\
\xa0\x00\x00\x0f\x84\x00\x00\xb6\xcfdesc\x00\x00\x00\
\x00\x00\x00\x00\x16IEC http://\
www.iec.ch\x00\x00\x00\x00\x00\x00\
\x00\x00\x00\x00\x00\x16IEC http:/\
/www.iec.ch\x00\x00\x00\x00\x00\
\x00\x00\x00\x00\x00\x00\x00\x00\x00\x00\x00\x00\x00\x00\x00\x00\
\x00\x00\x00\x00\x00\x00\x00\x00\x00\x00\x00\x00\x00\x00\x00\x00\
\x00\x00\x00\x00\x00\x00\x00\x00\x00desc\x00\x00\x00\
\x00\x00\x00\x00.IEC 61966-2\
.1 Default RGB c\
olour space - sR\
GB\xff\x00\x00\x00\x00\x00\x00\x00\x00\x00\x00\x00.I\
EC 61966-2.1 Def\
ault RGB colour \
space - sRGB\x00\x00\x00\x00\
\x00\x00\x00\x00\x00\x00\x00\x00\x00\x00\x00\x00\x00\x00\x00\x00\
\x00\x00desc\x00\x00\x00\x00\x00\x00\x00,Re\
ference Viewing \
Condition in IEC\
61966-2.1\x00\x00\x00\x00\x00\x00\x00\
\x00\x00\x00\x00,Reference V\
iewing Condition\
 in IEC61966-2.1\
\x00\x00\x00\x00\x00\x00\x00\x00\x00\x00\x00\x00\x00\x00\x00\x00\
\x00\x00\x00\x00\x00\x00\x00\x00\x00\x00view\x00\x00\
\x00\x00\x00\x13\xa4\xfe\x00\x14_.\x00\x10\xcf\x14\x00\x03\
\xed\xcc\x00\x04\x13\x0b\x00\x03\x5c\x9e\x00\x00\x00\x01XY\
Z \xff\x00\x00\x00\x00\x00L\x09V\x00P\x00\x00\x00\
W\x1f\xe7meas\x00\x00\x00\x00\x00\x00\x00\x01\x00\
\x00\x00\x00\x00\x00\x00\x00\x00\x00\x00\x00\x00\x00\x00\x00\x00\
\x00\x02\x8f\x00\x00\x00\x02sig \x00\x00\x00\x00C\
RT curv\x00\x00\x00\x00\x00\x00\x04\x00\x00\
\x00\x00\x05\x00\x0a\x00\x0f\x00\x14\x00\x19\x00\x1e\x00#\x00\
(\x00-\x002\x007\x00;\x00@\x00E\x00J\x00\
O\x00T\x00Y\x00^\x00c\x00h\x00m\x00r\x00\
w\x00|\x00\x81\x00\x86\x00\x8b\x00\x90\x00\x95\x00\x9a\x00\
\x9f\x00\xa4\x00\xa9\x00\xae\x00\xb2\x00\xb7\x00\xbc\x00\xc1\x00\
\xc6\x00\xcb\x00\xd0\x00\xd5\x00\xdb\x00\xe0\x00\xe5\x00\xeb\x00\
\xf0\x00\xf6\x00\xfb\x01\x01\x01\x07\x01\x0d\x01\x13\x01\x19\x01\
\x1f\x01%\x01+\x012\x018\x01>\x01E\x01L\x01\
R\x01Y\x01`\x01g\x01n\x01u\x01|\x01\x83\x01\
\x8b\x01\x92\x01\x9a\x01\xa1\x01\xa9\x01\xb1\x01\xb9\x01\xc1\x01\
\xc9\x01\xd1\x01\xd9\x01\xe1\x01\xe9\x01\xf2\x01\xfa\x02\x03\x02\
\x0c\x02\xff\x14\x02\x1d\x02&\x02/\x028\x02A\x02K\
\x02T\x02]\x02g\x02q\x02z\x02\x84\x02\x8e\x02\x98\
\x02\xa2\x02\xac\x02\xb6\x02\xc1\x02\xcb\x02\xd5\x02\xe0\x02\xeb\
\x02\xf5\x03\x00\x03\x0b\x03\x16\x03!\x03-\x038\x03C\
\x03O\x03Z\x03f\x03r\x03~\x03\x8a\x03\x96\x03\xa2\
\x03\xae\x03\xba\x03\xc7\x03\xd3\x03\xe0\x03\xec\x03\xf9\x04\x06\
\x04\x13\x04 \x04-\x04;\x04H\x04U\x04c\x04q\
\x04~\x04\x8c\x04\x9a\x04\xa8\x04\xb6\x04\xc4\x04\xd3\x04\xe1\
\x04\xf0\x04\xfe\x05\x0d\x05\x1c\x05+\x05:\x05I\x05X\
\x05g\x05w\x05\x86\x05\x96\x05\xa6\x05\xb5\x05\xc5\x05\xd5\
\x05\xe5\x05\xf6\x06\x06\x06\x16\x06'\x067\x06H\x06Y\
\x06j\x06{\x06\x8c\x06\x9d\x06\xaf\x06\xc0\x06\xd1\x06\xe3\
\x06\xf5\x07\x07\x07\x19\x07+\x07=\x07O\x07a\x07t\
\x07\x86\x07\x99\x07\xac\x07\xbf\x07\xd2\x07\xe5\x07\xf8\x08\x0b\
\x08\x1f\x082\x08F\x08Z\x08n\x08\x82\x08\x96\x08\xaa\
\x08\xbe\x08\xd2\x08\xe7\x08\xfb\x09\x10\x09%\x09:\x09O\
\x09d\xff\x09y\x09\x8f\x09\xa4\x09\xba\x09\xcf\x09\xe5\x09\
\xfb\x0a\x11\x0a'\x0a=\x0aT\x0aj\x0a\x81\x0a\x98\x0a\
\xae\x0a\xc5\x0a\xdc\x0a\xf3\x0b\x0b\x0b\x22\x0b9\x0bQ\x0b\
i\x0b\x80\x0b\x98\x0b\xb0\x0b\xc8\x0b\xe1\x0b\xf9\x0c\x12\x0c\
*\x0cC\x0c\x5c\x0cu\x0c\x8e\x0c\xa7\x0c\xc0\x0c\xd9\x0c\
\xf3\x0d\x0d\x0d&\x0d@\x0dZ\x0dt\x0d\x8e\x0d\xa9\x0d\
\xc3\x0d\xde\x0d\xf8\x0e\x13\x0e.\x0eI\x0ed\x0e\x7f\x0e\
\x9b\x0e\xb6\x0e\xd2\x0e\xee\x0f\x09\x0f%\x0fA\x0f^\x0f\
z\x0f\x96\x0f\xb3\x0f\xcf\x0f\xec\x10\x09\x10&\x10C\x10\
a\x10~\x10\x9b\x10\xb9\x10\xd7\x10\xf5\x11\x13\x111\x11\
O\x11m\x11\x8c\x11\xaa\x11\xc9\x11\xe8\x12\x07\x12&\x12\
E\x12d\x12\x84\x12\xa3\x12\xc3\x12\xe3\x13\x03\x13#\x13\
C\x13c\x13\x83\x13\xa4\x13\xc5\x13\xe5\x14\x06\x14'\x14\
I\x14j\x14\x8b\x14\xad\x14\xce\x14\xf0\x15\x12\x154\x15\
V\x15x\x15\x9b\x15\xbd\x15\xe0\x16\x03\x16&\x16I\x16\
l\x16\x8f\x16\xb2\x16\xd6\x16\xfa\x17\x1d\x17A\x17e\x17\
\x89\x17\xff\xae\x17\xd2\x17\xf7\x18\x1b\x18@\x18e\x18\x8a\
\x18\xaf\x18\xd5\x18\xfa\x19 \x19E\x19k\x19\x91\x19\xb7\
\x19\xdd\x1a\x04\x1a*\x1aQ\x1aw\x1a\x9e\x1a\xc5\x1a\xec\
\x1b\x14\x1b;\x1bc\x1b\x8a\x1b\xb2\x1b\xda\x1c\x02\x1c*\
\x1cR\x1c{\x1c\xa3\x1c\xcc\x1c\xf5\x1d\x1e\x1dG\x1dp\
\x1d\x99\x1d\xc3\x1d\xec\x1e\x16\x1e@\x1ej\x1e\x94\x1e\xbe\
\x1e\xe9\x1f\x13\x1f>\x1fi\x1f\x94\x1f\xbf\x1f\xea \x15\
 A l \x98 \xc4 \xf0!\x1c!H!u\
!\xa1!\xce!\xfb\x22'\x22U\x22\x82\x22\xaf\x22\xdd\
#\x0a#8#f#\x94#\xc2#\xf0$\x1f$M\
$|$\xab$\xda%\x09%8%h%\x97%\xc7\
%\xf7&'&W&\x87&\xb7&\xe8'\x18'I\
'z'\xab'\xdc(\x0d(?(q(\xa2(\xd4\
)\x06)8)k)\x9d)\xd0*\x02*5*h\
*\x9b*\xcf+\x02+6+i+\x9d+\xd1,\x05\
,9,n,\xa2,\xd7-\x0c-A-v-\xab\
-\xe1\xff.\x16.L.\x82.\xb7.\xee/$/\
Z/\x91/\xc7/\xfe050l0\xa40\xdb1\
\x121J1\x821\xba1\xf22*2c2\x9b2\
\xd43\x0d3F3\x7f3\xb83\xf14+4e4\
\x9e4\xd85\x135M5\x875\xc25\xfd676\
r6\xae6\xe97$7`7\x9c7\xd78\x148\
P8\x8c8\xc89\x059B9\x7f9\xbc9\xf9:\
6:t:\xb2:\xef;-;k;\xaa;\xe8<\
'<e<\xa4<\xe3=\x22=a=\xa1=\xe0>\
 >`>\xa0>\xe0?!?a?\xa2?\xe2@\
#@d@\xa6@\xe7A)AjA\xacA\xeeB\
0BrB\xb5B\xf7C:C}C\xc0D\x03D\
GD\x8aD\xceE\x12EUE\x9aE\xdeF\x22F\
gF\xabF\xf0G5G{G\xc0H\x05HKH\
\x91H\xd7I\x1dIcI\xa9I\xf0J7J}J\
\xc4K\x0cKSK\x9aK\xe2L*LrL\xbaM\
\x02M\xffJM\x93M\xdcN%NnN\xb7O\x00\
OIO\x93O\xddP'PqP\xbbQ\x06QP\
Q\x9bQ\xe6R1R|R\xc7S\x13S_S\xaa\
S\xf6TBT\x8fT\xdbU(UuU\xc2V\x0f\
V\x5cV\xa9V\xf7WDW\x92W\xe0X/X}\
X\xcbY\x1aYiY\xb8Z\x07ZVZ\xa6Z\xf5\
[E[\x95[\xe5\x5c5\x5c\x86\x5c\xd6]']x\
]\xc9^\x1a^l^\xbd_\x0f_a_\xb3`\x05\
`W`\xaa`\xfcaOa\xa2a\xf5bIb\x9c\
b\xf0cCc\x97c\xebd@d\x94d\xe9e=\
e\x92e\xe7f=f\x92f\xe8g=g\x93g\xe9\
h?h\x96h\xeciCi\x9ai\xf1jHj\x9f\
j\xf7kOk\xa7k\xfflWl\xafm\x08m`\
m\xb9n\x12nkn\xc4o\x1eoxo\xd1p+\
p\x86p\xe0q:q\x95q\xf0rKr\xa6s\x01\
s]s\xb8t\x14tpt\xccu(u\x85u\xe1\
v>\xffv\x9bv\xf8wVw\xb3x\x11xnx\
\xccy*y\x89y\xe7zFz\xa5{\x04{c{\
\xc2|!|\x81|\xe1}A}\xa1~\x01~b~\
\xc2\x7f#\x7f\x84\x7f\xe5\x80G\x80\xa8\x81\x0a\x81k\x81\
\xcd\x820\x82\x92\x82\xf4\x83W\x83\xba\x84\x1d\x84\x80\x84\
\xe3\x85G\x85\xab\x86\x0e\x86r\x86\xd7\x87;\x87\x9f\x88\
\x04\x88i\x88\xce\x893\x89\x99\x89\xfe\x8ad\x8a\xca\x8b\
0\x8b\x96\x8b\xfc\x8cc\x8c\xca\x8d1\x8d\x98\x8d\xff\x8e\
f\x8e\xce\x8f6\x8f\x9e\x90\x06\x90n\x90\xd6\x91?\x91\
\xa8\x92\x11\x92z\x92\xe3\x93M\x93\xb6\x94 \x94\x8a\x94\
\xf4\x95_\x95\xc9\x964\x96\x9f\x97\x0a\x97u\x97\xe0\x98\
L\x98\xb8\x99$\x99\x90\x99\xfc\x9ah\x9a\xd5\x9bB\x9b\
\xaf\x9c\x1c\x9c\x89\x9c\xf7\x9dd\x9d\xd2\x9e@\x9e\xae\x9f\
\x1d\x9f\x8b\x9f\xfa\xa0i\xa0\xd8\xa1G\xa1\xb6\xa2&\xa2\
\x96\xa3\x06\xa3v\xa3\xe6\xa4V\xa4\xc7\xa58\xa5\xa9\xa6\
\x1a\xa6\x8b\xa6\xfd\xa7n\xa7\xe0\xa8R\xa8\xc4\xa97\xa9\
\xa9\xaa\xff\x1c\xaa\x8f\xab\x02\xabu\xab\xe9\xac\x5c\xac\xd0\
\xadD\xad\xb8\xae-\xae\xa1\xaf\x16\xaf\x8b\xb0\x00\xb0u\
\xb0\xea\xb1`\xb1\xd6\xb2K\xb2\xc2\xb38\xb3\xae\xb4%\
\xb4\x9c\xb5\x13\xb5\x8a\xb6\x01\xb6y\xb6\xf0\xb7h\xb7\xe0\
\xb8Y\xb8\xd1\xb9J\xb9\xc2\xba;\xba\xb5\xbb.\xbb\xa7\
\xbc!\xbc\x9b\xbd\x15\xbd\x8f\xbe\x0a\xbe\x84\xbe\xff\xbfz\
\xbf\xf5\xc0p\xc0\xec\xc1g\xc1\xe3\xc2_\xc2\xdb\xc3X\
\xc3\xd4\xc4Q\xc4\xce\xc5K\xc5\xc8\xc6F\xc6\xc3\xc7A\
\xc7\xbf\xc8=\xc8\xbc\xc9:\xc9\xb9\xca8\xca\xb7\xcb6\
\xcb\xb6\xcc5\xcc\xb5\xcd5\xcd\xb5\xce6\xce\xb6\xcf7\
\xcf\xb8\xd09\xd0\xba\xd1<\xd1\xbe\xd2?\xd2\xc1\xd3D\
\xd3\xc6\xd4I\xd4\xcb\xd5N\xd5\xd1\xd6U\xd6\xd8\xd7\x5c\
\xd7\xe0\xd8d\xd8\xe8\xd9l\xd9\xf1\xdav\xda\xfb\xdb\x80\
\xdc\x05\xdc\x8a\xdd\x10\xdd\x96\xde\x1c\xde\xa2\xdf)\xdf\xaf\
\xe06\xe0\xbd\xe1D\xe1\xcc\xe2S\xe2\xdb\xe3c\xe3\xeb\
\xe4s\xe4\xfc\xe5\x84\xe6\x0d\xe6\x96\xe7\x1f\xe7\xa9\xe82\
\xe8\xbcT\xe9F\xe9\xd0\xea[\xea\xe5\xebp\xeb\xfb\xec\
\x86\xed\x11\xed\x9c\xee(\xee\xb4\xef@\xef\xcc\xf0X\xf0\
\xe5\xf1r\xf1\xff\xf2\x8c\xf3\x19\xf3\xa7\xf44\xf4\xc2\xf5\
P\xf5\xde\xf6m\xf6\xfb\xf7\x8a\xf8\x19\xf8\xa8\xf98\xf9\
\xc7\xfaW\xfa\xe7\xfbw\xfc\x07\xfc\x98\xfd)\xfd\xba\xfe\
K\xfe\xdc\xffm\xff\xff\x00,\x00\x00\x00\x00,\x01,\
\x01\x87\x00\x00\x00\x01\x01\x01\x02\x02\x02\x03\x03\x03\x04\x04\
\x04\x05\x05\x05\x06\x06\x06\x07\x07\x07\x08\x08\x08\x09\x09\x09\
\x0a\x0a\x0a\x0b\x0b\x0b\x0c\x0c\x0c\x0d\x0d\x0d\x0e\x0e\x0e\x0f\
\x0f\x0f\x10\x10\x10\x11\x11\x11\x12\x12\x12\x13\x13\x13\x14\x14\
\x14\x15\x15\x15\x16\x16\x16\x17\x17\x17\x18\x18\x18\x19\x19\x19\
\x1a\x1a\x1a\x1b\x1b\x1b\x1c\x1c\x1c\x1d\x1d\x1d\x1e\x1e\x1e\x1f\
\x1f\x1f   !!!\x22\x22\x22###$$\
$%%%&&&'''((()))\
***+++,,,---.../\
//00011122233344\
4555666777888999\
:::;;;<<<===>>>?\
??@@@AAABBBCCCDD\
DEEEFFFGGGHHHIII\
JJJKKKLLLMMMNNNO\
OOPPPQQQRRRSSSTT\
TUUUVVVWWWXXXYYY\
ZZZ[[[\x5c\x5c\x5c]]]^^^_\
__```aaabbbcccdd\
deeefffggghhhiii\
jjjkkklllmmmnnno\
oopppqqqrrrssstt\
tuuuvvvwwwxxxyyy\
zzz{{{|||}}}~~~\x7f\
\x7f\x7f\x80\x80\x80\x81\x81\x81\x82\x82\x82\x83\x83\x83\x84\x84\
\x84\x85\x85\x85\x86\x86\x86\x87\x87\x87\x88\x88\x88\x89\x89\x89\
\x8a\x8a\x8a\x8b\x8b\x8b\x8c\x8c\x8c\x8d\x8d\x8d\x8e\x8e\x8e\x8f\
\x8f\x8f\x90\x90\x90\x91\x91\x91\x92\x92\x92\x93\x93\x93\x94\x94\
\x94\x95\x95\x95\x96\x96\x96\x97\x97\x97\x98\x98\x98\x99\x99\x99\
\x9a\x9a\x9a\x9b\x9b\x9b\x9c\x9c\x9c\x9d\x9d\x9d\x9e\x9e\x9e\x9f\
\x9f\x9f\xa0\xa0\xa0\xa1\xa1\xa1\xa2\xa2\xa2\xa3\xa3\xa3\xa4\xa4\
\xa4\xa5\xa5\xa5\xa6\xa6\xa6\xa7\xa7\xa7\xa8\xa8\xa8\xa9\xa9\xa9\
\xaa\xaa\xaa\xab\xab\xab\xac\xac\xac\xad\xad\xad\xae\xae\xae\xaf\
\xaf\xaf\xb0\xb0\xb0\xb1\xb1\xb1\xb2\xb2\xb2\xb3\xb3\xb3\xb4\xb4\
\xb4\xb5\xb5\xb5\xb6\xb6\xb6\xb7\xb7\xb7\xb8\xb8\xb8\xb9\xb9\xb9\
\xba\xba\xba\xbb\xbb\xbb\xbc\xbc\xbc\xbd\xbd\xbd\xbe\xbe\xbe\xbf\
\xbf\xbf\xc0\xc0\xc0\xc1\xc1\xc1\xc2\xc2\xc2\xc3\xc3\xc3\xc4\xc4\
\xc4\xc5\xc5\xc5\xc6\xc6\xc6\xc7\xc7\xc7\xc8\xc8\xc8\xc9\xc9\xc9\
\xca\xca\xca\xcb\xcb\xcb\xcc\xcc\xcc\xcd\xcd\xcd\xce\xce\xce\xcf\
\xcf\xcf\xd0\xd0\xd0\xd1\xd1\xd1\xd2\xd2\xd2\xd3\xd3\xd3\xd4\xd4\
\xd4\xd5\xd5\xd5\xd6\xd6\xd6\xd7\xd7\xd7\xd8\xd8\xd8\xd9\xd9\xd9\
\xda\xda\xda\xdb\xdb\xdb\xdc\xdc\xdc\xdd\xdd\xdd\xde\xde\xde\xdf\
\xdf\xdf\xe0\xe0\xe0\xe1\xe1\xe1\xe2\xe2\xe2\xe3\xe3\xe3\xe4\xe4\
\xe4\xe5\xe5\xe5\xe6\xe6\xe6\xe7\xe7\xe7\xe8\xe8\xe8\xe9\xe9\xe9\
\xea\xea\xea\xeb\xeb\xeb\xec\xec\xec\xed\xed\xed\xee\xee\xee\xef\
\xef\xef\xf0\xf0\xf0\xf1\xf1\xf1\xf2\xf2\xf2\xf3\xf3\xf3\xf4\xf4\
\xf4\xf5\xf5\xf5\xf6\xf6\xf6\xf7\xf7\xf7\xf8\xf8\xf8\xf9\xf9\xf9\
\xfa\xfa\xfa\xfb\xfb\xfb\xfc\xfc\xfc\xfd\xfd\xfd\xfe\xfe\xfe\xff\
\xff\xff\x08\xfe\x00\x01\x08\x1cH\xb0\xa0\xc1\x83\x08\x13*\
\x5c\xc8\xb0\xa1\xc3\x87\x10#J\x9cH\xb1\xa2\xc5\x8b\x18\
3j\xdc\xc8\xb1\xa3\xc7\x8f C\x8a\x1cI\xb2\xa4\xc9\
\x93(S\xaa\x5c\xc9\xb2\xa5\xcb\x970c\xca\x9cI\xb3\
\xa6\xcd\x9b8s\xea\xdc\xc9\xb3\xa7\xcf\x9f@\x83\x0a\x1d\
J\xb4\xa8Q\x9b\x01\x08&=\xca\xb4\xa9S\x81K\x97\
:\x8c\x0a\x80\xea\xd3\xabXgJ\xad:p+W\xaf\
Y\xc3\x8a\xf5\x98\xb4,\xc2\xadf\x0f\x82\x1d\xcb\xb6\xed\
\xc3\xb5\x03\x15\x08l\x90a\x02\x01\x0c\x03\x004\x10\x98\
\xd7\xad\xdf\xbf\x1b'\x88\xb8\xe1b\x04\x11&G\x8cD\
q2\xc3\x88\x8e\x0f06$0\x00\x17\xb0e\xc0Q\
\x05\x00\xa0<\x82\x86\x96.`\xba\x98\xb1cf\x0c\x9c\
7d\xd2\xcc\xf1\x02\x06\x0d\x93+(N$\x00\xa0\xf9\
\xb2\xed\xcb\x01\x0aP\xd0p\xe3\x08\x1a5o\xcc\xa0q\
\xa3Fx\x9a3f\xd2\xa41\xa3\xa6M\x196o\xb8\
\xa8\xd9!D\x02\x85\xca\xb7\xb3\x0b\x85\x1b\x80\x05\x91.\
n\xe2\xfe\xb41#\x9c\xbc\xf9\xf3\xe8\xc9\xb39\xc3f\
M\x94(\x1cfK\xc5\xae\xbd\xbe\xd6\xae\x05\x0f\x8c\xf8\
\xa1\x06\xba\x9a2e\xa4'\xe0\x80h\xa0\x01\x07\x803\
\x90P\x10Z\xf65\x88\x14T\x00 \xf0\xc1\x12[\xb8\
q r\x03f\x98^\x80\xea\x99A\xc5\x0e\x06\x1c`\
\x15~\xf49h\xa2I\x03d@\xc3\x15l\x94q\x06\
\x87\x1cj\x98a\x80\x1c\x22W\x1c\x1cC\xb0 \x1f~\
'\xf6\xa8\x12UIa\xf0\x1drh\x98\x17\xa3\x8c\x1a\
b\x18\xe0\x19E\xc2\x81\x05\x0fr)\x05\xa1\x8fT\x96\
\x94\xd4\x00\x1d\x08!\x86\x1bh\xbc\x88!\x92`\x9a\x11\
c\x8cktA\xc4^\x5c\xa5Y\xe5\x9a\x1f\xa5e\xc2\
\x145\xba\x18&\x98K\x0e\xa8\x86\x18I00%\x9b\
|\x86\x14\x02\x14d\xa8\xf1\xe5\x9cH\x1ey\xde\x8b\xe4\
\xa5Q\xc6\x13h\xf6\xe9(Ep\x15\x90B\x16\xca\x11\
j)\x92L\xa2q\x85\x9e\x8fv\xfaVB\x1cT\x91\
F\x91\x97\x96\x9a\xe1\x19\xec=1\x9b\xa7\xac24_\
U\xfe\x0d\x10\x91\xda\xa0\xa6\xd6z(\x1a:\x100b\
\xab\xbc\xaa%\x03\x19\xb6\x06;\xe0\x19]\x8c\x10@\x89\
\xbd\xb2\x09\xd6\x08_\xb4A\xaa\xa1\xc2\xd6\xaaF\x14\x0b\
\xec\x99\xec\xb5\x0bH!h\x9d\xd1\x06\xeb\xe2sE\xa8\
y\xed\xa3\x0c\x1e\x10\xc4\x1ab\x9a\x81h\xb7\xb6\xae\xdb\
\x06\x0b\xc8\x8e\xcbf\x08h\xa0\xcb\xee\xbd\xe6u\x81@\
\xbc\xf2\x9aX\x96\x01C\xacA+\xbe\xd1\xa2\xb1B\xbf\
\xbdn\x90\xc5\xc0\x04\x97z$\x1aX\x14\x800\xb9\x5c\
\xcd@\x06\xb4\x0d\x9b\x8a\x1c\xa2\x1cL\xdc\xa7T\x0dd\
Q\x5c\xc6\xde\x9a\xb7\xb1\x12\x1e\x93;C\x1c]\x92\x1c\
m\x8dfT n\xca'&u\x00\x15\xf6\xbal\xeb\
\xb7\xc8\x95\x91\x06\x0f4\xf3\x99\x01\xb0:\x0b\xfb\xed\xb7\
Z0\x18t\x83I\x910\x06\xc3E\x9b*g\x01i\
-\x1d\x13XU\x1bT\x22\xbf\x01\xd0\xf0m\xd4\xec\xaa\
\x91\xc1E\xfcJ\xc9c\xbf[\x13\xd4\x97\x01|\x01i\
\xd5Z%\x0eP\xc4\xba`G\x9b\x86\x0ce\xabu\x90\
\xfe\x04\x08D(W\x00}\x7fe\xf6\xb8o/8P\
\x02\x17h0\x01\x05&\x8cp\xc1\x080L\x90A\x04\
\x00p\xea\x95\xd2\x0a%E\x00\x15P\xd7]\xea\x19L\
H\xf4\xaa@\x0f\x8c\xb0\x00\x072l\xa1\x86\x11V\xb8\
\x11\xc4\x0e_\xd8\x90\x82\x0b\x95[\xbd\x96\x00\x02\x18\x90\
\xe2\x09;\x00A]\x13L\x08\x91\x84\x14K\x10\xa1\x84\
\x0d3\xe4\xb0A\x09\x93a\x14\x81\x18\x9e\xdf\xbb\x05\x01\
\x83\xeb-\xae\x09\xad\xd3a\x86%\xad\xccb\x8a*\xc4\
\xb8\xe2\x89-\xafL\xd2J _la\x01\x0c\x86\xe7\
]\xe5|\x06Tp\x01\x0b70\x11\xc5\x13L<q\
\x05\x14LH1\x85\x13N\xa0\x82\x13\x9e`\x85%0\
\x01\x0a4\xb0\x81\x03&0\xb3\x06\x9aM\x04\xe3\x89^\
\xb7\xc6\xf0\x00\x88\x1cK \x1b\xb0\x81\x1e&Q\x0bT\
\xb8\xc2\x17\xcb\xc0\xc5,t\xf1\x8bY\xdc\x22\x18\xb7\xa0\
\xc50|\x11\x0bb\x80b\x13\x8e\xa0\xc2\x15\x04P-\
\x07\xf2\xea_\x0f \xc1\x0e\x88 \x85*H\x81\x09\xfe\
\x00|\x82\x13\x9a0\xc4&\x10\xd1\x88A\x94\x82\x13\xa4\
\xd0\x04!\xe8\xc0\x032\xa3\xcd\xa7R\x10A\x09\x1a\xed\
\x02g[\x08\x0c\x9c\x80\x09Q\x10c\x16\xb4\xc8\x05/\
l\x11\x0bZ\xd0b\x16\xb3\x90\x85,\xd0xF\x13\x8e\
\x90\x18\xaf(\xc6(\x08q\x03\x13\xb8\x8fO\x08P\x01\
\x0e\x9e \x05*\xe0\xcf\x88Fd\x02\x13\x00IH@\
\x0e\x12\x89SP\x82\x14tP\x83\x04P\x0d\x22+`\
\x03y:gE0\x91al[;\x80\x09\xd8`\x8a\
Y|Q\x16\xb7`\xa3(\xd3\x88\xc6R\x9aq\x8dh\
\xbc\x85-l\x81\x0cJ<B\x06\x1e\x90WR(0\
\x02 @a\x0aS(\xe4\x11\x898\xc8\x22\xf6\xf2\x90\
\xbbl\x02\x14\x9e\x10\x85)\xe8@\x04\x0e\xb0VB\x22\
I\xc9JZR\x03\xca,\x08\x01\xfed\x08`\xf0B\
\x16\xb4\xb0E)\xb7\xc9M4\xae\xf1\x8cm\xf4\xe6\x19\
\x81\x01\x8bZ\xac\x01\x0b\xd7\x02\x9c\x09\x8e\xb0\x84\xfd\xe9\
\xf2\x9d\xf0\x8c\xa7\x11\xab \x84\x1c\x5c'![\xfe\x89\
\xa4\xba\x9cY\xabK\xe2s \x1b\x88\xc3&JY\x8b\
n\x1a\xf4\xa0\xdc\xc4\xa6,p\xc1\x8bY\xc4\x82\x0d\x0e\
`\x9b\x9a\xb2V\x9f\xa8\x94e\x00)pB.\x8b(\
\xcf\x8e\xcas\x89J`\x02\x07 P=\x82\xb8@\x92\
\xfc\xec\xe7\xd8\x142\x81\x1b$\x22\x16\xbc\xe0\x05-P\
\x89\xd0\x9a\x1a\x14\x9bh\xc4\x85,\x8e\x81\x87\x13(\x80\
;\x0e\xba`U\x22\xb0\x02%\x10\xd1\x09\xc0\xf4\xa8R\
\xdfI\xcc&\xc0\xa0\x02\xf4qA\x15Sj)\x00a\
\x92G\xb9A\x01'\x9d\xe1\x0boz\xd5\xa6`\xa5\xa9\
)iQ\x8cB\x08\xa1\x82i\x12jE\xd5t\x80\x0e\
\xd0@\x0aV\xe0\xe8R\xe7\xaa\xcbA>\xa1\x098`\
\xa0\xd6\x06\xd2\x02\x94R\xf5R\xfel`\x0a\xfa\x10\x0b\
\x11\xc6\xa2\x94b\x05\xabb\xc1\x98\xc66\x06C\x12_\
\x88\x22\x9b\x0a\x00\x02 \x00\x12\x80\xc0\xa3\xabf\x0by\
\xd7\xbc*3)&X\x03\xc6\xfe*#1X\x00!\
)\xa8\x03+xQ\x8bo&v\xb16E\xfe%N\
\xbd\xe9\x8bO\xecA\x02p\xd3NY\x02\xe0\x01\x1f<\
\x01\x0a\xbcD\xaa\x5c7\xebQ \x0eq\x80x\xa5@\
B(\x903\xd2\x86\x09\x0d_\x88\x12A\x0c\xb0\x02=\
\xc4\x22\x17\xb6x-l\x17+[n\xea\xc2\x15oh\
T\x8f\x04 \x81\x1f\xfc\xf6\xb2\xbc$\xee\x5c\x87\x08\xc4\
A\x02\xf7\x06\x92\xad\xcaR\x08\x00\x06\xe7\x12j\x0dO\
\xd0\x1a\x0a\xec\x00\x0b[\xd0\xe2\xb0\x8c\x95m8\xb7k\
\xd3\x01\x83\xf1\x16\xa7\xb0\xc2\xaalh\x9b\x07\xdc\x00\xb3\
\xea\x8d\xb0!\x01yW\x1b\xa0\x15?\x02h\x82}\xe7\
\xd4\x86\x1b\x18\x04\x02t`E/BIJ\xc42\x96\
\xc0\xdb\x15\xab.6\xb1\x03\x89\xf9\x8b\x00-\x80\x02\x13\
\x93*\xe1\x1a\xdf\x15\x06\xa3\x03\x80\x0e6<,#\x99\
\xc1\x0d\x1d+H\x14\xcaXb\x14\x1b\xb9\xa6\xb4\xd8\x85\
#DpG\xa3T\xc6\x04FEj\x8d\xa7\x8c\xc4\x01\
:\x01\x9a\x06\x19\xc1h\x9dK+4\x94A\xba\x02q\
\x01)\x86QPS\x1e\xf9\xcc\x09\xa5\xc5\xfe/\x06Q\
\xc3h\xfeE\x00#\xe8!\x10\xa9Lg#B\xa1\x08\
m\x1e\x88\x03\x9aIU\x1a\xf5,\x0dQH\x8b\x03\xf0\
\x80\xddo\xa2\xf9\xcc\x03\x0e\xa70\xe2 \xb8\xec8\xa0\
\x07Sho\x9dk\xcc^\x22\xbe\xa0/\x5c\x19\x00\x15\
x|\xa81\xbdH\x07\x05I\xc2)\xfe\x1bN\x03\x1f\
\x1a\xd1\xb3\xd8E\x0bnC\x95\x0e$\x81\x90R\x9e\xb4\
z\x0f\xf9\x84#\x9cv>. \x15\xa7Mf\x9e/\
\x84 *$\xb0\x84.NM\xec\x83\xae\xd1\x0f\x0cf\
KR\x10\xc0\x83\xbb\x0eW\xd6\x9bM\xea\x13\x80P\x9b\
\x81,\xa0\xbe\xbb>\x14s\x9c\x10\xa5\x00,\x80\x0e\xc2\
\x18v\x91g[\xecC\xd3\xe2\x05\xda\x11\x80\x08\xfc\x88\
DhGX\xaeK\x8ceA|\x90\xed\xf3\x94\xa1^\
\x07\x1b\xc8\x0bH\x91\xdd\xd9j\xb7\xdc\x08\xfdw*\x15\
q\x00\xcbHe\x01?\x88B\xbb\xddMe \x02\xad\
 \x14\xe03?9\xd4\x06*\xe4\x99\x0aj\x048\x9a\
i:`l\xb6\x82}M6\x0a\x09\xfe\x9e\xcdp:\
\x93\xb4 F\xd0\xf5\x86Q\xa5\xae2\xb0\x80 \x0c\x88\
D.4NsR\xde\xe2\x10!\x1f\xca\x95lPr\
\x86\xb7\xc0+\x1a8\x94\xc4\xc1\xf65)Pn ;\
\xe0\x05\x89k^\xee6\xee\x02\x04\x06\x07\x80\x03\x8c\xda\
sh\x1b\x01\xd3\xc7\x12\x80\x12\xc6\x83\xa1\xa1\xeb\xec[\
m\x80\xc3\x0d0\xad\x80=\x00\xc3\xd4L?46m\
q\x05\xdb\x80\x80\x89U\x97\xf5\x13\xe2+\x10\x05t\xa1\
\xb9[\xf6\xdc\xbd\xd5p\x04N\x09D\x05\xa4Xz\xda\
\x89\x8d\xd3Z8\xc2pm\xc1\x81\xc2\xe3.k\x1a\x1c\
\xe4\x03\xadI\x97\xd7]\x86*(@`\xb7\x01\x80B\
+Z;x\x9a\xb3\x02\xccm\x09\xc0\x01\x96pW\xc6\
O\x1a\x09\xd4+\xc8\x00n\xf0\xb4\x96\xff5\x0d[H\
\xc1V\x06\xe0\x06S\x0a\xbc\xf3am\xe3\x1as\xe1x\
\xc0d\x00\x0a$7}\x84\x95`9\x82<\xe0\x09r\
\xfa+\x1b\xdc\xd0\x03\xbf\x0b\xc4\x00\x86(3\xeeO\xad\
P\x13\xb2!\xe7AaA\xe9\x85\xfeO\xe7%Hv\
+\x1b \x03\xcb\xa9\xcaw\xcam%\x01\x9c@\xfb\xf4\
Q<\xd3Rj\xe2\x91n\x19\x80\x0e\xb8/\xeb\x10D\
\xb3\x04b\xd2\xf5\xd7\xbaEI\xe4\xa4A\x0eSpa\
\x04a\x01\xad\xa0~\xebwd\xb2\xe0\x0a\x12\xf0\x17\x05\
\xd0\x03\xf4WgO\xe0\x02\x973\x10&\xe0\x05\xa9\x91\
|\xe4\x01 \xda\xd6-\xc9\x97\x06mp\x05\x1ePm\
i\x12\x03\xc36S\x06x\x80\xb0\xf5_\xc6\xe2\x17\x06\
`Y\x0fHeN\xb0\x03\x9f%\x10\x22`\x05c\xb0\
\x1c\x86\x92w\x85\xb2\x81\xe6\x81\x06i\x10\x06B\x90g\
\x05\xd1\x04\xc0pb(\x88b\x89\x05\x0b\xf9\xe6\x16\x07\
0\x04/\x08\x83F\x805i\xe2\x01O \x06xG\
+:\xb8!\xe9\x81!\xbf\xb1\x06F\x80[\x0e$\x07\
]u\x84Ffj\xb0 \x03\x7f\x81\x00D\xf0\x84S\
\xe6\x04I0\x81\x05\xb1\x01K\xd0\x05o\xf0%.\x82\
(tS+.\xf2\x06op\x05<pt\x09a\x08\
\xbb\xd0~dxh\xb1 \x83\xfen\xf6\x14\x0aP\x04\
lHiF \x00p\x08!\x17\x10\x03Z\xa0\x06\xa2\
\xd50h\xb0\x1ex\xc2\x02\x81\xb3+\x02\x01\x08\xb9`\
\x82\x85\x88f\xb1\x10.%\xf5\x14\x0dp\x04\x8d(a\
O@\x04\x22\x88xU\xb1\x00\x10\xe0\x04U\x10\x1c]\
7I\x962(\xc81\x06Y\xb0\x03\x17\xf0S\xc9v\
\x073G\x88\xa3\xb8]\xba'\x05\x7f\xf1\x00\xaf\xb6\x8a\
\xea\xe5\x04?`=\x86\xb3\x00*\x00\x04nP\x06k\
\xb0\x1c\x93w+\xc2\x11\x07c\x10\x04' \x80\xd0\x98\
\x063W\x8c\x1bW\x05j5\x16\x0a\x10R\xc1\xc4\x8c\
J\x05@9\x90\x88\x07Q\x00\x06`\x03R \x06b\
\x00\x07L20_\xd23/\xe2\x838(\x07_P\
\x05' ^\xae\x92\x05\xbb\xf0U\xe4\x98b\xb1\xb0\x04\
\xe7(\x16\x04P\x04\xc1\xc7\x8e\xf2\xf4\x04\x1e\xd6\x10\x0c\
\x12\x02\x19\x80\x04I \x06\xc5\xf1\x06\xc7\xb1\x06^\xd6\
%\xa8R)i\xf0\x06^\x06\x06e\xe0\x04D\xe0\x01\
'\x17\x11K\xd0P\xe2\x94\xfe\x90H6V\xb0\xf0\x8e\
\xa7\xd8\x14I\xc1\x03\x0b'\x91J\x05\x053p\x11\x10\
P\x007\xd0\x02]p\x05_\x10\x07aP\x06\xa4a\
 p\x90\x94s@\x06Z@\x05P\xd0\x03-\xd0\x92\
\x13\x01\x04\xd74J2\x19[`\xd4\x0aP\xf7\x172\
\xb0\x8e<\xd9QN\xb0\x84\x0b\x91ci\xd5\x01\x17\xa0\
\x033\xb0\x02\x88Q\x04]\x00\x05C\xf0\x03J\xd0\x03\
\x1f\xa0\x02&\x90\x01l\x93s.\xd0P\x0au\x822\
IS\xb80\x0a\xce\xd7\x16%\x10\x91c\xa9KK \
oS1%#\x221\x07\xe0\x00\x02\x80\x01\x1b@\x00\
\x0f0\x01\x7f\x138f\x937\x14\xc0M\x80I\x8e\xd5\
7B\x8e\xf0\x8aa\xb1\x14\x17\xb0}\x89\xd9QG\xb0\
\x80\x8d\x19\x11\x9e\x08\x8b\x12Q\x00\x99\xb0F\xe4\xb6\x95\
\xddDn\xbd \x07$\xc2\x16\x0c D\xa9I\x96>\
\xb0`gy\x93\xed\x93ld\x83\x06&f\x9b\xb7\xd9\
Z\xe0T\x0cV`\x19\x02\xa0\x8a\xbf)OP\x807\
\x90r\x16\xafy\x16Y\xfe\xe4\x101`FF\xa8\x9c\
fVJ\xd9\xf5\x95\xc4\xe9\x14.0\x5c4\x96\x9aR\
\x00\x02\xd8\x07\x13\x0d\x80\x0aE\x06\x9e\xb6WJ\xb7\xf0\
\x07\xb6\x01\x01\xa57H\xe9\xb9\x8a4\x06\x5cB\xb8\x1d\
\x02\xc0\x08\xda$\x9fi\xd6X\xaf\x90_\xb6\xe1\x03\xc0\
\x83T\x92\xb6\x9f\x0f\xf8G\x804\x95Nq\x05\xd2G\
\xa0\x88\x85M\xb4\xa0\x09#\xe0\x17^\xf1'R&\x5c\
<)H\x0c\x0a<\x8cy\x14\x1a\xe0\x0a\xb7\x17\x98\xe0\
\xf4\x0b\x81\xf0\x9f\xa1\x17!H \x96<\xc9Q1\xe8\
b\xdb\xf9\x13\x01 \x060i\xa1\xdbd\x0b\xbb@m\
\xac&\x03\xb1\xe6\x04K\x90\x98\xc0\xc4d\xed\xe9\x12f\
!\x01\xa0\xc0\xa3\xdc4\x0c\x9b\xe0\xa2n\x91\x14\x10\xb0\
\x18\x81\x04a3Z\x05C\xb0\x00h9\x14\x02\xc0\x05\
\xbd\xe0\xa4\xa4\xf4\x0aG@Q\x80\xc1\x02\x8b7\x9d\x00\
\xd4\x01Y\xe1\x00\xa7 x\xf2y\x0b\xba\x90\x07\x9a\x99\
\x1d\x07\xc0\x03\x1c\xe5\xa0=\x17\x91EJ\x03\x98v\x15\
\x5c\xf0\x0a\xde\xd9X\xfe\xa3\xf8Z\xbb\x10\x0a8\x90\xa4\
&\x8a\x98U\x17|\x83\xf4C\x1fp\x15Ra\x01\x9d\
0\xa83\x95\xa24GS\xb4iB\xbb\xf0\x05\xab\xa2\
\xa8D\x11\x000@\x05l\x88Y4\x16\x05V\x00\x03\
\x94\xe1\x14Us\x03\xb30\xa0\x18J\x8e\xedg\x0b\x82\
\xe0\x00\xa0z\x14\xe62c/\xd8K\x81\x94?K\x80\
7\xb7\xaa\xa4\x07a\x04\xbdPP\x9fYs\xa56\x0b\
\xb8@\x0c\xa3P\x91A\x05\x00\x1b0\x04i\xca\xa8%\
7DR\x10\x057\x90L\x92z\x10_\xa0\x0b\xb5 \
\x8a(\xe8o&D\x0aYPC\xd9i\x19\x94%\x04\
\xb9\xa4\xa7\x0cw\x5c\x995\x95+\x05\x8f@\xf1*6\
\x03\x07\xde\x8a\xa9\x83w\x0b\xbfp\x0a[\x10Ef\x1a\
u\xc7r\x00  \x04J\xb4\x93\xc2\xf7\x1eEP\x99\
b\x01\x16\x1b\x10\x08\xba\xa0M\xf8\x0ap&\xb8\xaf\x5c\
\xb0\x01i\xd5#\x02K\xb0\xb1\xc6x\x87\x04\x05Q\xc0\
\x03%`\xa3\xf2\xba\x1d\xe2\x12\x03y0F\x85H\x0b\
\x83\xb9\x05\xaci\xfe\x9cv\x0a\x02C\x90K\x84$i\
\x81\x84^\x1e%W4fWM\xc0\x03\x18 \x22\xb8\
q\x02e\xe0\x0b\xb6P\xa11\x89\x90Hhf\xb4\xa0\
\x0b\xc9`\x0a]\x80\x01\xa4\xd9#6\x13\x02?\x10W\
\x85Ti\x85\xa4\xa7\xc3\xe5\xaeG\x95?T`\x054\
p\x01\xba\x82\x19\x04Q\xa5\xbe\x00J\xf1y\x9b\x056\
ng\xa4P\xb2\x90\x0b\xdf:\x09X0\x01\xc1\xba\xad\
\x5cq\x00\x12\x80\x03\x07\x94\xa7GD\xad\x13&O?\
\xa4\x04(\x00z\x1cj\x10I\x90\x0a\xad\xd0\x0bk\xab\
\x95\x86&V\xa6\xd6\xb8\x19\x97F\x91\xa0\x03\x13\xa0\x19\
s\xcb\x14\xb9\xf5\x02<`\xa5\x00tH \xda\xabJ\
5g\x98\xe5\x04J`\x04*\xd0#<\xe0\x08\xa20\
\x0c\xb9\x10\x9aZIJ\x8d[\xb4\xe2D\x0c\xc3\x80\x09\
n\x10\x03\x12U\xb9\x96{6K\xa1\x01,\x10i\x05\
{\xa5t\xb5\xb95\xeb\x04Q\x90\x040\xf0\x01\x09p\
\xae\xca&.0p\x04\x99\x90\x0a\xc1\xe0F\xdb\x94\xac\
\xddUdk\xfe{X\xb9P\x0c#F\x079 \xa5\
\x9e\x22z\x1f0\x04E cM\x80\x9a\x99u\xbe5\
\x0bORp\x05D\xa0\x03\x1c\xa0\x99\x0d9\xb8`\xd1\
\x00\x13\x90\x06v`\x0c\xb0\xe0\x0b\xb7 \x0b\xc6z{\
\xc4\xb8F\xc2@\x0c\xbf\x00\x0a\x81`\x05\x05\xd7h\xb8\
[\x14\x16\x05\x9b\x19p\x01<\xb0\x03T\xd0?\xc0\xe5\
\xae\xbczD\x82T\xbe\x8b'\x95J@\x03\x16 \xb8\
\xba\x85\x10\x0c`\x01a\xc0\x08\xb0\xf0\x0a\xca\xa0\xb2\xb8\
\xe0\x9d\x86\xf6U\xb6\x10J\xac\xd4\x0b\xba\x90\x08s\xa0\
\x03,\x00\x88{\x05\xb5\xd0\xd8\x15\x08P\x01)\xa0\x03\
I\x80\x04X DS D\x8bq@\xc0\xf7\x04S\
@\xaaH\xa0\x92CP\x02\x16+%\x09<\xaf\x06\x91\
\x176\x80\x03\x85 \x08\xa4\xc0\x0b\xab@\x0c\xac\x15\x0c\
2\xb5\x0b\xac\xa5\xaf\xc3 \x0b\xaf\xb0\x0c\xbd\x80\x0av\
\xe0\x05%\x00\x02\x09\xf0\xa7\x83;\x11KQ\x1b%B\
=\x15@\x011p\x033\xe0\x04@\x80\x04TP\xa4\
R \x05\xfeE\xa0\x04W`\x04>\x90\x031\xe0\x02\
\x17\x90gQ\x1c\x16\x1ep\x00V \x04\x82\xe0\x08\x91\
\x10\x0c\xab\xa0\x09\xbb\xe0\x0b\xa3p\x0b\xcb\x10\x0a\x8e\xc0\
\x09\x8dP\x08L\xb0\x03\x1b0\x01\x22\xab5\x1f`\xb1\
&\xf0\x87\x15\xf0\x033p\x00*PA}\x937\xf1\
{\x13\x17T\x00\x97\xb9\x00\x12`\x01\x0e\xb0\x00\x17 \
\x01\x06\xf0\x00\xd4\xf3\xa7i\x91\x14\x5c\x1a\x01\x1a\xe0\x00\
+\x80\x02.\x90\x03-`\x02(\xb0\x02' ?\x16\
`\xae\x08\x13\x00&\xa0\x00CP\x051\x00'I@\
\x06t\xd0\x056p\x03C\x10\x02TS\x00y\xe1\x15\
\x81c\x016\xc8\x07\x82 \x09\xd0\xa0\x0a\x8a \x0c\xcd\
\xa0\x09\xa5 \x0cg@\x07L`\x01\xa0\x06\x9b\xe5I\
\x13\xa2g\x00\x0a\xb0\x00\x1f@\x02\xc9\x9c\x027\x00\x03\
'\x10\x035\x90\x02)\xf0\x02\x1b \x02\x12\xa0\x00\x15\
\x94z@\xf2\x15y\xd1\x00\xd52\x00\x08\xd0\x17X\xd7\
\xcfk\x82\x16\xa9\xa7\xad\x19\x90\x17\x03PpYS\x16\
\xfb\x92\xfe\x03<0\x09\xa7\xe0\x0d\xc7\x00\x0d\xf1\xf0\x0f\
\xf6\x10\x0e\xf6\xf0\x0f\xe4\xc0\x0e\xff\xa0\x0e4]\x0b\xc0\
 \x0bq\xe0\x06\x05 3f\xaa\xbcV\xa27\x010\
\x00\x0a\xe0\x00\x1c\xe0\x01,\x00\x03:\x10\x032P\x03\
7`\x032p\x037 \x03\xe1<\x03V\x9d\x020\
`\x02\x1c`\x01\x05 \xc7\xfc|\x93]\xfa\xbd\x8e\x09\
TB\x95\x17\x04p\x04k`\x0c\xd9\xf0\x0f\xe8`\x0e\
\xef \x0f\xf0`\x0e\xe6\xc0\x0e\xe7P\x0e\xe9\x90\x0e\xe6\
\x90\x0e\xf1p\x0e\xf3\xa0\x0f\xde\xa0\x0f\xd0\xc0\x0ag\xb0\
\x03uz\xc3/\x01\x16\x05\x90\x00\x10\xf0\x01(\x10\xd5\
\x8c4\x035@\x0340\x03\x98\x9d\xd93`\xd94\
P\xd5\x07\xad\x03+\xa0\x02\x11\x00\x8e%E\x1f\x8b\xbc\
\xb0\xda\x09\x15\x91\x08\x00k\xe9\x08\xc9\x10\xd3\xf0\x80\x0e\
{\xcd\xd7\xe5p\x0ev}\xdb\xb8m\x0e\xb6\xdd\x0e\xea\
\xa0\x0e\xffp\x0c\xe0\xa0.\x00\x00zfq\xda\x16)\
\x10\x04p\x00\x17\xf0\x01+\xa0\xd58p\xd9\x9b-\x03\
\x99\xfe-\x03\x97-\xdd\xd0\xbd\xd93\x10\xd5\x94}\x03\
,\xc0\x02\x15@\xda\xffj;{\x22\x85\x04\xa1\x01C\
\xd0\x0a\xc5\xe0\x0f\xf8\xb0\x0e\xba]\x0evm\xdb\xb6}\
\xdb\xf1\xad\xdb\xb9\xed\xde\xe6@\x0f\xef`\x0e\xd7\x00\x09\
=\xa0W\xc3|5\xc8m\x01!\x00\x034\x90\x03\x95\
\x8d\xd9\xd2-\xdd\xd9\xad\xd9\x9a\x0d\xdd\xd7\xdd\xd9T}\
\x03%\x10\xa9\x88G\xd4\xc6=\x16\x95a\xa6\x0fp\x04\
\x8f@\x0e\xfe\xe0\x0e\xe8`\xdb\xf6M\xdf$n\x0e#\
n\xd7\xf6-\xe2y]\x0e\xe8\x90\xdf\xff\x00\x0b|\xf0\
\xc4\x17\x1e\x11\x0b\x00\x02,\x80\x039`\xd9\x0a\x9e\xd9\
\xd5\xcd\xe0\x9a\xbd\xe3\x0d\xbe\xd94P\x035@\x02\x08\
\x10\xb6V\x93\xc3\xa9M\x10\x0bp\x06\xb6 \x0e\xec`\
\x0e\xeaP\x0e\xee}\xe2\xb8=\xdf\xef\x8d\xdb\xee\x9d\xd7\
\xb8\x1d\xd7\xf5\xf0\x0c\xb1 \x02\xc2l\x12\x19n\x00\x10\
\xd0\x02D~\xdd>\xbe\xe6l\xee\xe3@~\x03'0\
\x01\x12\x95\xe4\x9f\x02\xc5\x01\x00\x07\xc9 \x0e\xb1\xad\xe5\
\xfe\xb9\xdd\xe7~\xfe\xe7\xef\xed\xde\xee\xa0\x0e\xcd\x90\x04\
\x1b\xfaO\x1d\x81\x1d\x08`\x01)\xc0\xd9j\xde\xe6\x90\
\x1e\xe9\x9d\x8d\x03+\xe0\x01\xdeK\xe7\xd0H\xcc:0\
\x09\xfd`\x0f\xed\xc0\xd7\x80\x1e\xea\xa2~\xe5\xb5\x9d\x0e\
\xf9\x10\x0d\x83\xc0>\xd6\x92\xc0kQ\xe3.\x80\x035\
\x10\xe9\xb2.\xe9\x08\x8e\xd96\xf0\x02*P\x98\x98\xee\
\x10\x0b\x80\x04\xad \x0f\xf7P\xe5#\x8e\xe5\xa3.\xea\
\xb5}\xdb\xc7N\x0f\xd9\x80\x09'P\xd1)\xd1\x00#\
@\xd9\x9d\xfd\xe8\xb3^\xedn>\xe42\xb0\x02\x1e\xbc\
\xeb\x0dt\xd4H0\x0b\xea\x90\x0e\xe3@\xec\xc5^\xee\
~\x1e\xdf\xe7\x00\x0f\xdc\x90\x08+x\xb1&q\x00!\
@\xdd\xd3m\xed\xf4\xee\xe3\x0aM\xdd\x97\x9d\x02\xc2\xc9\
\xed\xbb\xc9\x15)@\x0a\xf7P\x0f\xe4n\xee\x04\xbf\xe5\
)^\xdb\xee\xc0\x0d\x83\x10d.\x9b\x11Ka\x00\x19\
\xf0\x026\xd0\xd9@^\xef\xb3.\xef\x98=\xed\xd3]\
\x02\x89\xcd\xef<\xd2\x01\x94P\xdbU^\xe2\x04_\xfe\
\xf2Z\x1e\xdf\xef\x90\x0du\x80E\xe3-\x12\x10\xef\x02\
\x0fn\xf1\xf4\xde\xe3\x19\xdf\xe01\xf0\x01s\xee\xf1q\
x\x09\xfeP\x0fY\xfe\xf3@o\xf2\x80^\xdb\xf1=\
\xe2\xf0`\x0dm \x9c\xb3\xbc\x11\x02@\x01/p\x03\
4/\xf3R\xbf\xe0\x0d\xfe\x02\x1c\x90z:\xdf\x15w\
P\x0e\xef\x00\xdfB\xff\xf5&n\xe5\xb7-\x0f\xd6\xe0\
\x047\xea\x11\x09\xa0\x02\xb1>\xf5l\xdf\xe65\xe0\x02\
z\xd5\xf0\x1e\x83\x00V\xb0\x0e\xee\x00\xf6x\x1f\xea\xb5\
\x0d\x0f\xc9pZ#{\x11\x05\x10\x028\xd0\xf6\x84\xbf\
\xe6\x96\xad\x02\x94{\xf6\x1e\xb3\x14+@\x0c\xff0\xf0\
y\x1f\xf9\xb5\xfd\x0e\x80\x90\xf3!Q\x01\x09T\xf8\x9a\
?\xef5\x80e3\xfe\xc1U\xe1\x06\xe4\xa0\x0e\x90\x1f\
\xf9%?\xec&~\x0e\xd1@;\x7fO\x11\x06`\x02\
TM\xed\x9bO\xef\x09^\xeb0\xb0\xeft\x9e\x14%\
\xe0\x0b\xe9P\xfa\xa6\x1f\xf9\xef0\x0a\x8d\xe6\x11\x17`\
\xdd\xb3?\xfb\xd4-\x02:O\x00w\x90\xdf\xbf\xfe/\
\xf9(\xde\xe7\xf4\xe0\x05r/\x11\x09\xb0\x02x|\xfc\
\xc7o\xd9\x04I\xe7>@\x0d\xf9\xcd\xe5\xcf\xff\xf5\xbe\
\xbf\x0cV\xc9\x11\x02\xf0\x01k\xaf\xfd\xc8?\x03'\xe0\
\xd1\xe32\x01\x9f\xa0\x0f\xeb \xf6\xe3\x7f\xfa\xc8.\xdf\
\xe7\xc0\x0eP\x00\x12\x06 \xf1\x00AC\xc6\x0c\x82\x05\
\x0d\x1eD\x98P\xe1\xc2\x83\x03\x09\xca\xa0A\xa3`\x8c\
\x03\x00,^\xc4\x98Q\xe3F\x8e\x1d=~\x04\x19R\
\xe4\xc8\x902\x94\xa1+gN\xe5J\x96-]\xbe\x84\
\x19\x13\xe6\xb9\x94-\xcb\xb1\xfb\x14\x80\xa4F\x9d\x1b%\
\xc4((\x91\xe1P\xa2E\x89\xd2\xc0\xa0\xb3\xe7N\xa6\
M\x9d>\x85zq)\xc6+\xe2j\xd6\x94\x99U\xeb\
V\x99\xe7\xcc\x95\xab6!\xea\xc6\x00\x1dd8\x9c!\
\xd4\xe8Z\xb6DUL\x1d\x1bW\xee\x5c\xb9\x8e\xd6\xa9\
\xc4\xcaU\xef\xde\xae_\xcf\xa9\xa3B\xd7\xa2\x80\x13\x0e\
\x05\xb6E\x9c8(A\x1a\x06\x04?\x86\x1c\xb9#\x03\
i\xec\xf8^\xc6\xfc2/\xaa\xc7\x0c\x80\xaa\xfeU\x1c\
:1\x0d\x0b\x92M\x9f\x8e\xaa\xf4\xe2\x91|\xe92\xbf\
\xce\xecU\xe5\xb9o\x1e\x04w\xb8!Zwb\x88'\
\x04\xa0\x06\x1e\x9c\xa9\x81J\xf5`\x1f\xbf,\xdb\x5c;\
/t\x03\xb0\xb0\xb1[z[\x18\x04\xe0\x0a\xc7\x0e\x1c\
n\x00\x0d\xce\xda\xe1\xfd\x8a\x5c|L\xac\xee\x18]\x7f\
J \xa2A\xd0\xd3\xdd3>\x9b\x00}v\xfa\xc1e\
l\xa3\xb92\xefx\xfex\xbd\xa6\xab\x85\xae\x04\xda{\
\xaf\xc0\x86\x22\x00`\xbe\xfa\x16\x84,\x80\x22\xbe)G\
\xb6\x08\xfb\xa3P?s\xd0qFA\xa6\x1c \xd0@\
\x0fg\xa8\x80A\x11#\x83\xab\x0aq\xc0\xab\xb0\xc2\xfc\
\xcc9g\x1b\xc7\xe4\x9a\xa0\xc3\x0f\xdfCjD\x1b\xe7\
\x9aJ'1\xc6I\xb1\xc7\xd9V:'\x83\xb90\x90\
q\xc6\xe9h\xb0\xedF%\x9d\x8bc?\x1f\xf9[\xb1\
\x1d\x19\xe2\xd2\xa9\x83\x22\x8dTL-\x1aHX\xb2\xcb\
\xd4\x00 \xe0\x8f'Ud\xe9\xa6\xc0\xe4\x02\xe1J,\
E\xa3\x01\x05/\xdf|\xaa\x80G\x94\x1b\xfe3Ev\
\xd2\x98\xcb\x035\xd7\xcc\xd2\x048\xff\x14\xa9'\x02D\
\xa1\xb3\xce\xf1jj\x87\x0b\xb9\xb8\xdb\x93O\xc4h\x00\
\x01PIC\x1a`\x93B\x0d}\xad\xd0w\x8c\x98\x8b\
\x82F\x1de\x8b\x86\x0d&%\x95,\x8b\xf8\xc0\xf4\xd0\
\x96\xda\x81a\xae\x06\x08D\x0b\xd4\xb6\x22\xba@\xc3R\
\x01\x15\x03+'S\xe5J\xc2s\xcea\xe7\x83\xb9\x14\
\x90U:\xa1d\x98\xc0\xd6[\x97\x5c\xaa\x88q\x94K\
\xe9R^\xf5B\x87\x1c\x08\xe6*\xe0\xd3b\x87\xa2!\
\x86\x07\x96\xbdu)\x15\xac\xca/\xc2]\xa7\xcd*%\
u\xb0!\x00\xc7X\xb7\x0d\x0d\x06\x06\xc0\x0d\xd7\xa2\x0b\
\xb8\xf1\x15\xdd\xcb&\x8cg\x19\xc1P8\xec]x\x8d\
\xa2a\x05\x04\x94\xa5W\xc4\xa9\x0e\x88\xe6\xaah\xf5\xdd\
\x8b\xa6z \x11\xec\x82\x1a\x0e\xd2v`\x1bH\x18 \
ap?A\xc7/\x88\xf5Z\xd1\x1cu\x82\x10\xec\x00\
\xa0\x06\x1e\xad\x86\x10=^\xd6\x89xP\x1cy+\xd9\
\xce!\x06\x83\xc7X`9\xb1\x1a^\xfep\x0ca\x98\
m\x5c\xc0\x9b\x87k\xde\xab\x9cH\x0a\x10z\xa4\x0c\x16\
\xeb\x99(\x19n\x08!\xc1\xa1K\x0d \x94t\xbc\x92\
\x16i\x9bT\x22\x87\x8cv\x05\x1b\xf0\xa1\xa8\x8b\x92\xe1\
\x01\xd5\xae\x9e\xf4\x09\x94\xbc\xd6k\x1dnjhp\x85\
\x8c{^\xa1\x00\xb6ou@\x1b\x16\xcf\x85\x1b/t\
\xf8\xa9\xe5\xdb\xa6G\xba\x00(\x81\xcf>\xa8\x06\x0e:\
\xde\xbb\xd4I\xda1\xb7k\xb8\xcbYg\x1c,H$\
@\x05\xb3\x19O\x08\x07\x19\x168<r\x06s\xe0\xe6\
\xc7\xc0aJg\x13\x04\xad~,\x82\x8bAWH\x06\
\x0dL\xc7\xfa\x00J\xe6Y=&v\xb2q\x02\xb5\x11\
\xee\x06U\xa2\x11\xc6\xc6\x1dP\xa54\xa8\xacw\x97\xd2\
\x81\xe7\x92\xd7a\x7fL\x01\x18hg,\xfb\x97\xa9O\
\xde\xcb\x9e\xcc\xf8\xc6\xf9\x96\xee\xe1\xa6\x08\xee#\xe3 \
\xb7\xec\x17/\xb6\x86\x1bH`\xba\xfbR-\x98%\xe4\
\x96\xb8F\x17+r\x96\xfb\xa3\x81\xf3!\x1b\x00\x0a\xd4\
\xc7>GA\x841(`@O\xfeJ'?\xfa\xf8\
\x00\x1e\xae\x99\xd0l\x00\xe7\xa3\x15\xb9\xa3\x1e\xb5\x18\x95\
i\x14\x08\x00\x05\xa4 7\x11\x81\x08\xf1v#\x11\x1a\
\xdc`\x05\x12X \x03\xb3\xa3\x1aB\xc8\x03\x1d\xf9\xb1\
\x5c\x9d\xcc\xa5\x0e{\x1cC\x0a/\xb2H\x0a=\xd2\x93\
\xdf\x00@\x00\x0dXAt\xf8T$\x19\xd4\xa0\x05\x18\
\xd0\xdb\xffT\xe8=\x0c8\x22\x1e\xf6c\x91\xbejr\
\x8eu\x14\xe3\x0b\x07\xa3\x9e\x0ew\x88\x91\x01D\x00:\
=\x8bH\x0b2\x80\x80%\x92j)!\xc0D<\xbc\
2A\x1fMH\x1d\xf4\x88F\x1b(\xb0\xa0\x01T\xa0\
\x0560\xa0\x08\xd9\x04\x03\x0e$\xb1\x8c\xca\xcb\x08\x0b\
>\xf1\x0e(N\x8b&\xe5p\xc76\x12\x11\x02-\xee\
dm\x16\x19\x80\x06V\x80\x83m\xd1\xa0\x065\x18\xc1\
\x02\xfe8\xa9\xeb\xd0\xa0\x14\x84dc\x8f\xdaa\x8ft\
,b\x05/\xda`#A\xb2\x94\x00\x18\xc0\x02(\xc8\
A\xf1l`B\x0f\x90Q\x95\x9b\x5c\xe1\x0fT1\x0f\
u\xc40E\xe8\x80\x873\x18\xfe\xf1\x02\x9e\xd4\xa7\x00\
\x0a(\xc1\xec\xe0\xc3\x9e\x81\x08\x84@\xeb1\x88a\xd8\
C\x90\x11H\x00y\xb8\x04d\x0e\x13\x14\x80!<\xe2\
\x1e\xe8`\x87\xe5t\x05$\xcd\xf8\x87f*i\x87<\
\x8eQ\x07\x14\xc4\xefF\xbf\xf9\x00\x0b.\xe9L\xc6\x1c\
\x86\x9egQ\x8b4\x99Y\x10\x88P-\x01\x90\xc3f\
6\xa5r\x91\x10\xa4\xc1\x1d\xdf\x80\xc79\xf1\x97\x975\
\xfe\xea~Q\x94\xa0J\xd8Q\x8f\x7f\xd8\xc2\x0a\x1d`\
\x96T.`\x02\x1b\xd0\xa0\xa3\x06T\x08h\xa0IB\
\xb4DD\x074h\x01\x07*\x12\xd0\xab\x05@\x0b\xb8\
\xc0\x86q\xc0\xc3\xb5\x09\x01\xeef/9\x07:\xe8\x91\
\x8ekX\xe2\x02o\x9a\xca\x03.\xf0\x02\x17\xdc@\x88\
\xba\xb9\x01\x0e\x8c\x98\x01\x08\xdc\x92\xa5\xa8a\xa56\xb5\
\xf9\x83@<\xe3\x1e3s\x0d_h\xb2\xd5\xbfQ\xf1\
\x1d\xe5\xd0F1\x0aq;\x8c8\x15*\xf3\x89\x80\x05\
T\xe0\x82X\xd6@K\xd1\x94\x08H\xd3\x92\x16\x1c\xdc\
\xa0\x06$\xd8\x80\x02\xacf\xfe\xd6\xa7j\xd0T\x16!\
\x81\x12\x80\x01\x0c\x7f\x90\x03\x1e\x0e\xb5\x90r\x0a\xb5F\
\xbc\xb4\xe3\x1c\xe9\xc8F7\x12\x81\x05au)\xaa\x19\
!@\x016\xa0'\xa0\xe4\xc0\xa3\xb3\x13JD$b\
\x83\xe8\xc8`\x075\x80\x01\x080@\x00\xe4)p;\
\xc5\xec\xabp^\xbb\xb6\x9e$\xe0\x02d\xf8C5\xbe\
\xf1\x0e\xde\xb1\xa3Z\x16*\x13^\xca\xa1\x0ew8\xd6\
\x1c\xefhF \xb0`\x81\xcbJuA9\xd2\xc8\x00\
\x02\x80\x01\x09\xa0\xa0\x04\xd0\x81\x01\x0e\xf0h\x03\x1cH\
\x04\x078\x88\x01\x0bd\xb0\x02\x14\x5c \x02\x06\xb8\xe6\
@3\xb2\xc1\xbd\xc668p\xe9\xe1_5\x09\x86.\
P\xc3\x18\xfapG:\xf8\xb1\x0et\xb4\x03%\xeaX\
\x079\xd2a\x5cz\xf0c\x1e\xdd\xb8\x06=f\xd1\x88\
\x1f\xb8\xf3\x916:\x5c\x02\x04@\x01\x0ap \x05\x1d\
0\x81\x0b@ \x02\x17\x98\xc0\x03\x1d\xb8\x00\x06\x14 \
\x80\x00\x90\xf8\xaf\x020@\x01\x06\x90\x00\x06 \xa0\x00\
\x0b0@+;\x16_\xfe\xf7Jf\x00\x1fp\xcc\x07\
f@\x01\x06\xac\xc0\x22d4\x95\xca\xca\x80\x09F|\
\xe3\x18\xdf\xf8\x07B\xff\x91\x0eq\xfc\x03\x1f\xdf\x98\xc7\
\x92\x87\xd1\x09U\x04\xa2\x0e#\xc0\xe1_=v\x80\x01\
\x08\xc0\x01\x09\x00\xc0\x02\xfcG\x00\x04\x00\x94{:\xc9\
\xec\x01\x0e\x00\x01\x09L`\x02\x15\xce\xc0\x042\xa0\x81\
\x09T\xc0\x02\x0fx\x80\x8b\xdb\x05\xdd\x1a\xc3v\x87\x12\
h\x00\x05N\x90\x86Q\x04\xa2\x0d\xa2\x88\x85(4\xf1\
\x0bN\x80\xc1\x11\xb1\xec\x01\x00\xbe\xb5\x919\x8e \x09\
5p\xc4\x1d>\x81\x0cV\x84\x02\x18\xbcx\x04*\x82\
\xd1\x08* !\x064\xf0\x1f_\x81\xaa^\x8eLE\
\x00\x058\xc0\x03$`\x81\x0cx \x03\x19\xe0@\xae\
5\xa0\xeb\x0dt`\x03\xbb\xae\x00\x06\x18\xd0\x00\x04\x98\
\xd8\xb9}V\x22F\x16\xa0\x83\x22|\x01\x0e\xa4@\xf2\
?\xc6\xf1\x8f\x7f\xdc\xc3\x1e\xfe\xf8G;\xa8M\x0cu\
\xb8\xa2\x11\x81\xc8@\xa4X\xbdMMnl\x03<p\
Y\x06r\xc0\x01\x8b\xfe\xf8\x0f\xd9\xc7\x0e\xc0\x00\x0e\xb0\
\x80\x08T@\x03\xbb\xe6\x80\x066\xf0k}\xdf\xdb\xdf\
\xf7\xfe\xf5\xbeqmg\x04dY\xd5\x09k.F4\
\x90\x04C\xf4\xe2\x16\xd5\xc8\x07\xb5%>\xf1\x89c\xfb\
\x1f\xfb\x90\xf65\x04\x11\x06\xb1\xa0'\xaa:\xe9!m\
\xcb\xf8\xe0\x00\x5cG'\xf2~\x00\x05.\xb0o\x0e\x08\
\xfc\xdf/\x7fy\x06\xf6\xad\xef\x5c_\x80\x02\x0aHo\
l\x1f|\x11\x01l \x07\x95\xf8\xc59\xa2,q\x8b\
S\xdb\x1fE\xa7\xf8\xc4\xd5\xf1\x8fGd\xe2\x02B\xd2\
&{\xb7\xa8B\x8f\x1f\x1b\x92\x81\xc6\x80\xbe\xf9\x0dp\
\x7f\xcf\xf9\xdes\xf6\xfa\xcb\xf9\xbd\x01\x0e\xe0\xfa\x01\x0e\
Hv@sT\x00\x03\x00\xe1\x0e\xabH\x87>\xfe\x81\
\xed\xa2\xd3\xbd\xe2I\x9f{\xd2\x81!\x07\x19\xf0\xd9\xea\
iO\x9ej\x14Tb\x03H\xe0\x02\xba\xfe:\xcc\xb9\
\x1es\x98\x07\x5c\xe6\xfb\xc6\x00\x05\x0a@c\xb5\xaf\x17\
\xb0R\x98\x058(nq\xa4\x1b}\xf3\x9e\xef\xfc?\
\xbc1\x8c!\x0c\xfe\xf4\xb5\x7f\x7f\xea\xda\x0c\xd0\x00\x0c\
\x80`\xeb]\xef\xf7\xe35 \xf3\xae\xbb\xfc\xf5\xb3\x7f\
\xbd\x07&0\xe2\x1aOE\x09\x9c@\x07\xde=/\xfc\
\xcf\xe3\xdd\xe2\xf9\xc8\xc7\x18f\xf0\xc8\x84\x1f\x5cR\x0a\
R\x00\x050\xc0\xef\xb0\xff\x1b\xec\xff\x0e\xb8\xbei\xbf\
x\xebw\xbd\x03\x15p@\xce\x9fZ\x019\xfc\x82\xf8\
D'\xbe\xdd\x85\xdfy\x7f\x8c\x02O\x1dI%\xe0\xbb\
\x97#\x04T\x80\xf6\xd5W|\xfe\xf5\xbf\x7f}\x9b\xd7\
\x8fKT\x105\xe0\x86{\x08\xbd\xf33\xc0\x03\x9c\xbb\
r\xb8\x83V{7\xa9P\x80\xe9\x9b9\xfe\x93\xc0\x09\
\xc4\xbe\xd9\xab\x80\xa0\x81\x1d\xe7\xa3\x8f\x9d\x93\x8a\x11X\
\x04r\xc8;\x04\x14A\x04\xc4\xb6{\xb0\x03\x06\xec\xbd\
\x8b8\x80\x95\xa3\xc0\x16tA\xad\xcb\x80\xff\xd3@\x85\
)+\x00\xf8\x80U(\xbe\xe1\x1b\xc1\x11\xac\xbbzX\
@\xf9\xeb\xab\x00H\x00{\xc3\xbf\x174\xc2\x0a\xd4:\
\x0b03\xd3\x81.\x9dH\x00H\x98\x87\x02\xdc\xc1)\
\x14\xbez\xc0\xfe\x03\xd4\xab1\x04\xb0\x80\x0e\xd8\xbe#\
\xf4\xc2\x98\x138\x0a\xa0<\xdc\x99\x0a\x0ap\x04\xf4\xa3\
\xc24<?\x1f\x94\xaa\x19\x0c\x97\x02\x98\x80}\xbb\xbd\
/<\xc2\xd7\xe3\x00\x0cp\x80\xdfp\xc3\x1b\x19\x83v\
\x90B5LC\xa4\xa3\x07.\xe0\xc0\xd8z\x80\xd9\xa3\
\xc3D\xcc\xbf\x0d\xb8\x00\x05\xd8\xc3\xfaP\x8d\x04h\x02\
h@C@\xb4D\x1d\xa4\x06?\x01\xc2?R\x80.\
T\xc4O\xf4\xb7\x0d\xb0\x80\x95bB\xab\x11\x80\x1a0\
\xbf\x02\xfc\xc3KL?\x8a\x9b\x84\x14\xb4\x08\x02\xb0\x80\
|\x03\xc5Z\xec7\x0e\x98#-\x83\x99\x03\x88\x04~\
XEV\xb4\xc4~\xe0\x14\xb5\xcb\x91\x00x\x00O\xb4\
\xc5Z\x04\xb3\x1a\xdc\x1b\x1b\x18\x87_\x04F5\xc4\xb6\
l\xa8\x9aG\xf4\x1e\xabA\x00dL\xc6D\xa4\xbd\x5c\
\x1c\xb7eY\x9b\x05H\x85h$G\xe3k\x04 \xeb\
\xab\x09\xa3\xc5P\xdcFE\x94\xb9e\xc4\x9d(\x90\x87\
\xbb+\xc7h\xf4\x07s\x98\x81M\xec\x1e\x04\xe8\xb7v\
L\xc4\xb1\xfe\xa3=\x0b\xd0\xc3\x96\xb2\x08\x0a\xa0\x85\x10\
\xac\xc7\x84\xf4\x04\xf7:\xc69\xf4Gn\xd4\x00\xbd\xda\
\x9b\x92\x8b\x02sH\xc8\x8b\xc46x\xb8\x96\xa7\x12\x00\
\xfbs\xc8\x874B\x99\xf3\xba\x0a\x18Cz\xe9\x89P\
8\xba\x8b,G\xceC\x03l*\xb9\x1f\xebG\x90\xf4\
\xc2\xdb\x9b3\x0e\xb0\x8e\xbd\x11\x01mS\xc9\x84\xc4\xb6\
g(\xc9%\xea\xc8\x8f\x94\xc9Dt7\xc9@\x18-\
\xd2\x897\x80\xc6\x9d\xa4\xc2\x12L\x816\xd4\xc7\x84\xe1\
\xc7\x96\x1b\xcad\xa4\x80\x83S\x16U+\x80Z`\xca\
z,\xbaB\xb0\xc6%q\x80u\xac\xcaZ\xcc\x80\x9f\
\x0c\x89\xc3\xd1\x10\x1d\x0a\x80\x10h\xb2\xae\xbc\xc8l\x90\
\xc8\x91\xf3!\x09@\xc4\xb2\x04\xc59#E\xa3\xcc!\
\xa9\x1b\x0b& @\xb8\xbcH.\xf9\xc6\xe4\x990\xee\
\xc3KE\xdc\xc8\xa8L\xcb\xc1\xd0\xc3\xf9\xd0\xa2\x01\xa0\
\x83\x88CH\xc1\xbcD\x7f\xe8\x87%\xc0\xa6:J\xcc\
d,\x8d[*1\x01\x18\x00\xb63\x80\x03H\x00\x05\
@\x00\xfe\xd3d-\x03\x18\x00\xe9\xd2\xc5\x908\x00V\
P?\xcblJz\x8c\x03\x5c\x0a\x80\x02\xc8\xba\xce4\
\xcb\xd4\x18\x00\x028\x00\x04H\x001k\x001;;\
\x06p\x00\x07X\x00\x07`\x00\x05h\x00\xb6\xeb2\xc6\
\xc4\x08\x06\xb8\x86\xca\xa4MV\xd4\x04\xbf\x0c<\x008\
\x00\xde\xb4\xc5\xb3t\x8aW;\x00\x05P\x80a\xc3\xb3\
\x06h\x00\x07@\xcf\xf4DO\xf5LO\xf7<\xcd\x02\
\xf8?\x92\x88\x80\xe0\xb3\xce\xeb\x14\xc1\xd0\x1b\x86\xf9T\
!\x05\xa0>\xef\xfcB\xafC\xcb\x8e\x18\x00\x03P\x80\
\x05\x18\xb6\xe4\x5c\xcf\x05e\xd0\x06MN\xe6d\x80\x03\
\xb8&\x84\xc1\x00z\xc0\xcfr\xfc\x86\x06\x08\xcb\x11i\
\x00\xa1\x04P\x17\xdc\x00\xf1\xeb\x88W+\xcf\x065\xd1\
\x13uP\xf5\x5c\x00\xf9\xf0;\x9e\x08\x01\xca\xbcP`\
\xb4\x07\x9d\xd1N\xdc\x81\x80\xb1\xfb\xd0/\xdc\x00\xfe\x84\
\xad\x02-Q\x14\x05R UO\x07P\x80\x02\x18\x1b\
[I\x01\xd0\x8bQK\xd4\x87\xca\xfa\xa3\x07\xf0\xd0\x1c\
\x9d\xfe\xc0\x0d\xc82\xf8;\xa6a\x0b\xd2,\x0dR\xe5\
\x5c\x00\xeb 9\x8c\xb0\x81J\x5c\xd24\x84\x07\x8cb\
\xc6\xeea\x80(\x95R\xfe\xdb\x80\xbd\xe4\x88\x01@\x80\
\xf7tO-\xcdR,eP\xf5\x8cP[\x11\x82\xfb\
\x1c\xd3)L\x87\x9f\xda\xa4\x05P\xd35\xd5?\x0e\x00\
\xb2\xf9 \x80\x04h\x80\x07\xa0\xd3F]O;}\xd4\
\x07\x88\xd0%\xcc\x08&\x10\xd3>\xddAp@\x90\x0d\
e\x10\xff$\xd4\x99\xac\xd2\x0c$\x00\xe7t\xd4R=\
\xd19-\xd2\xf9\xc0\x01z\xc4\xd4\x1d\xa4\x86I\xfb\xa3\
\x04\xf8T/\xcc\x00J\x15\x14\x04PPS\xa5S\xe4\
\xc4RH\x85Ow\xca\x88\x0c\x80\xd1V\xa5\xc2d\xd0\
\xa4M\xea\xceYu\xc19\xdb\x9e\xf5\x1aU]\x85\xd6\
 M\x00\xf1c\x00r\x98Mb\x15Ab\x98KN\
]\xa1\x02PV\x10\xd5\x00\x09\xe0\x88\x17c\xcfh5\
\xd7\x06\xfd\xa7\xe8B\x06V\xc5Vv\x9d\xbbUXF\
n\xa5\x0f\x01\xd8\xcdo\xa5@\xb4\xd3\x08\x01 \xd5s\
\xfe\xe5\xd7\x05\xcdS\xea\x11\x00P\xd0\xc1v\xcd\xc1\xb9\
\xe3\x87@p\xcd?\x0a\x80\x09\xb0\xd7\x16<\xd6\xa5\x10\
\x80\x04\x98\xd3~\xa5\xd8\x06\x88\xb1\xb2\x9a\x03w%\xd8\
\xa4\xf3\x07,\xf8\xb8\xfel\xd8\x09\xc4\x00t\xbc\x88\xd5\
c\xd4\x89\xad\xd8he\xce\xf4R\x02>\xddX4\x5c\
\x87\xcaz\xc92\x8a\xa4\x90\xe5?\x0b\xf0#4#\xce\
\x94\xa5X\xe4\xe4\xbd\x8b\xd0\x80\xa1{Y\x03\xec\x85M\
\x9a\x0a\x0b\xb8K\x9b\x15\xbb\x08\xa0\xb1\x00P\x00\x94\xe5\
Y\x95\xc5R\x92\x05\x00X\x18\xda\xf3\xc3\xb6\x13d\xa9\
\x08\x18Te\xcd\xab\x8cX=\xa8\x8dZSeN\xe6\
DO3+\x82\xab=?}x\xca3U\xa1\x03\xc8\
\xb7\xae\xf5\xce\x0d\x08\xbb\x0d\xa8\x80\x84\xf5!H\x1d[\
\x8a%\xd2\x8c\x08\x07\xb5\x15\xbec\x90\xd7\xe7\xda+\xa4\
\xed>\xb9-\xcb9\xdb\xb7c\xbd\x88\x02\xd0\xdb\xbd\xe5\
W\xe5\x04\xa8\x00@\x04\xc0M:z\xa0\x83\xd8\xf2T\
\xa5\xed\xba\x0b\x98\xcf\x9d\x85\xdch}\x5c0\xeb\x89\xfe\
\x14\x10\xda\xab\xb5\xbbmp\x13\x97\x84\x9d\x0a\xa0\xc9o\
\x0d8\x14\xc2\x08\x02\x10\xdb\xd0=W\x06\xa01b\xb0\
\xdc\xbc\xd3\x87>\xa0Tl\x92\xd5\xffT\xd6\xb0\xc3\x00\
xL\x90\x04`T\xdbMY\x07 \xd9=\xdd\xdd\x7f\
x\x06'M\xbd\x09\xeb\x00\xce\xe5\x00\x07\x80\x9c\x93C\
N\xe5\xe5YG\xd4&N\xd8]x\x10\x03\xf7\xea\x89\
ND\xccY\xcd\x00\x92\x04[\xee\x8dZ\xec\xc5\x88\x11\
\xa0D\xd4\xad\xa8\xd2\xe8\xb3\x00\x80\x80\xc4\x9bU\xc7\xa3\
Z\x00PT\xf6\x15]\x13\xc5!\x1d\x01\xdc|x\x03\
7\x0d\xc2\x02p]6\x9d[\x08X\xc2\x00\x00]\xff\
\xedW\xe3\xb5\x08WP[K\xf8\x80\xc1\x85\x93\x04@\
\xda_+B\x99\x14\xde\xaf\xe3\x80\x0a\xe0\xcf\x01\x80`\
\x9ee\xdc\x8b\xc0\x00mXJ\x95D\xba\xa2\x03\x05\x0c\
|7\x07\xfe\xba\xd7C\x5cZ\x8d\xc9{\xbbC\xd2\xcd\
\x88\x02\xa8\xdd\x12\x86\xd6\xeb\x08\x03n\x18X\xda\xe4<\
\xa3c\x86)\x91\xce2\x1a\xcb\x1a\xfe\xc4\x99\x0b\xfe\xbb\
\x0e\xb8\xde\x9d;\x80\x1e\xf6\xe1Ru\x80$Z\x0a\x0a\
\x10\xc0!\xbe\xd0}(\x86\x1e\xc0`@\x0a\x80\x08 \
\xcb\xad\xeb`\xb3\x8c=\x0d\xb8\x00\xdc\xe5\x88\xa7\xadb\
\x8a\xdd_\x00\xa8\x804\xd8\x06L\xc5\xb6nP\x94,\
j\xc0\x04\x89\x80\xea\xbd\xb5\xce\x9c3(\x9e\x97\xff\x09\
\x80\xed}c~\x9d\xcb\xb2\xb2\x00:^Rl\xdb\x07\
cx\x03\x9d\xc1\x88\x01\x8d\xad\x08\x90\xbd\xb2\x94\xc3\xea\
m\x80\x8e\x89\xbf\x049d\x8aMd\xeaY\xe4:^\
\xd2a\xe0\x01q\xad\xc10\xce(\xd8i\x00{K\xcc\
_\xab\x80\x13>\x9fB\xfed~\x95`QF\x83e\
\xb8N\x8b3\x86%\x18\xe4=\xfe\x08\x05`X\x0ef\
<\xed\x8b@\xb9\xad\xbe;\x94\x80\x9f\x1d\xd1r\xade\
h\xf5\xdeV\xb3\x80\x19\xc0\x05\xb9+X\x8e\xb5\xce\xd0\
\x9bM\x7f\x18\x87G\x90d`\x86\xcd\xfb\xdd5\x80\xc3\
\xbf\x08\x84\xbdE\x8c\xc9_\xf3\x80\x0bX\x00,\xde\xa1\
\xc7}fG\x0de\x9e\xd0\x9bIH\xc5\xf5\xfe\xbb\xbb\
k\xc5Z\x7fp\x07gp\x84\xcf,Dp\x9e\xdd\xfa\
\xbb\x00?.f\xd8\xfbc6\xcd5\x0b\x80\x00\x11\xe5\
\x88\xe5\x8cgh\x1e\x89&\xa8\xdca=\xc0\x15\x8e\xb8\
N\xd0\x02F\x12\xe8\x91\xd0\x09\x03\x18\xc2\xc7s\xc8\x22\
\xec\xe0\x96\xe3B\xf3\xc2\xb9\x9d\x80\xe7\x88\xd6\xd2P\xae\
:\x00h\x004\xa0\x06\xcd\xcb\xbb?\x5cau\x08\x85\
3\xf8\xe6$\x06\xe6\xdfx\x00\x08\xe0\x80\x82.;s\
>\xe7\xd9Kh\xb2\x031\x0a`\xce\xc9c\x8a\x06X\
i\x96\x06\xd2y\xd6c\xa9J\x82!(\x06\x5c\xb8\xb8\
\xb9\xd3f\xa3\xab\xbb\xe1\xc3\x86X8\x02\x1a]/U\
\xf6\x18\xf6\x1a\x00\xe4\xb4\x80\x0a\xa39\x9aS\xdc\x80#\
\xbb]\xf35\xf3\x8aP\x02\xa0\xe4\xc9\x80jS\x8dc\
\xe7zI\x05\xc2\x00\x1cX\x84W\xb8\x87u\xe0\xe2\x22\
\xc6Lw \x07y\xd8\x05C\xf0\x01\xb5\xd1c\xb2&\
Hm\x22\x008u\x80\x07\xc0\x00\xd7\x0dj\x0d\xe0\xc2\
^\x13E\x0b\xb0\x80\x0a\x88\x80\x15\xfd\xcd\xfe\x16U\x96\
}\xbdk:\x0dU\xf8\xa3\x9e\x8a\xf0\x01 \xd0\x84W\
\xc8\x84w\x98\x06s\xf0\x87y\x80\x07j\xeb\x06\x8a\x02\
\x07c0\x05T\xb8\x03)\x80\x80\x9f\x14\xbc\x8enL\
\xcbc\xbbX[\x00zc\xd4\x09\x80\x80\x15m\xb1\xb1\
\xa9k\xd8,m:U\xcf#\xf5\xe8\xf5\xaa\x1a\x13p\
\x82\x15\x00\x84@\xf8\x03R\x00\x0538\x03I\x88\x83\
\x1bx\x82\x1b8\x81\xea\x16\xee/\xf1\xa1\x92\x13\x00\xea\
~\x0c\x02\x88\xee]}\xee\x9d\xd0+\x0eH\x12\x0b\x18\
\x1bYNo\xd9\xeaK\xcb\x9b\x8b\x1f\x8a\xef-%\x1d\
\x12\xf9+\xc7\xdeo\xc9 \xce\xa7\x8e\xee/\xf3\xab\xd3\
;p\x06q\xc38\x0dp\x14u\x80\xd3\x1e\x0b\x93\xc3\
\xc2\x07\xc7\x8e\x19\xa4]\x05\x8fn6\x16\x8cNnl\
\x0d\x0f<\x0f\x8f\xee\xbc\xbep\x12\xef\xab\x03\x98p\x07\
\xedR\xbe\x9c:\x157\x1d\x00o\xf1!%\xd2\x84[\
\x14\x197\xda\x1fk\xf1\x05\xadp\x1d\x07r\x025Q\
\x13\xf7a\xe6\xfc\xdd '\xf1\xa9\x90\xfe\xd8\x09\xc7R\
\x03Fr$?\xeb9%r\x1fN\xd7'\xb7r\xab\
aq\xa7~T\x96\x96T`\xbd\xf2'\x8fX*>\
\xe4\xe4\x8c1\x03\xffr\xb6!\x00\xd0\x15s\xf6UO\
,:\xf33w\xdc\xf6\x8ch\xe5t\xe87\x07\xf2,\
\xf7W\xffEY\xe5\xe4Q;Gr\x01\x88S\xb3M\
OC\xe6^\xf7T\xce\x8b\xf5\xf37\x87SB7[\
B\x87\xdc\x04\x8513O\xf4\x19g\xf1\x5c5t\xf6\
m\xe7\xf9\x9et\x15\xcfM\xf6t\xf4GO\xcf\x22}\
\xccM\xf7\xf38O^\xeee\x80*'\xf5D\xd7\x09\
\xc7\xe5U\xe5M\xf5#_uE\x1f\xcf57W\x22\
5\x00M\x9f\xf5?\x87S\x88\x96T\xb3EYxN\
\xd0;eT\x06\xc8\xf5\x0c\xdf\xf57\x0f\x00\xe0\x94\xd4\
\x93\xd5r\x1f\xd7R\x08p\xea\x04@\xafd\xb7v\xb0\
=\x00\x06 \xceS\xf7p\xf5\x94Tc\xcfu]\xbf\
\xf67'1XsN\x06\x90\xd4rU\xd0\xe4,v\
\xa7.\xd2=\xe3\xe9q\xffr\x90[\x83\xd3\x04@\x80\
\x05P\x00\x16\xd3v1S\x80\xe0L\xcd\xe8\x94\xf7\x80\
g@\x12k\xef\x123\xd2\x02\xe5d\xbcEv\x81\x9f\
\xf7Tvx\xff\xc6q\x86\xdf\xf5\xd2q\xf0\x99\x95\xf8\
\x8b\xc7\xf8\x8c\xd7\xf8\x8d\xe7\xf8\x8e\xf7\xf8\x8f\x07\xf9\x90\
\x17\xf9\x91'\xf9\x927\xf9\x93G\xf9\x94W\xf9\x95g\
\xf9\x96O\xf4\x80\x00\x00!\xf9\x04\x08\x08\x00\x00\x00!\
\xff\x0bMGK8BIM0000\xff8B\
IM\x04%\x00\x00\x00\x00\x00\x10\x00\x00\x00\x00\x00\x00\
\x00\x00\x00\x00\x00\x00\x00\x00\x00\x008BIM\x04:\
\x00\x00\x00\x00\x00\xad\x00\x00\x00\x10\x00\x00\x00\x01\x00\x00\
\x00\x00\x00\x0bprintOutput\x00\
\x00\x00\x04\x00\x00\x00\x00PstSbool\x01\
\x00\x00\x00\x00Inteenum\x00\x00\x00\x00\
Inte\x00\x00\x00\x00Clrm\x00\x00\x00\x0f\
printSixteenBitb\
ool\x00\x00\x00\x00\x0bprinterN\
ameTEXT\x00\x00\x00\x1c\x00B\x00r\x00\
o\x00t\x00h\x00e\x00r\x00 \x00M\x00F\x00\
C\x00-\x00J\x006\x007\x001\x000\x00D\x00\
W\x00 \x00P\x00r\x00i\x00n\x00t\x00e\x00\
r\x00\x00\x008BIM\x04;\x00\x00\x00\x00\x01\xb2\
\x00\x00\x00\x10\x00\x00\x00\x01\x00\x00\x00\x00\x00\x12pr\
intOutputOpti\xffon\
s\x00\x00\x00\x12\x00\x00\x00\x00Cptnboo\
l\x00\x00\x00\x00\x00Clbrbool\x00\x00\
\x00\x00\x00RgsMbool\x00\x00\x00\x00\x00\
CrnCbool\x00\x00\x00\x00\x00Cnt\
Cbool\x00\x00\x00\x00\x00Lblsbo\
ol\x00\x00\x00\x00\x00Ngtvbool\x00\
\x00\x00\x00\x00EmlDbool\x00\x00\x00\x00\
\x00Intrbool\x00\x00\x00\x00\x00Bc\
kgObjc\x00\x00\x00\x01\x00\x00\x00\x00\x00\x00\
RGBC\x00\x00\x00\x03\x00\x00\x00\x00Rd  \
doub@o\xe0\x00\x00\x00\x00\x00\x00\x00\x00\x00\
Grn doub@o\xe0\x00\x00\x00\x00\x00\
\x00\x00\x00\x00Bl  doub@o\xe0\x00\
\x00\x00\x00\x00\x00\x00\x00\x00BrdTUntF\
#Rlt\x00\x00\x00\x00\x00\x00\x00\x00\x00\x00\x00\x00\
Bld UntF#Rlt\x00\xff\x00\x00\
\x00\x00\x00\x00\x00\x00\x00\x00\x00RsltUnt\
F#Pxl@X\x1f\xa7\x80\x00\x00\x00\x00\x00\x00\
\x0avectorDatabool\x01\
\x00\x00\x00\x00PgPsenum\x00\x00\x00\x00\
PgPs\x00\x00\x00\x00PgPC\x00\x00\x00\x00\
LeftUntF#Rlt\x00\x00\x00\x00\
\x00\x00\x00\x00\x00\x00\x00\x00Top UntF\
#Rlt\x00\x00\x00\x00\x00\x00\x00\x00\x00\x00\x00\x00\
Scl UntF#Prc@Y\x00\x00\
\x00\x00\x00\x008BIM\x03\xed\x00\x00\x00\x00\x00\x10\
\x00`~\x9e\x00\x01\x00\x02\x00`~\x9e\x00\x01\x00\x02\
8BIM\x04&\x00\x00\x00\x00\x00\x0e\x00\x00\x00\x00\
\x00\x00\x00\x00\x00\x00?\x80\x00\x008BIM\x04\x0d\
\x00\x00\x00\x00\x00\x04\x00\x00\x00x8BIM\x04\x19\
\x00\x00\x00\x00\x00\x04\x00\x00\x00\x1e8BIM\x03\xf3\
\x00\x00\x00\x00\x00\x09\x00\x00\x00\x00\x00\x00\x00\xff\x00\x01\
\x008BIM'\x10\x00\x00\x00\x00\x00\x0a\x00\x01\x00\
\x00\x00\x00\x00\x00\x00\x028BIM\x03\xf5\x00\x00\x00\
\x00\x00H\x00/ff\x00\x01\x00lff\x00\x06\x00\
\x00\x00\x00\x00\x01\x00/ff\x00\x01\x00\xa1\x99\x9a\x00\
\x06\x00\x00\x00\x00\x00\x01\x002\x00\x00\x00\x01\x00Z\x00\
\x00\x00\x06\x00\x00\x00\x00\x00\x01\x005\x00\x00\x00\x01\x00\
-\x00\x00\x00\x06\x00\x00\x00\x00\x00\x018BIM\x03\
\xf8\x00\x00\x00\x00\x00p\x00\x00\xff\xff\xff\xff\xff\xff\xff\
\xff\xff\xff\xff\xff\xff\xff\xff\xff\xff\xff\xff\xff\xff\xff\x03\
\xe8\x00\x00\x00\x00\xff\xff\xff\xff\xff\xff\xff\xff\xff\xff\xff\
\xff\xff\xff\xff\xff\xff\xff\xff\xff\xff\xff\x03\xe8\x00\x00\x00\
\x00\xff\xff\xff\xff\xff\xff\xff\xff\xff\xff\xff\xff\xff\xff\xff\
\xff\xff\xff\xff\xff\xff\xff\x03\xe8\x00\x00\x00\x00\xff\xff\xff\
\xff\xff\xff\xff\xff\xff\xff\xff\xff\xff\xff\xff\xff\xff\xff\xff\
\xff\xff\xff\x03\xe8\x00\x008BIM\x04\x00\x00\x00\x00\
\x00\x00\x02\x00\x098BIM\x04\x02\x00\x00\xff\x00\x00\
\x00\x16\x00\x00\x00\x00\x00\x00\x00\x00\x00\x00\x00\x00\x00\x00\
\x00\x00\x00\x00\x00\x00\x00\x008BIM\x040\x00\x00\
\x00\x00\x00\x0b\x01\x01\x01\x01\x01\x01\x01\x01\x01\x01\x01\x00\
8BIM\x04-\x00\x00\x00\x00\x00\x06\x00\x01\x00\x00\
\x00%8BIM\x04\x08\x00\x00\x00\x00\x00\x10\x00\x00\
\x00\x01\x00\x00\x02@\x00\x00\x02@\x00\x00\x00\x008B\
IM\x04\x1e\x00\x00\x00\x00\x00\x04\x00\x00\x00\x008B\
IM\x04\x1a\x00\x00\x00\x00\x03K\x00\x00\x00\x06\x00\x00\
\x00\x00\x00\x00\x00\x00\x00\x00\x01,\x00\x00\x01,\x00\x00\
\x00\x0b\x00N\x00a\x00m\x00n\x00l\x00\xf6\x00s\
\x00t\x00-\x001\x003\x00\x00\x00\x01\x00\x00\x00\x00\
\x00\x00\x00\x00\x00\x00\x00\x00\x00\x00\x00\x00\x00\x00\x00\x01\
\x00\x00\x00\x00\x00\x00\x00\x00\x00\x00\x01,\x00\x00\x01,\
\x00\x00\x00\x00\x00\x00\x00\x00\x00\x00\x00\x00\x00\x00\x00\x00\
\x01\x00\x00\x00\x00\x00\x00\x00\x00\x00\x00\x00\x00\x00\x00\x00\
\x00\x00\x00\x00\x10\x00\x00\x00\x01\x00\x00\x00\x00\xff\x00\x00\
null\x00\x00\x00\x02\x00\x00\x00\x06boun\
dsObjc\x00\x00\x00\x01\x00\x00\x00\x00\x00\x00\
Rct1\x00\x00\x00\x04\x00\x00\x00\x00Top \
long\x00\x00\x00\x00\x00\x00\x00\x00Left\
long\x00\x00\x00\x00\x00\x00\x00\x00Btom\
long\x00\x00\x01,\x00\x00\x00\x00Rght\
long\x00\x00\x01,\x00\x00\x00\x06slic\
esVlLs\x00\x00\x00\x01Objc\x00\x00\
\x00\x01\x00\x00\x00\x00\x00\x05slice\x00\x00\x00\
\x12\x00\x00\x00\x07sliceIDlong\
\x00\x00\x00\x00\x00\x00\x00\x07groupIDl\
ong\x00\x00\x00\x00\x00\x00\x00\x06origi\
nenum\x00\x00\x00\x0cESliceO\
rigin\x00\x00\x00\x0dautoGen\
erated\x00\x00\x00\x00Typeen\
um\x00\x00\x00\x0aESliceT\xffyp\
e\x00\x00\x00\x00Img \x00\x00\x00\x06bou\
ndsObjc\x00\x00\x00\x01\x00\x00\x00\x00\x00\
\x00Rct1\x00\x00\x00\x04\x00\x00\x00\x00Top\
 long\x00\x00\x00\x00\x00\x00\x00\x00Lef\
tlong\x00\x00\x00\x00\x00\x00\x00\x00Bto\
mlong\x00\x00\x01,\x00\x00\x00\x00Rgh\
tlong\x00\x00\x01,\x00\x00\x00\x03url\
TEXT\x00\x00\x00\x01\x00\x00\x00\x00\x00\x00nu\
llTEXT\x00\x00\x00\x01\x00\x00\x00\x00\x00\x00\
MsgeTEXT\x00\x00\x00\x01\x00\x00\x00\x00\
\x00\x06altTagTEXT\x00\x00\x00\x01\
\x00\x00\x00\x00\x00\x0ecellTextIs\
HTMLbool\x01\x00\x00\x00\x08cel\
lTextTEXT\x00\x00\x00\x01\x00\x00\x00\
\x00\x00\x09horzAlignenum\
\x00\x00\x00\x0fESliceHor\xffzA\
lign\x00\x00\x00\x07default\x00\
\x00\x00\x09vertAlignenum\
\x00\x00\x00\x0fESliceVertAl\
ign\x00\x00\x00\x07default\x00\x00\
\x00\x0bbgColorTypeenu\
m\x00\x00\x00\x11ESliceBGCol\
orType\x00\x00\x00\x00None\x00\x00\
\x00\x09topOutsetlong\x00\
\x00\x00\x00\x00\x00\x00\x0aleftOutse\
tlong\x00\x00\x00\x00\x00\x00\x00\x0cbot\
tomOutsetlong\x00\x00\x00\
\x00\x00\x00\x00\x0brightOutset\
long\x00\x00\x00\x00\x008BIM\x04(\x00\
\x00\x00\x00\x00\x0c\x00\x00\x00\x02?\xf0\x00\x00\x00\x00\x00\
\x008BIM\x04\x14\x00\x00\x00\x00\x00\x04\x00\x00\x00\
&8BIM\x04\x0c\x00\x00\x00\x00\x19\xa6\xff\x00\x00\
\x00\x01\x00\x00\x00\xa0\x00\x00\x00\xa0\x00\x00\x01\xe0\x00\x01\
,\x00\x00\x00\x19\x8a\x00\x18\x00\x01\xff\xd8\xff\xe2\x0cX\
ICC_PROFILE\x00\x01\x01\x00\x00\
\x0cHLino\x02\x10\x00\x00mntrRG\
B XYZ \x07\xce\x00\x02\x00\x09\x00\x06\x001\
\x00\x00acspMSFT\x00\x00\x00\x00IE\
C sRGB\x00\x00\x00\x00\x00\x00\x00\x00\x00\x00\
\x00\x00\x00\x00\xf6\xd6\x00\x01\x00\x00\x00\x00\xd3-HP\
  \x00\x00\x00\x00\x00\x00\x00\x00\x00\x00\x00\x00\x00\x00\
\x00\x00\x00\x00\x00\x00\x00\x00\x00\x00\x00\x00\x00\x00\x00\x00\
\x00\x00\x00\x00\x00\x00\x00\x00\x00\x00\x00\x00\x00\x00\x00\x00\
\x00\x11cprt\x00\x00\x01P\x00\x00\x003de\
sc\x00\x00\x01\x84\x00\x00\x00lwtpt\x00\x00\
\x01\xf0\x00\x00\x00\x14bkpt\x00\x00\x02\x04\x00\x00\
\x00\x14rXYZ\x00\x00\x02\x18\x00\x00\x00\x14gX\
YZ\x00\x00\x02,\x00\x00\x00\x14bXY\xffZ\x00\
\x00\x02@\x00\x00\x00\x14dmnd\x00\x00\x02T\x00\
\x00\x00pdmdd\x00\x00\x02\xc4\x00\x00\x00\x88v\
ued\x00\x00\x03L\x00\x00\x00\x86view\x00\
\x00\x03\xd4\x00\x00\x00$lumi\x00\x00\x03\xf8\x00\
\x00\x00\x14meas\x00\x00\x04\x0c\x00\x00\x00$t\
ech\x00\x00\x040\x00\x00\x00\x0crTRC\x00\
\x00\x04<\x00\x00\x08\x0cgTRC\x00\x00\x04<\x00\
\x00\x08\x0cbTRC\x00\x00\x04<\x00\x00\x08\x0ct\
ext\x00\x00\x00\x00Copyright\
 (c) 1998 Hewlet\
t-Packard Compan\
y\x00\x00desc\x00\x00\x00\x00\x00\x00\x00\x12s\
RGB IEC61966-2.1\
\x00\x00\x00\x00\x00\x00\x00\x00\x00\x00\x00\x12sRGB\
 IEC61966-2.1\x00\x00\x00\
\x00\x00\x00\x00\x00\x00\x00\x00\x00\x00\x00\x00\x00\xff\x00\x00\
\x00\x00\x00\x00\x00\x00\x00\x00\x00\x00\x00\x00\x00\x00\x00\x00\
\x00\x00\x00\x00\x00\x00\x00\x00\x00\x00\x00\x00\x00\x00\x00\x00\
XYZ \x00\x00\x00\x00\x00\x00\xf3Q\x00\x01\x00\x00\
\x00\x01\x16\xccXYZ \x00\x00\x00\x00\x00\x00\x00\x00\
\x00\x00\x00\x00\x00\x00\x00\x00XYZ \x00\x00\x00\x00\
\x00\x00o\xa2\x00\x008\xf5\x00\x00\x03\x90XYZ \
\x00\x00\x00\x00\x00\x00b\x99\x00\x00\xb7\x85\x00\x00\x18\xda\
XYZ \x00\x00\x00\x00\x00\x00$\xa0\x00\x00\x0f\x84\
\x00\x00\xb6\xcfdesc\x00\x00\x00\x00\x00\x00\x00\x16\
IEC http://www.i\
ec.ch\x00\x00\x00\x00\x00\x00\x00\x00\x00\x00\x00\
\x16IEC http://www.\
iec.ch\x00\x00\x00\x00\x00\x00\x00\x00\x00\x00\
\x00\x00\x00\x00\x00\x00\x00\x00\x00\x00\x00\x00\x00\x00\x00\x00\
\x00\x00\x00\x00\x00\x00\x00\x00\x00\x00\x00\x00\x00\x00\x00\x00\
\x00\x00\x00\x00desc\x00\x00\x00\x00\x00\xff\x00\x00\
.IEC 61966-2.1 D\
efault RGB colou\
r space - sRGB\x00\x00\
\x00\x00\x00\x00\x00\x00\x00\x00\x00.IEC 61\
966-2.1 Default \
RGB colour space\
 - sRGB\x00\x00\x00\x00\x00\x00\x00\x00\x00\
\x00\x00\x00\x00\x00\x00\x00\x00\x00\x00\x00\x00\x00des\
c\x00\x00\x00\x00\x00\x00\x00,Referen\
ce Viewing Condi\
tion in IEC61966\
-2.1\x00\x00\x00\x00\x00\x00\x00\x00\x00\x00\x00,\
Reference Viewin\
g Condition in I\
EC61966-2.1\x00\x00\x00\x00\x00\
\x00\x00\x00\x00\x00\x00\x00\x00\x00\x00\x00\x00\x00\xff\x00\x00\
\x00\x00\x00\x00\x00\x00view\x00\x00\x00\x00\x00\x13\
\xa4\xfe\x00\x14_.\x00\x10\xcf\x14\x00\x03\xed\xcc\x00\x04\
\x13\x0b\x00\x03\x5c\x9e\x00\x00\x00\x01XYZ \x00\x00\
\x00\x00\x00L\x09V\x00P\x00\x00\x00W\x1f\xe7me\
as\x00\x00\x00\x00\x00\x00\x00\x01\x00\x00\x00\x00\x00\x00\
\x00\x00\x00\x00\x00\x00\x00\x00\x00\x00\x00\x00\x02\x8f\x00\x00\
\x00\x02sig \x00\x00\x00\x00CRT cu\
rv\x00\x00\x00\x00\x00\x00\x04\x00\x00\x00\x00\x05\x00\x0a\
\x00\x0f\x00\x14\x00\x19\x00\x1e\x00#\x00(\x00-\x002\
\x007\x00;\x00@\x00E\x00J\x00O\x00T\x00Y\
\x00^\x00c\x00h\x00m\x00r\x00w\x00|\x00\x81\
\x00\x86\x00\x8b\x00\x90\x00\x95\x00\x9a\x00\x9f\x00\xa4\x00\xa9\
\x00\xae\x00\xb2\x00\xb7\x00\xbc\x00\xc1\x00\xc6\x00\xcb\x00\xd0\
\x00\xd5\x00\xdb\x00\xe0\x00\xe5\x00\xeb\x00\xf0\x00\xf6\x00\xfb\
\x01\x01\x01\x07\x01\x0d\x01\x13\x01\x19\x01\x1f\x01%\x01+\
\x012\x018\x01>\x01E\x01L\x01R\x01\xffY\x01\
`\x01g\x01n\x01u\x01|\x01\x83\x01\x8b\x01\x92\x01\
\x9a\x01\xa1\x01\xa9\x01\xb1\x01\xb9\x01\xc1\x01\xc9\x01\xd1\x01\
\xd9\x01\xe1\x01\xe9\x01\xf2\x01\xfa\x02\x03\x02\x0c\x02\x14\x02\
\x1d\x02&\x02/\x028\x02A\x02K\x02T\x02]\x02\
g\x02q\x02z\x02\x84\x02\x8e\x02\x98\x02\xa2\x02\xac\x02\
\xb6\x02\xc1\x02\xcb\x02\xd5\x02\xe0\x02\xeb\x02\xf5\x03\x00\x03\
\x0b\x03\x16\x03!\x03-\x038\x03C\x03O\x03Z\x03\
f\x03r\x03~\x03\x8a\x03\x96\x03\xa2\x03\xae\x03\xba\x03\
\xc7\x03\xd3\x03\xe0\x03\xec\x03\xf9\x04\x06\x04\x13\x04 \x04\
-\x04;\x04H\x04U\x04c\x04q\x04~\x04\x8c\x04\
\x9a\x04\xa8\x04\xb6\x04\xc4\x04\xd3\x04\xe1\x04\xf0\x04\xfe\x05\
\x0d\x05\x1c\x05+\x05:\x05I\x05X\x05g\x05w\x05\
\x86\x05\x96\x05\xa6\x05\xb5\x05\xc5\x05\xd5\x05\xe5\x05\xf6\x06\
\x06\x06\x16\x06'\x067\x06H\x06Y\x06j\x06{\x06\
\x8c\x06\x9d\x06\xaf\x06\xc0\x06\xd1\x06\xe3\x06\xf5\x07\x07\x07\
\x19\x07+\x07=\x07O\x07a\x07t\x07\x86\xff\x07\x99\
\x07\xac\x07\xbf\x07\xd2\x07\xe5\x07\xf8\x08\x0b\x08\x1f\x082\
\x08F\x08Z\x08n\x08\x82\x08\x96\x08\xaa\x08\xbe\x08\xd2\
\x08\xe7\x08\xfb\x09\x10\x09%\x09:\x09O\x09d\x09y\
\x09\x8f\x09\xa4\x09\xba\x09\xcf\x09\xe5\x09\xfb\x0a\x11\x0a'\
\x0a=\x0aT\x0aj\x0a\x81\x0a\x98\x0a\xae\x0a\xc5\x0a\xdc\
\x0a\xf3\x0b\x0b\x0b\x22\x0b9\x0bQ\x0bi\x0b\x80\x0b\x98\
\x0b\xb0\x0b\xc8\x0b\xe1\x0b\xf9\x0c\x12\x0c*\x0cC\x0c\x5c\
\x0cu\x0c\x8e\x0c\xa7\x0c\xc0\x0c\xd9\x0c\xf3\x0d\x0d\x0d&\
\x0d@\x0dZ\x0dt\x0d\x8e\x0d\xa9\x0d\xc3\x0d\xde\x0d\xf8\
\x0e\x13\x0e.\x0eI\x0ed\x0e\x7f\x0e\x9b\x0e\xb6\x0e\xd2\
\x0e\xee\x0f\x09\x0f%\x0fA\x0f^\x0fz\x0f\x96\x0f\xb3\
\x0f\xcf\x0f\xec\x10\x09\x10&\x10C\x10a\x10~\x10\x9b\
\x10\xb9\x10\xd7\x10\xf5\x11\x13\x111\x11O\x11m\x11\x8c\
\x11\xaa\x11\xc9\x11\xe8\x12\x07\x12&\x12E\x12d\x12\x84\
\x12\xa3\x12\xc3\x12\xe3\x13\x03\x13#\x13C\x13c\x13\x83\
\x13\xa4\x13\xc5\x13\xe5\x14\x06\x14'\x14I\x14\xffj\x14\
\x8b\x14\xad\x14\xce\x14\xf0\x15\x12\x154\x15V\x15x\x15\
\x9b\x15\xbd\x15\xe0\x16\x03\x16&\x16I\x16l\x16\x8f\x16\
\xb2\x16\xd6\x16\xfa\x17\x1d\x17A\x17e\x17\x89\x17\xae\x17\
\xd2\x17\xf7\x18\x1b\x18@\x18e\x18\x8a\x18\xaf\x18\xd5\x18\
\xfa\x19 \x19E\x19k\x19\x91\x19\xb7\x19\xdd\x1a\x04\x1a\
*\x1aQ\x1aw\x1a\x9e\x1a\xc5\x1a\xec\x1b\x14\x1b;\x1b\
c\x1b\x8a\x1b\xb2\x1b\xda\x1c\x02\x1c*\x1cR\x1c{\x1c\
\xa3\x1c\xcc\x1c\xf5\x1d\x1e\x1dG\x1dp\x1d\x99\x1d\xc3\x1d\
\xec\x1e\x16\x1e@\x1ej\x1e\x94\x1e\xbe\x1e\xe9\x1f\x13\x1f\
>\x1fi\x1f\x94\x1f\xbf\x1f\xea \x15 A l \
\x98 \xc4 \xf0!\x1c!H!u!\xa1!\xce!\
\xfb\x22'\x22U\x22\x82\x22\xaf\x22\xdd#\x0a#8#\
f#\x94#\xc2#\xf0$\x1f$M$|$\xab$\
\xda%\x09%8%h%\x97%\xc7%\xf7&'&\
W&\x87&\xb7&\xe8'\x18'I'z'\xab'\
\xdc(\x0d(?(q(\xa2(\xd4)\x06\xff)8\
)k)\x9d)\xd0*\x02*5*h*\x9b*\xcf\
+\x02+6+i+\x9d+\xd1,\x05,9,n\
,\xa2,\xd7-\x0c-A-v-\xab-\xe1.\x16\
.L.\x82.\xb7.\xee/$/Z/\x91/\xc7\
/\xfe050l0\xa40\xdb1\x121J1\x82\
1\xba1\xf22*2c2\x9b2\xd43\x0d3F\
3\x7f3\xb83\xf14+4e4\x9e4\xd85\x13\
5M5\x875\xc25\xfd676r6\xae6\xe9\
7$7`7\x9c7\xd78\x148P8\x8c8\xc8\
9\x059B9\x7f9\xbc9\xf9:6:t:\xb2\
:\xef;-;k;\xaa;\xe8<'<e<\xa4\
<\xe3=\x22=a=\xa1=\xe0> >`>\xa0\
>\xe0?!?a?\xa2?\xe2@#@d@\xa6\
@\xe7A)AjA\xacA\xeeB0BrB\xb5\
B\xf7C:C}C\xc0D\x03DGD\x8aD\xce\
E\x12EUE\x9aE\xdeF\x22FgF\xff\xabF\
\xf0G5G{G\xc0H\x05HKH\x91H\xd7I\
\x1dIcI\xa9I\xf0J7J}J\xc4K\x0cK\
SK\x9aK\xe2L*LrL\xbaM\x02MJM\
\x93M\xdcN%NnN\xb7O\x00OIO\x93O\
\xddP'PqP\xbbQ\x06QPQ\x9bQ\xe6R\
1R|R\xc7S\x13S_S\xaaS\xf6TBT\
\x8fT\xdbU(UuU\xc2V\x0fV\x5cV\xa9V\
\xf7WDW\x92W\xe0X/X}X\xcbY\x1aY\
iY\xb8Z\x07ZVZ\xa6Z\xf5[E[\x95[\
\xe5\x5c5\x5c\x86\x5c\xd6]']x]\xc9^\x1a^\
l^\xbd_\x0f_a_\xb3`\x05`W`\xaa`\
\xfcaOa\xa2a\xf5bIb\x9cb\xf0cCc\
\x97c\xebd@d\x94d\xe9e=e\x92e\xe7f\
=f\x92f\xe8g=g\x93g\xe9h?h\x96h\
\xeciCi\x9ai\xf1jHj\x9fj\xf7kOk\
\xa7k\xfflWl\xafm\x08m`m\xb9\xffn\x12\
nkn\xc4o\x1eoxo\xd1p+p\x86p\xe0\
q:q\x95q\xf0rKr\xa6s\x01s]s\xb8\
t\x14tpt\xccu(u\x85u\xe1v>v\x9b\
v\xf8wVw\xb3x\x11xnx\xccy*y\x89\
y\xe7zFz\xa5{\x04{c{\xc2|!|\x81\
|\xe1}A}\xa1~\x01~b~\xc2\x7f#\x7f\x84\
\x7f\xe5\x80G\x80\xa8\x81\x0a\x81k\x81\xcd\x820\x82\x92\
\x82\xf4\x83W\x83\xba\x84\x1d\x84\x80\x84\xe3\x85G\x85\xab\
\x86\x0e\x86r\x86\xd7\x87;\x87\x9f\x88\x04\x88i\x88\xce\
\x893\x89\x99\x89\xfe\x8ad\x8a\xca\x8b0\x8b\x96\x8b\xfc\
\x8cc\x8c\xca\x8d1\x8d\x98\x8d\xff\x8ef\x8e\xce\x8f6\
\x8f\x9e\x90\x06\x90n\x90\xd6\x91?\x91\xa8\x92\x11\x92z\
\x92\xe3\x93M\x93\xb6\x94 \x94\x8a\x94\xf4\x95_\x95\xc9\
\x964\x96\x9f\x97\x0a\x97u\x97\xe0\x98L\x98\xb8\x99$\
\x99\x90\x99\xfc\x9ah\x9a\xd5\x9bB\x9b\xaf\x9c\x1c\x9c\x89\
\x9c\xf7\x9dd\x9d\xd2\x9e@\x9e\xae\x9f\x1d\x9f\xff\x8b\x9f\
\xfa\xa0i\xa0\xd8\xa1G\xa1\xb6\xa2&\xa2\x96\xa3\x06\xa3\
v\xa3\xe6\xa4V\xa4\xc7\xa58\xa5\xa9\xa6\x1a\xa6\x8b\xa6\
\xfd\xa7n\xa7\xe0\xa8R\xa8\xc4\xa97\xa9\xa9\xaa\x1c\xaa\
\x8f\xab\x02\xabu\xab\xe9\xac\x5c\xac\xd0\xadD\xad\xb8\xae\
-\xae\xa1\xaf\x16\xaf\x8b\xb0\x00\xb0u\xb0\xea\xb1`\xb1\
\xd6\xb2K\xb2\xc2\xb38\xb3\xae\xb4%\xb4\x9c\xb5\x13\xb5\
\x8a\xb6\x01\xb6y\xb6\xf0\xb7h\xb7\xe0\xb8Y\xb8\xd1\xb9\
J\xb9\xc2\xba;\xba\xb5\xbb.\xbb\xa7\xbc!\xbc\x9b\xbd\
\x15\xbd\x8f\xbe\x0a\xbe\x84\xbe\xff\xbfz\xbf\xf5\xc0p\xc0\
\xec\xc1g\xc1\xe3\xc2_\xc2\xdb\xc3X\xc3\xd4\xc4Q\xc4\
\xce\xc5K\xc5\xc8\xc6F\xc6\xc3\xc7A\xc7\xbf\xc8=\xc8\
\xbc\xc9:\xc9\xb9\xca8\xca\xb7\xcb6\xcb\xb6\xcc5\xcc\
\xb5\xcd5\xcd\xb5\xce6\xce\xb6\xcf7\xcf\xb8\xd09\xd0\
\xba\xd1<\xd1\xbe\xd2?\xd2\xc1\xd3D\xd3\xc6\xd4I\xd4\
\xcb\xd5N\xd5\xd1\xd6U\xd6\xd8\xd7\x5c\xd7\xe0\xd8d\xd8\
\xe8\xd9l\xd9\xf1\xdav\xda\xfb\xdb\x80\xdc\x05\xff\xdc\x8a\
\xdd\x10\xdd\x96\xde\x1c\xde\xa2\xdf)\xdf\xaf\xe06\xe0\xbd\
\xe1D\xe1\xcc\xe2S\xe2\xdb\xe3c\xe3\xeb\xe4s\xe4\xfc\
\xe5\x84\xe6\x0d\xe6\x96\xe7\x1f\xe7\xa9\xe82\xe8\xbc\xe9F\
\xe9\xd0\xea[\xea\xe5\xebp\xeb\xfb\xec\x86\xed\x11\xed\x9c\
\xee(\xee\xb4\xef@\xef\xcc\xf0X\xf0\xe5\xf1r\xf1\xff\
\xf2\x8c\xf3\x19\xf3\xa7\xf44\xf4\xc2\xf5P\xf5\xde\xf6m\
\xf6\xfb\xf7\x8a\xf8\x19\xf8\xa8\xf98\xf9\xc7\xfaW\xfa\xe7\
\xfbw\xfc\x07\xfc\x98\xfd)\xfd\xba\xfeK\xfe\xdc\xffm\
\xff\xff\xff\xed\x00\x0cAdobe_CM\x00\x01\
\xff\xee\x00\x0eAdobe\x00d\x80\x00\x00\x00\x01\
\xff\xdb\x00\x84\x00\x0c\x08\x08\x08\x09\x08\x0c\x09\x09\x0c\x11\
\x0b\x0a\x0b\x11\x15\x0f\x0c\x0c\x0f\x15\x18\x13\x13\x15\x13\x13\
\x18\x11\x0c\x0c\x0c\x0c\x0c\x0c\x11\x0c\x0c\x0c\x0c\x0c\x0c\x0c\
\x0c\x0c\x0c\x0c\x0c\x0c\x0c\x0c\x0c\x0c\x0c\x0c\x0c\x0c\x0c\x0c\
\x0c\x0c\x0c\x0c\x0c\x01\x0d\x0b\x0b\x0d\x0e\x0d\x10\x0e\x0e\x10\
\x14\x0e\x0e\x0e\x14\x14\x0e\x0e\x0e\x0e\x14\x11\x0c\xff\x0c\x0c\
\x0c\x0c\x11\x11\x0c\x0c\x0c\x0c\x0c\x0c\x11\x0c\x0c\x0c\x0c\x0c\
\x0c\x0c\x0c\x0c\x0c\x0c\x0c\x0c\x0c\x0c\x0c\x0c\x0c\x0c\x0c\x0c\
\x0c\x0c\x0c\x0c\x0c\x0c\x0c\xff\xc0\x00\x11\x08\x00\xa0\x00\xa0\
\x03\x01\x22\x00\x02\x11\x01\x03\x11\x01\xff\xdd\x00\x04\x00\x0a\
\xff\xc4\x01?\x00\x00\x01\x05\x01\x01\x01\x01\x01\x01\x00\x00\
\x00\x00\x00\x00\x00\x03\x00\x01\x02\x04\x05\x06\x07\x08\x09\x0a\
\x0b\x01\x00\x01\x05\x01\x01\x01\x01\x01\x01\x00\x00\x00\x00\x00\
\x00\x00\x01\x00\x02\x03\x04\x05\x06\x07\x08\x09\x0a\x0b\x10\x00\
\x01\x04\x01\x03\x02\x04\x02\x05\x07\x06\x08\x05\x03\x0c3\x01\
\x00\x02\x11\x03\x04!\x121\x05AQa\x13\x22q\x81\
2\x06\x14\x91\xa1\xb1B#$\x15R\xc1b34r\
\x82\xd1C\x07%\x92S\xf0\xe1\xf1cs5\x16\xa2\xb2\
\x83&D\x93TdE\xc2\xa3t6\x17\xd2U\xe2e\
\xf2\xb3\x84\xc3\xd3u\xe3\xf3F'\x94\xa4\x85\xb4\x95\xc4\
\xd4\xe4\xf4\xa5\xb5\xc5\xd5\xe5\xf5Vfv\x86\x96\xa6\xb6\
\xc6\xd6\xe6\xf67GWgw\x87\x97\xa7\xb7\xff\xc7\xd7\
\xe7\xf7\x11\x00\x02\x02\x01\x02\x04\x04\x03\x04\x05\x06\x07\x07\
\x06\x055\x01\x00\x02\x11\x03!1\x12\x04AQaq\
\x22\x13\x052\x81\x91\x14\xa1\xb1B#\xc1R\xd1\xf03\
$b\xe1r\x82\x92CS\x15cs4\xf1%\x06\x16\
\xa2\xb2\x83\x07&5\xc2\xd2D\x93T\xa3\x17dEU\
6te\xe2\xf2\xb3\x84\xc3\xd3u\xe3\xf3F\x94\xa4\x85\
\xb4\x95\xc4\xd4\xe4\xf4\xa5\xb5\xc5\xd5\xe5\xf5Vfv\x86\
\x96\xa6\xb6\xc6\xd6\xe6\xf6'7GWgw\x87\x97\xa7\
\xb7\xc7\xff\xda\x00\x0c\x03\x01\x00\x02\x11\x03\x11\x00?\x00\
\xf2\xa4\x92I%)$\x92IJI$\x92R\x92I\
$\x94\xa4Z\xb1rn\x13MO\xb0x\xb5\xa4\x8f\xc1\
lt\xae\x8f[knF[w\xbd\xe2k\xa8\xf0\x07\
gY\xfb\xcew\xee-i1\x1d\x87\x03\xb2Jy+\
p\xb3)\x05\xd6\xd3c\x1a9qi\x03\xfc\xe4\x15\xda\
\x02G\x06\x16wQ\xe9\x15d\xb4\xd9\x8e\xd1^@\xd6\
\x06\x8d\x7f\xf2H\xfc\xd7\xff\x00-%<\xe2\xffI\x10\
A \x88#B\x0aI)I$\x92JRI$\x92\
\x94\x92I$\xa7\xff\xd0\xf2\xa4\x92I%)$\x95\xac\
\x1c3\x90\xe2\xe7\xc8\xa9\xbc\x91\xc9?\xba\xd4\x94\xd6k\
\x1e\xf3\x0ciq\xf0\x02J!\xc4\xca\x02M/\x8f\xea\
\x95\xb6\xc62\xb6\xec\xad\xa1\x8d\xf0\x1f\xc7\xf7\x94\x92S\
\xce\x90A\x83\xa1\x0a\xcfL\xc7nFuU<K'\
s\xc7\x88h\xdeG\xfd\x15\xa9~=Y\x0d\x8bF\xbd\
\x9e>\x90Uz]N\xc6\xea\xec\xaa\xcf\xce\x0ekO\
c\xb9\xae\xdaRS\xd0\x12I\x93\xc9I$\x92R\x92\
I$\x94\xf3\xbdv\x81Vv\xf6\x88\x174X\x7f\xad\
%\xaf\xff\x00\xa4\xdd\xcb9lu\xc6>\xfc\xec|j\
\x9a_k\x98\x03Z;\x97\xb9\xdbZ\xb7:_F\xc6\
\xe9\xcck\x88m\xb9_\x9fq\xd4\x03\xfb\xb4O\xd1o\
\xfc'\xf3\x8f\xff\x00\xa0\x92\x9eZ\xae\x91\xd5-n\xea\
\xf1m-\x22A\xda@#\xcbr\x16F\x16f7\xf4\
\x8a_T\xf0^\xd2\x07\xdeW|I:\x9d\xffJG\
V\x96\x10\x1c\xc7h\xe6\x9dZG\xf2\x9a}\xaeIO\
\x9d\xa4\xba\x1e\xbd\xd0k\xae\xb7f\xe17k[\xad\xd4\
\x8e\x1a?\xd2\xd5\xfc\x8f\xdfg\xf8?\xf8\xbf\xe6\xf9\xe4\
\x94\xa4\x92I%?\xff\xd1\xf2\xa4\x92I%)n\xe3\
V*\xc7\xad\x83Hh'\xe2}\xceXK\xa0\xad\xc1\
\xf5\xb1\xe3\x874\x1f\xc1%2I$\x92R\x95>\xa4\
\x1c\xda\xeb\xc8a\x8b)x-w\x84\xeb\xff\x00E\xcd\
W\x15^\xa6\xe0\xdcB?y\xc0\x0f\xfa\xaf\xe0\x92\x9d\
\x5c<\xba\xb3(\x17W\xa1\xe2\xc6wk\xbc?\xaa\xef\
\xccF\x5c\x86>M\xf8\xd6z\x94<\xb1\xfcH\xee<\
\x1c>\x8b\x96\xad_X\xccE\xf4\x02\x7fz\xb7m\xff\
\x00\xa2\xe0\xff\x00\xfa\xa4\x94\xed(]uTT\xeb\xae\
;ko>$\xfe\xe3\x7f\x96\xe5\x95g\xd66A\xf4\
\xb1\xcc\xf6/v\x9f\xe6\xb07\xfe\xade\xe5\xe6\xe4\xe6\
<:\xf7H\x1fE\xa3F\xb7\xfa\xadIN\xe7\xd5\xd9\
\xcc\xea9]B\xc1\xeec@`\xfd\xd3d\xff\xb0G\
\xf5)c\x98\xba\x15\xce\xfdP\xb1\xbf\xad\xd5>\xe2+\
x\x1eM/c\xbf\xf3\xe3\x17D\x92\x94\x92I$\xa5\
CL\x87\x8d\xccp\x874\xf0A\xd1\xcd\xfe\xd3W\x03\
\x9b\x8f\xf6l\xcb\xf1\xfbT\xf70\x1f\x10\x0f\xb5w\xc0\
I\x81\xc9\x5c7W\xb5\xb7uL\xab\x1b\x1bM\xae\x00\
\x8e\x08\x07n\xef\xed$\xa6\xa2I$\x92\x9f\xff\xd2\xf2\
\xa4\x92I%)it\xcc\xa6\x96\x8cg\x98p\xfel\
\xf8\xcf\xe6\x7f\xe4U6b\xd8\xe1.\xf6\x0f>~\xe5\
?\xb1\x8f\xdf\xfc?\xda\x92\x9d\x94\x96ks2\xe8l\
X\x05\xcc\x1f\x9cy\x1f\xda\xff\x00\xc9'=\x5cF\x94\
\xeb\xe6\xef\xfc\xc5%:>|\x01\xa9'\x85\x8f\xd42\
\x85\xf6\x86\xb3\xf9\xba\xf4i\xf1?\x9c\xf5\x0c\x8c\xeb\xf2\
\x06\xd7\x10\xd6~\xe3t\x1f?\xde@IJI$\x92\
R\x92I$\x94\xda\xe9y\xee\xe9\xf9\xac\xc8\x03sG\
\xb6\xc6\x0f\xcea\xfam\xff\x00\xc8\xae\xde\xabj\xbe\xa6\
\xddK\x85\x95X%\x8f\x1d\xff\x00\xf2/o\xff\xe7\xb1\
y\xf2\xb5\x81\xd53:{\x89\xc7|5\xda\xbe\xb7j\
\xc7\x7fY\xbf\xf7\xef\xa6\x92\x9e\xe9%\xce\xd7\xf5\xbc@\
\xf5q%\xdd\xcb,\xda?\xcd{,\xff\x00\xabZ\x1d\
2\xff\x00\xac\x1dx;\xf6F\x1b(\xa9\x87m\x99\x97\
:X\xc2D\xc6\xe7\x86\xb1\xd6\x7f\xc1\xb2\xab\xec\xff\x00\
\x83IL\xfa\xcfTgN\xc6;O\xebV\x82)g\
q:z\xee\xfeK?\xc1\xfe\xfd\x9f\xdb\x5cR\xef\x8f\
\xf8\xb3\xbe\xf2n\xcc\xea\xc1\xd7\xbfW\x96\xd2\xeb\x01?\
\xf1\x96\xdbC\xff\x00\xf05\x9f\xd4\x7f\xc5\xafX\xc7a\
\xb3\x02\xda\xba\x80\x1f\xe0\xdb5\xdb\xfd\x9a\xad\xf6?\xfa\
\x95\xdc\xfb\x12S\xc8\xa4\x9e\xca\xdf[\xdd]\x8d,\xb1\
\x84\xb5\xecp\x82\x08\xd1\xcdsO\xd1sS$\xa7\xff\
\xd3\xf2\xa5k\x16\xa0\x07\xa8\xeeO\xd1\xf2\xf3UV\x88\
\x10\x03G\x00G\xdc\x92\x94\x92I$\xa5*\x995\x06\
;s~\x8b\xbbx\x15m\x0f M.\xf2\x82>\xf4\
\x94\xd2I$\x92R\x92I$\x94\xa4\x92I\xff%)\
$\x92IN\xcf\xd5?\xab\xe7\xae\xf5V\xe3\xd8\x5c\xcc\
JG\xab\x97cy\x0c\x06=6O\xf8K\x9e}&\
\x7f\xdb\xbf\xe0\xd7\xaeUUT\xd3]\x14V\xdah\xa5\
\xbbj\xa9\x82\x1a\xd6\x8f\xcdo\xfa\xfb\xd7%\xfe,\xb1\
\xebgG\xcc\xc9\x03\xf4\x97d\x8a\x9c\x7f\x93S\x03\xda\
?\xce\xc9r\xeb\xd2R\x92I$\x94\xf3\x1f^~\xad\
U\xd50l\xeax\xec\x8e\xa5\x88\xcd\xef-\xff\x00\x0d\
K\x07\xe9\x1bg\xef]C?IU\x9f\xe8\xbfC\xfe\
\x83\xd3\xf2\xf5\xef5\xc6\xf6\xee\x12\xd9\x82<A\xfaA\
xwR\xc7n/Q\xca\xc5o\xd1\xa2\xeb+\x1d\xf4\
c\x9c\xcf\xfb\xeaJ\x7f\xff\xd4\xf2\xa5\xa0\xc7nc]\
\xe2\x16z6=\xe1\x9e\xd7}\x13\xdf\xc0\xa4\xa6\xdaI\
r$j\x0f\x05$\x94\xa4,\x97EDwq\x8f\xe2\
\x88\xe75\x83s\x8c\x05J\xebM\x8e\x9e\x00\xd0\x04\x94\
\xc1$\x92IJI$\x92R\x92I$\x94\xa4\x92I\
%>\x83\xfe,3\x98\xec\x5c\xee\x9aH\x0f\xffc\x9b\
\x95X\xeeZG\xa1\x7f\xf9\x9f\xab\xae\xd9x\x9fJ\xea\
\x99}'>\x9c\xfcB\x05\xd4\x99\x01\xc2Z\xe6\x91\xb6\
\xca\xaco\xe7Wc\x0e\xc7\xaf\x5c\xe8}{\xa7u\xdc\
qn\x0b\xe2\xe0&\xecG\x1f\xd2\xd6\x7f;\xdb\xfe\x1a\
\x9f\xdc\xbe\xbf\xfa\xe7\xa5g\xe8\xd2S\xa0\x92I\x18k\
\x1dc\x88el\x12\xfb\x1cCZ\xd1\xfb\xcf\xb1\xd0\xc6\
7\xfa\xc9)g\xdfV5o\xc9\xb8\xed\xa7\x1d\xae\xb6\
\xd7x5\x83\xd4w\xfdJ\xf0\xdc\x9b\xdd\x93\x93nC\
\xf4u\xcfu\x8e\x1en%\xe7\xf2\xae\xc3\xeb\xbf\xd7\x1a\
s\xaawG\xe9N\xdf\x88H9Y1\x02\xd2\xd3\xb9\
\x94\xd3?\xf6\x9d\x8f\x1b\xfdO\xf0\xd6\xff\x00\xc1W\xfa\
n-%?\xff\xd5\xf2\xa4\x92I%2m\x8fg\xd1\
q\x0ac\x22\xf7\x18\x0e\xd7\xe0\x10\x91\xabn\xd6\xf9\x9e\
RR\xb6n2\xf2\x5cR\xf4\xd9\xe0\xa4\x92JF\xea\
\xbb\xb7_$5a\x0e\xd6\xfep\xef\xcaJF\x92I\
$\xa5$\x92I)K\xb3\xfa\xa5\xfe-:\xff\x8f[\
\xaa\xbc\xfc\xfb\x0e\x07N\xb2\x1dY\xdb7Z\xdf\xde\xa6\
\xb7CYS\xdb\xf4o\xb7\xfe\xb7U\xca\xaf\xf8\xbb\xfa\
\xb5W_\xeb\xc3\xedm\xdf\x81\x82\xdf_%\xbd\x9eg\
m\x18\xfc;\xf9\xdb~\x9f\xfc\x0dw/pIO-\
\x8b\xfe,~\xa5QP\xae\xcc+2\x9c?\xc2\xdd}\
\x81\xc7\xe21]\x8dW\xfe\x06\xabu\x0f\xf1U\xf5r\
\xe2,\xe9\x96dt\x9c\x86k[\xeby\xb5\x80\xfe\xf3\
\x99q\xf5\xfd\xbf\xf0y,]\x92I)\xf1~\xbd\x9b\
\xf5\xff\x00\xea\xaeC0\xf3\xb3\xec}v\x02\xec|\x99\
\x172\xd6\x8d\x1f\xe9\xdd{\x1df\xea\xff\x00\xc2Ug\
\xe9+\xff\x00\xaeV\xb9\xbe\xa1\xd6\xfa\xbfS\x8f\xb7\xe6\
]\x92\xd0e\xac{\xc9`>,\xab\xf9\xb6\x7fe\xab\
\xdfz\xefD\xc4\xeb\xfd*\xee\x97\x97\x01\x97\x09\xaa\xd2\
\x015Z?\x99\xc8\xaf\xfa\x9f\x9f\xfe\x92\x9fR\xa5\xf3\
\xceV5\xd8\x996\xe2\xe44\xb2\xfa\x1e\xea\xada\xe5\
\xafa,{\x7f\xb2\xe6\xa4\xa4i$\x92J\xff\x7f\xff\
\xd6\xf2\xa4\x92I%)XU\xd1\xdaw4\x1f\xbd%\
.\x92I$\xa5(\xd9\xf4\x0a\x92\xb5\xd2\xbae\xfdc\
\xaabt\xacs\x16\xe6Z\xda\xf7D\x86\xb7\xfc%\xae\
\x1f\xbbS7Y\xfd\x84\x94\xe9}N\xfa\x8b\xd5~\xb5\
\x5c\xf7PF.\x0d&.\xcc\xb1\xa4\xb7w\xfa*\x19\
\xed\xf5\xee\xdb\xef\xd9\xbd\x8c\xaf\xfc-\x95\xfa\x94\xfa\x9e\
\xab\xd3\xbf\xc5?\xd4\xdc:\x83n\xc6\xb3:\xd9\x93n\
E\x8e\x9f\x87\xa7\x8eh\xa7o\xfdmt\xfd7\xa7a\
\xf4\xbc\x0a:~\x15b\xaclf\x06V\xc1\xe5\xf4\x9c\
\xef\xde\xb2\xc7~\x92\xc7\xff\x00\x84\xb1ZIO'\x9d\
\xfe+\xbe\xa5e\xd6\xe6\x8c\x13\x8dc\x84\x0bh\xb1\xed\
s|\xda\xc7\xba\xca?\xcf\xa5y\xa7\xd7_\xf1i\xd4\
~\xae5\xd9\xd8o9\xdd.N\xeb\x22-\xa4O\xb7\
\xed,o\xb5\xcc\xff\x00\xbb\x15\xfb?~\xba?F\xbd\
\xddF\xca\xeb\xba\xb7\xd5k\x1bev4\xb5\xecp\x05\
\xaei\x1b\x5c\xc7\xb5\xde\xd75\xcdIO\x96\xff\x7f\x89\
\x9a\xd8:wU\xb4F\xf7\xddK\x1d\xe3\xb5\xad\xb5\xcd\
\xff\x00\xa4\xf7/D\x5c\x1f\xd5\xccz>\xa8\xfd|\xea\
_W\x0cW\x87\xd5\xebe\xfd5\xce$\x99a\xb1\xd5\
P\x1c\x5c\xef\xdf\xcc\xc7\xdfo\xe9-\xb2\x8a\xbf\xd2\xae\
\xf1%)$\x92IJ^\x13\xfe1j\xae\xaf\xae\xbd\
U\xb5\x88i\xb5\xaf?\xd6{+\xb2\xcf\xfc\x11\xee^\
\xe7u\xd4c\xd3fNC\xc5x\xf41\xd6\xdda\xe1\
\xac`\xdfc\xb4\xfeH_;u\xbe\xa4\xfe\xad\xd5\xf3\
:\x93\xc1i\xcb\xb9\xf6\x86\x93%\xads\x89\xae\xb9\xff\
\x00\x83g\xb1%4\x92I$\x94\xff\x00\xff\xd7\xf2\xa4\
\x92I%)I\x8f-> \xf2\x14RII\xc3\x9a\
\xee\x0f\xc9:\xae\x92JL\xeb\x1a\xdf3\xe0\xba\x9f\xf1\
R\x18\xff\x00\xaf\x18N\xb3\xe95\x97\x9a\xf5\x8fw\xa5\
ct\xff\x00\xad\x97\xaeAi\xfdY\xeb.\xe8}{\
\x0b\xaa\x81\xb9\xb8\xd6\x83cF\xa4\xd6\xe0j\xbd\xad\xd5\
\xbe\xf7R\xfb6$\xa7\xe9t\x90\xe8\xbe\x9c\xff\x8ak\
\xc8\xa1\xe2\xcanh\xb2\xbb\x1ae\xaek\x86\xe6=\xae\
\xfd\xd75\x11%)$\x92IO\x91\x7f\x8e\xb2(\xeb\
\x1d'*\x87\x1a\xf2\xdbK\xff\x00J\xc2C\xc0\xad\xe1\
\xf48\x16\xfb\x99\xb2\xc7\xdb\xe9\xb9i\xfdR\xff\x00\x19\
\xfd;\xa8\xd3^'^\xb5\xb8]E\xa3i\xcat6\
\x8b\xa3\x8b\x1e\xe1\xec\xc4\xb9\xdf\xe1w~\xad\xfe\x8f\xd2\
\xf5=\x05\xc4\x7f\x8c\xae\xbfG]\xfa\xd3u\xb8\xaem\
\x98\xb8\x8cn-\x16\xb4\xc8x\xac\xb9\xf6X\x1c\x0b\x9a\
\xf6\xba\xfbm\xf4\xde\xcf\xa7O\xa6\xb9d\x94\xfd3Q\
\x17V\xdbi\x22\xda\x9e%\x96VC\xdaG\x8b^\xcd\
\xcdr\xab\xd4\xfa\xafL\xe95\x1b\xba\x9eUXl\x82\
\xe1\xea\xb8\x078\x0f\xf4T\x89\xba\xe7\x7f&\xaa\xd7\xce\
U\xdbmd\x9a\xde\xe6\x12 \x96\x92$|\x94I$\
\xc92Or\x92\x9e\xdb\xeb\xe7\xf8\xc1w^k\xba_\
L\x0e\xab\xa55\xc0\xd8\xf7ie\xeen\xad/`\xfe\
o\x1d\xaf\xf7\xd5O\xfdz\xdf\xf4uq)\xff$\x92\
\x94\x92I$\xa7\xff\xd0\xf2\xa4\x92I%)$\x92I\
JI$\x92R\x92I$\x94\xf6\xff\x00P\xff\x00\xc6\
NG\xd5\xc6\x8e\x9d\xd4\x18\xec\xae\x93$\xb02=Z\
\x5cN\xf7\x1awmm\x95=\xdfN\x97;\xfe\x16\xbf\
\xf4v\xfa\xe7M\xfa\xdd\xf5g\xaaV\x1f\x85\xd4\xb1\xec\
\x9f\xccs\xc5v|\xe8\xbf\xd3\xbb\xff\x00\x03_6$\
\x92\x9f\xa63\xbe\xb1\xf4\x0e\x9c\xc7?7\xa8c\xd0\x1b\
\xcb]cw|\x1bP>\xa3\xdd\xfdF/3\xfa\xf1\
\xfe5\xc6u\x16\xf4\xbf\xab\xbb\x99\x8fh,\xbf9\xe3\
k\x9e\xd3-s1\xabw\xbe\xba\xde\xcf\xf0\xb6~\x9b\
\xfe\x0a\xaf\xa6\xbc\xcd$\x94\xa4\x92I%)$\x92I\
JI$\x92R\x92I$\x94\xff\x00\xff\xd98BI\
M\x04!\x00\x00\x00\x00\x00U\x00\x00\x00\x01\x01\x00\x00\
\x00\x0f\x00A\x00d\x00o\x00b\x00e\x00 \x00P\
\x00h\x00o\x00t\x00o\x00s\x00h\x00o\x00p\
\x00\x00\x00\x13\x00A\x00d\x00o\x00b\x006e\x00\
 \x00P\x00h\x00o\x00t\x00o\x00s\x00h\x00\
o\x00p\x00 \x00C\x00S\x005\x00\x00\x00\x01\x00\
8BIM\x04\x06\x00\x00\x00\x00\x00\x07\x00\x08\x00\x00\
\x00\x01\x01\x00\x00!\xff\x0bICCRGBG1\
012\xff\x00\x00\x0cHLino\x02\x10\x00\x00\
mntrRGB XYZ \x07\xce\x00\x02\
\x00\x09\x00\x06\x001\x00\x00acspMSFT\
\x00\x00\x00\x00IEC sRGB\x00\x00\x00\x00\
\x00\x00\x00\x00\x00\x00\x00\x01\x00\x00\xf6\xd6\x00\x01\x00\x00\
\x00\x00\xd3-HP  \x00\x00\x00\x00\x00\x00\x00\x00\
\x00\x00\x00\x00\x00\x00\x00\x00\x00\x00\x00\x00\x00\x00\x00\x00\
\x00\x00\x00\x00\x00\x00\x00\x00\x00\x00\x00\x00\x00\x00\x00\x00\
\x00\x00\x00\x00\x00\x00\x00\x11cprt\x00\x00\x01P\
\x00\x00\x003desc\x00\x00\x01\x84\x00\x00\x00l\
wtpt\x00\x00\x01\xf0\x00\x00\x00\x14bkpt\
\x00\x00\x02\x04\x00\x00\x00\x14rXYZ\x00\x00\x02\x18\
\x00\x00\x00\x14gXYZ\x00\x00\x02,\x00\x00\x00\x14\
bXYZ\x00\x00\x02@\x00\x00\x00\x14dmnd\
\x00\x00\x02T\x00\x00\x00pdmdd\x00\x00\x02\xc4\
\x00\x00\x00\x88vued\x00\x00\x03L\x00\x00\x00\x86\
vie\xffw\x00\x00\x03\xd4\x00\x00\x00$lum\
i\x00\x00\x03\xf8\x00\x00\x00\x14meas\x00\x00\x04\
\x0c\x00\x00\x00$tech\x00\x00\x040\x00\x00\x00\
\x0crTRC\x00\x00\x04<\x00\x00\x08\x0cgTR\
C\x00\x00\x04<\x00\x00\x08\x0cbTRC\x00\x00\x04\
<\x00\x00\x08\x0ctext\x00\x00\x00\x00Cop\
yright (c) 1998 \
Hewlett-Packard \
Company\x00\x00desc\x00\x00\x00\
\x00\x00\x00\x00\x12sRGB IEC619\
66-2.1\x00\x00\x00\x00\x00\x00\x00\x00\x00\x00\
\x00\x12sRGB IEC61966-\
2.1\x00\x00\x00\x00\x00\x00\x00\x00\x00\x00\x00\x00\x00\
\x00\x00\x00\x00\x00\x00\x00\x00\x00\x00\x00\x00\x00\x00\x00\x00\
\x00\x00\x00\x00\x00\x00\x00\x00\x00\x00\x00\x00\x00\x00\x00\x00\
\x00\x00\x00\x00\x00XYZ \x00\x00\x00\x00\x00\x00\xf3\
Q\x00\x01\xff\x00\x00\x00\x01\x16\xccXYZ \x00\x00\
\x00\x00\x00\x00\x00\x00\x00\x00\x00\x00\x00\x00\x00\x00XY\
Z \x00\x00\x00\x00\x00\x00o\xa2\x00\x008\xf5\x00\x00\
\x03\x90XYZ \x00\x00\x00\x00\x00\x00b\x99\x00\x00\
\xb7\x85\x00\x00\x18\xdaXYZ \x00\x00\x00\x00\x00\x00\
$\xa0\x00\x00\x0f\x84\x00\x00\xb6\xcfdesc\x00\x00\
\x00\x00\x00\x00\x00\x16IEC http:/\
/www.iec.ch\x00\x00\x00\x00\x00\
\x00\x00\x00\x00\x00\x00\x16IEC http:\
//www.iec.ch\x00\x00\x00\x00\
\x00\x00\x00\x00\x00\x00\x00\x00\x00\x00\x00\x00\x00\x00\x00\x00\
\x00\x00\x00\x00\x00\x00\x00\x00\x00\x00\x00\x00\x00\x00\x00\x00\
\x00\x00\x00\x00\x00\x00\x00\x00\x00\x00desc\x00\x00\
\x00\x00\x00\x00\x00.IEC 61966-\
2.1 Default RGB \
colour space - s\
RGB\xff\x00\x00\x00\x00\x00\x00\x00\x00\x00\x00\x00.\
IEC 61966-2.1 De\
fault RGB colour\
 space - sRGB\x00\x00\x00\
\x00\x00\x00\x00\x00\x00\x00\x00\x00\x00\x00\x00\x00\x00\x00\x00\
\x00\x00\x00desc\x00\x00\x00\x00\x00\x00\x00,R\
eference Viewing\
 Condition in IE\
C61966-2.1\x00\x00\x00\x00\x00\x00\
\x00\x00\x00\x00\x00,Reference \
Viewing Conditio\
n in IEC61966-2.\
1\x00\x00\x00\x00\x00\x00\x00\x00\x00\x00\x00\x00\x00\x00\x00\
\x00\x00\x00\x00\x00\x00\x00\x00\x00\x00\x00view\x00\
\x00\x00\x00\x00\x13\xa4\xfe\x00\x14_.\x00\x10\xcf\x14\x00\
\x03\xed\xcc\x00\x04\x13\x0b\x00\x03\x5c\x9e\x00\x00\x00\x01X\
YZ \xff\x00\x00\x00\x00\x00L\x09V\x00P\x00\x00\
\x00W\x1f\xe7meas\x00\x00\x00\x00\x00\x00\x00\x01\
\x00\x00\x00\x00\x00\x00\x00\x00\x00\x00\x00\x00\x00\x00\x00\x00\
\x00\x00\x02\x8f\x00\x00\x00\x02sig \x00\x00\x00\x00\
CRT curv\x00\x00\x00\x00\x00\x00\x04\x00\
\x00\x00\x00\x05\x00\x0a\x00\x0f\x00\x14\x00\x19\x00\x1e\x00#\
\x00(\x00-\x002\x007\x00;\x00@\x00E\x00J\
\x00O\x00T\x00Y\x00^\x00c\x00h\x00m\x00r\
\x00w\x00|\x00\x81\x00\x86\x00\x8b\x00\x90\x00\x95\x00\x9a\
\x00\x9f\x00\xa4\x00\xa9\x00\xae\x00\xb2\x00\xb7\x00\xbc\x00\xc1\
\x00\xc6\x00\xcb\x00\xd0\x00\xd5\x00\xdb\x00\xe0\x00\xe5\x00\xeb\
\x00\xf0\x00\xf6\x00\xfb\x01\x01\x01\x07\x01\x0d\x01\x13\x01\x19\
\x01\x1f\x01%\x01+\x012\x018\x01>\x01E\x01L\
\x01R\x01Y\x01`\x01g\x01n\x01u\x01|\x01\x83\
\x01\x8b\x01\x92\x01\x9a\x01\xa1\x01\xa9\x01\xb1\x01\xb9\x01\xc1\
\x01\xc9\x01\xd1\x01\xd9\x01\xe1\x01\xe9\x01\xf2\x01\xfa\x02\x03\
\x02\x0c\x02\xff\x14\x02\x1d\x02&\x02/\x028\x02A\x02\
K\x02T\x02]\x02g\x02q\x02z\x02\x84\x02\x8e\x02\
\x98\x02\xa2\x02\xac\x02\xb6\x02\xc1\x02\xcb\x02\xd5\x02\xe0\x02\
\xeb\x02\xf5\x03\x00\x03\x0b\x03\x16\x03!\x03-\x038\x03\
C\x03O\x03Z\x03f\x03r\x03~\x03\x8a\x03\x96\x03\
\xa2\x03\xae\x03\xba\x03\xc7\x03\xd3\x03\xe0\x03\xec\x03\xf9\x04\
\x06\x04\x13\x04 \x04-\x04;\x04H\x04U\x04c\x04\
q\x04~\x04\x8c\x04\x9a\x04\xa8\x04\xb6\x04\xc4\x04\xd3\x04\
\xe1\x04\xf0\x04\xfe\x05\x0d\x05\x1c\x05+\x05:\x05I\x05\
X\x05g\x05w\x05\x86\x05\x96\x05\xa6\x05\xb5\x05\xc5\x05\
\xd5\x05\xe5\x05\xf6\x06\x06\x06\x16\x06'\x067\x06H\x06\
Y\x06j\x06{\x06\x8c\x06\x9d\x06\xaf\x06\xc0\x06\xd1\x06\
\xe3\x06\xf5\x07\x07\x07\x19\x07+\x07=\x07O\x07a\x07\
t\x07\x86\x07\x99\x07\xac\x07\xbf\x07\xd2\x07\xe5\x07\xf8\x08\
\x0b\x08\x1f\x082\x08F\x08Z\x08n\x08\x82\x08\x96\x08\
\xaa\x08\xbe\x08\xd2\x08\xe7\x08\xfb\x09\x10\x09%\x09:\x09\
O\x09d\xff\x09y\x09\x8f\x09\xa4\x09\xba\x09\xcf\x09\xe5\
\x09\xfb\x0a\x11\x0a'\x0a=\x0aT\x0aj\x0a\x81\x0a\x98\
\x0a\xae\x0a\xc5\x0a\xdc\x0a\xf3\x0b\x0b\x0b\x22\x0b9\x0bQ\
\x0bi\x0b\x80\x0b\x98\x0b\xb0\x0b\xc8\x0b\xe1\x0b\xf9\x0c\x12\
\x0c*\x0cC\x0c\x5c\x0cu\x0c\x8e\x0c\xa7\x0c\xc0\x0c\xd9\
\x0c\xf3\x0d\x0d\x0d&\x0d@\x0dZ\x0dt\x0d\x8e\x0d\xa9\
\x0d\xc3\x0d\xde\x0d\xf8\x0e\x13\x0e.\x0eI\x0ed\x0e\x7f\
\x0e\x9b\x0e\xb6\x0e\xd2\x0e\xee\x0f\x09\x0f%\x0fA\x0f^\
\x0fz\x0f\x96\x0f\xb3\x0f\xcf\x0f\xec\x10\x09\x10&\x10C\
\x10a\x10~\x10\x9b\x10\xb9\x10\xd7\x10\xf5\x11\x13\x111\
\x11O\x11m\x11\x8c\x11\xaa\x11\xc9\x11\xe8\x12\x07\x12&\
\x12E\x12d\x12\x84\x12\xa3\x12\xc3\x12\xe3\x13\x03\x13#\
\x13C\x13c\x13\x83\x13\xa4\x13\xc5\x13\xe5\x14\x06\x14'\
\x14I\x14j\x14\x8b\x14\xad\x14\xce\x14\xf0\x15\x12\x154\
\x15V\x15x\x15\x9b\x15\xbd\x15\xe0\x16\x03\x16&\x16I\
\x16l\x16\x8f\x16\xb2\x16\xd6\x16\xfa\x17\x1d\x17A\x17e\
\x17\x89\x17\xff\xae\x17\xd2\x17\xf7\x18\x1b\x18@\x18e\x18\
\x8a\x18\xaf\x18\xd5\x18\xfa\x19 \x19E\x19k\x19\x91\x19\
\xb7\x19\xdd\x1a\x04\x1a*\x1aQ\x1aw\x1a\x9e\x1a\xc5\x1a\
\xec\x1b\x14\x1b;\x1bc\x1b\x8a\x1b\xb2\x1b\xda\x1c\x02\x1c\
*\x1cR\x1c{\x1c\xa3\x1c\xcc\x1c\xf5\x1d\x1e\x1dG\x1d\
p\x1d\x99\x1d\xc3\x1d\xec\x1e\x16\x1e@\x1ej\x1e\x94\x1e\
\xbe\x1e\xe9\x1f\x13\x1f>\x1fi\x1f\x94\x1f\xbf\x1f\xea \
\x15 A l \x98 \xc4 \xf0!\x1c!H!\
u!\xa1!\xce!\xfb\x22'\x22U\x22\x82\x22\xaf\x22\
\xdd#\x0a#8#f#\x94#\xc2#\xf0$\x1f$\
M$|$\xab$\xda%\x09%8%h%\x97%\
\xc7%\xf7&'&W&\x87&\xb7&\xe8'\x18'\
I'z'\xab'\xdc(\x0d(?(q(\xa2(\
\xd4)\x06)8)k)\x9d)\xd0*\x02*5*\
h*\x9b*\xcf+\x02+6+i+\x9d+\xd1,\
\x05,9,n,\xa2,\xd7-\x0c-A-v-\
\xab-\xe1\xff.\x16.L.\x82.\xb7.\xee/$\
/Z/\x91/\xc7/\xfe050l0\xa40\xdb\
1\x121J1\x821\xba1\xf22*2c2\x9b\
2\xd43\x0d3F3\x7f3\xb83\xf14+4e\
4\x9e4\xd85\x135M5\x875\xc25\xfd67\
6r6\xae6\xe97$7`7\x9c7\xd78\x14\
8P8\x8c8\xc89\x059B9\x7f9\xbc9\xf9\
:6:t:\xb2:\xef;-;k;\xaa;\xe8\
<'<e<\xa4<\xe3=\x22=a=\xa1=\xe0\
> >`>\xa0>\xe0?!?a?\xa2?\xe2\
@#@d@\xa6@\xe7A)AjA\xacA\xee\
B0BrB\xb5B\xf7C:C}C\xc0D\x03\
DGD\x8aD\xceE\x12EUE\x9aE\xdeF\x22\
FgF\xabF\xf0G5G{G\xc0H\x05HK\
H\x91H\xd7I\x1dIcI\xa9I\xf0J7J}\
J\xc4K\x0cKSK\x9aK\xe2L*LrL\xba\
M\x02M\xffJM\x93M\xdcN%NnN\xb7O\
\x00OIO\x93O\xddP'PqP\xbbQ\x06Q\
PQ\x9bQ\xe6R1R|R\xc7S\x13S_S\
\xaaS\xf6TBT\x8fT\xdbU(UuU\xc2V\
\x0fV\x5cV\xa9V\xf7WDW\x92W\xe0X/X\
}X\xcbY\x1aYiY\xb8Z\x07ZVZ\xa6Z\
\xf5[E[\x95[\xe5\x5c5\x5c\x86\x5c\xd6]']\
x]\xc9^\x1a^l^\xbd_\x0f_a_\xb3`\
\x05`W`\xaa`\xfcaOa\xa2a\xf5bIb\
\x9cb\xf0cCc\x97c\xebd@d\x94d\xe9e\
=e\x92e\xe7f=f\x92f\xe8g=g\x93g\
\xe9h?h\x96h\xeciCi\x9ai\xf1jHj\
\x9fj\xf7kOk\xa7k\xfflWl\xafm\x08m\
`m\xb9n\x12nkn\xc4o\x1eoxo\xd1p\
+p\x86p\xe0q:q\x95q\xf0rKr\xa6s\
\x01s]s\xb8t\x14tpt\xccu(u\x85u\
\xe1v>\xffv\x9bv\xf8wVw\xb3x\x11xn\
x\xccy*y\x89y\xe7zFz\xa5{\x04{c\
{\xc2|!|\x81|\xe1}A}\xa1~\x01~b\
~\xc2\x7f#\x7f\x84\x7f\xe5\x80G\x80\xa8\x81\x0a\x81k\
\x81\xcd\x820\x82\x92\x82\xf4\x83W\x83\xba\x84\x1d\x84\x80\
\x84\xe3\x85G\x85\xab\x86\x0e\x86r\x86\xd7\x87;\x87\x9f\
\x88\x04\x88i\x88\xce\x893\x89\x99\x89\xfe\x8ad\x8a\xca\
\x8b0\x8b\x96\x8b\xfc\x8cc\x8c\xca\x8d1\x8d\x98\x8d\xff\
\x8ef\x8e\xce\x8f6\x8f\x9e\x90\x06\x90n\x90\xd6\x91?\
\x91\xa8\x92\x11\x92z\x92\xe3\x93M\x93\xb6\x94 \x94\x8a\
\x94\xf4\x95_\x95\xc9\x964\x96\x9f\x97\x0a\x97u\x97\xe0\
\x98L\x98\xb8\x99$\x99\x90\x99\xfc\x9ah\x9a\xd5\x9bB\
\x9b\xaf\x9c\x1c\x9c\x89\x9c\xf7\x9dd\x9d\xd2\x9e@\x9e\xae\
\x9f\x1d\x9f\x8b\x9f\xfa\xa0i\xa0\xd8\xa1G\xa1\xb6\xa2&\
\xa2\x96\xa3\x06\xa3v\xa3\xe6\xa4V\xa4\xc7\xa58\xa5\xa9\
\xa6\x1a\xa6\x8b\xa6\xfd\xa7n\xa7\xe0\xa8R\xa8\xc4\xa97\
\xa9\xa9\xaa\xff\x1c\xaa\x8f\xab\x02\xabu\xab\xe9\xac\x5c\xac\
\xd0\xadD\xad\xb8\xae-\xae\xa1\xaf\x16\xaf\x8b\xb0\x00\xb0\
u\xb0\xea\xb1`\xb1\xd6\xb2K\xb2\xc2\xb38\xb3\xae\xb4\
%\xb4\x9c\xb5\x13\xb5\x8a\xb6\x01\xb6y\xb6\xf0\xb7h\xb7\
\xe0\xb8Y\xb8\xd1\xb9J\xb9\xc2\xba;\xba\xb5\xbb.\xbb\
\xa7\xbc!\xbc\x9b\xbd\x15\xbd\x8f\xbe\x0a\xbe\x84\xbe\xff\xbf\
z\xbf\xf5\xc0p\xc0\xec\xc1g\xc1\xe3\xc2_\xc2\xdb\xc3\
X\xc3\xd4\xc4Q\xc4\xce\xc5K\xc5\xc8\xc6F\xc6\xc3\xc7\
A\xc7\xbf\xc8=\xc8\xbc\xc9:\xc9\xb9\xca8\xca\xb7\xcb\
6\xcb\xb6\xcc5\xcc\xb5\xcd5\xcd\xb5\xce6\xce\xb6\xcf\
7\xcf\xb8\xd09\xd0\xba\xd1<\xd1\xbe\xd2?\xd2\xc1\xd3\
D\xd3\xc6\xd4I\xd4\xcb\xd5N\xd5\xd1\xd6U\xd6\xd8\xd7\
\x5c\xd7\xe0\xd8d\xd8\xe8\xd9l\xd9\xf1\xdav\xda\xfb\xdb\
\x80\xdc\x05\xdc\x8a\xdd\x10\xdd\x96\xde\x1c\xde\xa2\xdf)\xdf\
\xaf\xe06\xe0\xbd\xe1D\xe1\xcc\xe2S\xe2\xdb\xe3c\xe3\
\xeb\xe4s\xe4\xfc\xe5\x84\xe6\x0d\xe6\x96\xe7\x1f\xe7\xa9\xe8\
2\xe8\xbcT\xe9F\xe9\xd0\xea[\xea\xe5\xebp\xeb\xfb\
\xec\x86\xed\x11\xed\x9c\xee(\xee\xb4\xef@\xef\xcc\xf0X\
\xf0\xe5\xf1r\xf1\xff\xf2\x8c\xf3\x19\xf3\xa7\xf44\xf4\xc2\
\xf5P\xf5\xde\xf6m\xf6\xfb\xf7\x8a\xf8\x19\xf8\xa8\xf98\
\xf9\xc7\xfaW\xfa\xe7\xfbw\xfc\x07\xfc\x98\xfd)\xfd\xba\
\xfeK\xfe\xdc\xffm\xff\xff\x00,\x00\x00\x00\x00,\x01\
,\x01\x87\x00\x00\x00\x01\x01\x01\x02\x02\x02\x03\x03\x03\x04\
\x04\x04\x05\x05\x05\x06\x06\x06\x07\x07\x07\x08\x08\x08\x09\x09\
\x09\x0a\x0a\x0a\x0b\x0b\x0b\x0c\x0c\x0c\x0d\x0d\x0d\x0e\x0e\x0e\
\x0f\x0f\x0f\x10\x10\x10\x11\x11\x11\x12\x12\x12\x13\x13\x13\x14\
\x14\x14\x15\x15\x15\x16\x16\x16\x17\x17\x17\x18\x18\x18\x19\x19\
\x19\x1a\x1a\x1a\x1b\x1b\x1b\x1c\x1c\x1c\x1d\x1d\x1d\x1e\x1e\x1e\
\x1f\x1f\x1f   !!!\x22\x22\x22###$\
$$%%%&&&'''((())\
)***+++,,,---...\
///0001112223334\
4455566677788899\
9:::;;;<<<===>>>\
???@@@AAABBBCCCD\
DDEEEFFFGGGHHHII\
IJJJKKKLLLMMMNNN\
OOOPPPQQQRRRSSST\
TTUUUVVVWWWXXXYY\
YZZZ[[[\x5c\x5c\x5c]]]^^^\
___```aaabbbcccd\
ddeeefffggghhhii\
ijjjkkklllmmmnnn\
ooopppqqqrrrsssu\
uuvvvwwwxxxyyyzz\
z{{{|||}}}~~~\x7f\x7f\x7f\
\x80\x80\x80\x81\x81\x81\x82\x82\x82\x83\x83\x83\x84\x84\x84\x85\
\x85\x85\x86\x86\x86\x87\x87\x87\x88\x88\x88\x89\x89\x89\x8a\x8a\
\x8a\x8b\x8b\x8b\x8c\x8c\x8c\x8d\x8d\x8d\x8e\x8e\x8e\x8f\x8f\x8f\
\x90\x90\x90\x91\x91\x91\x92\x92\x92\x93\x93\x93\x94\x94\x94\x95\
\x95\x95\x96\x96\x96\x97\x97\x97\x99\x99\x99\x9b\x9b\x9b\x9c\x9c\
\x9c\x9d\x9d\x9d\x9e\x9e\x9e\x9f\x9f\x9f\xa0\xa0\xa0\xa1\xa1\xa1\
\xa2\xa2\xa2\xa3\xa3\xa3\xa4\xa4\xa4\xa5\xa5\xa5\xa6\xa6\xa6\xa7\
\xa7\xa7\xa8\xa8\xa8\xa9\xa9\xa9\xaa\xaa\xaa\xab\xab\xab\xac\xac\
\xac\xad\xad\xad\xae\xae\xae\xaf\xaf\xaf\xb0\xb0\xb0\xb1\xb1\xb1\
\xb2\xb2\xb2\xb3\xb3\xb3\xb4\xb4\xb4\xb5\xb5\xb5\xb6\xb6\xb6\xb7\
\xb7\xb7\xb8\xb8\xb8\xba\xba\xba\xbb\xbb\xbb\xbc\xbc\xbc\xbd\xbd\
\xbd\xbe\xbe\xbe\xbf\xbf\xbf\xc0\xc0\xc0\xc1\xc1\xc1\xc2\xc2\xc2\
\xc3\xc3\xc3\xc4\xc4\xc4\xc5\xc5\xc5\xc7\xc7\xc7\xc8\xc8\xc8\xc9\
\xc9\xc9\xca\xca\xca\xcb\xcb\xcb\xcc\xcc\xcc\xcd\xcd\xcd\xce\xce\
\xce\xcf\xcf\xcf\xd0\xd0\xd0\xd1\xd1\xd1\xd3\xd3\xd3\xd4\xd4\xd4\
\xd5\xd5\xd5\xd6\xd6\xd6\xd8\xd8\xd8\xd9\xd9\xd9\xda\xda\xda\xdb\
\xdb\xdb\xdc\xdc\xdc\xdd\xdd\xdd\xde\xde\xde\xdf\xdf\xdf\xe0\xe0\
\xe0\xe1\xe1\xe1\xe2\xe2\xe2\xe3\xe3\xe3\xe4\xe4\xe4\xe5\xe5\xe5\
\xe6\xe6\xe6\xe7\xe7\xe7\xe8\xe8\xe8\xe9\xe9\xe9\xea\xea\xea\xeb\
\xeb\xeb\xec\xec\xec\xed\xed\xed\xee\xee\xee\xf0\xf0\xf0\xf1\xf1\
\xf1\xf2\xf2\xf2\xf3\xf3\xf3\xf4\xf4\xf4\xf5\xf5\xf5\xf7\xf7\xf7\
\xf8\xf8\xf8\xf9\xf9\xf9\xfa\xfa\xfa\xfb\xfb\xfb\xfc\xfc\xfc\xfd\
\xfd\xfd\xfe\xfe\xfe\xff\xff\xff\x00\x00\x00\x00\x00\x00\x00\x00\
\x00\x00\x00\x00\x00\x00\x00\x00\x00\x00\x00\x00\x00\x00\x00\x00\
\x00\x00\x00\x08\xfe\x00\x01\x08\x1cH\xb0\xa0\xc1\x83\x08\x13\
*\x5c\xc8\xb0\xa1\xc3\x87\x10#J\x9cH\xb1\xa2\xc5\x8b\
\x183j\xdc\xc8\xb1\xa3\xc7\x8f C\x8a\x1cI\xb2\xa4\
\xc9\x93(S\xaa\x5c\xc9\xb2\xa5\xcb\x970c\xca\x9cI\
\xb3\xa6\xcd\x9b8s\xea\xdc\xc9\xb3\xa7\xcf\x9f@\x83\x0a\
\x1dJ\xb4\xa8\xd1\x9a\x01(&\x15\xb8\xf4\xa8\xd3\xa79\
\x034m8\xb5*\xd4\xabX\x83N\x05\xb05\xab\xd7\
\xaf\x22\xbb2]\x9a\xb4iY\xb0h\xd3~$\xcb\x94\
\xab@\x04\x100\x84X\xf1\xc2\x05\x0b\x0f\x1c\x1e(P\
\xcb\xb7\xaf\xc7\xa4\x10R\x10iB\xd8\x09\xe1\xc3M\x98\
4q\xc2\xa4\x88\x8a\x09\x03\xd9\xfa\x9dL\xb9md\x0a\
*\x8a \xde|Xq\xe1\xc5L\x8c\xac\xb0\xc0Ul\
\xe5\xd3i\x0d\xac0\xb281\xe7\xd7\xaf\x19\x1fYa\
\x00\xb5\xed\xab]\x03\x08\x10\x91\x04\xb6o\xdf\x9e\x9b \
\x19!\x80\xea\xed\xe3<\xa5R\x10\xd2\xfa\xb7s\xc4\x86\
]7\x11\x92\xc1r[\xd3\xc8\xb3\xcb\x0c\xc0\xe0\xc6\x93\
\xe7\xe07\xfe\x1bfL\x98\x09\x8e\x06n\xb5\xab\xb7i\
\xb6\x83\xe2\xe0\xe1\x7f3\x19\xaf\x98\xb1g& \x08J\
^\xcf\xdf%\x09\xc3\xf3\xc5'`y\xd1\x95\xa7\x82~\
\xfd%\x88\xd2T-\x00\xe8\x1a|\x03B\x17 p0\
\x98\xa5\xe0\x85&\x09@\xc3a\xe4\x95\x17!g\xf31\
\x11\xe2f\xf7\xd5 \x15\x82\x18\xa6\xd8Q\x0194\x17\
\x5c\x81\x1f\x0a\xe8\xd9\x0e\x04\x14\x84\x9d\x8a8\x1ad\x9a\
\x009\xc0\x18\xe3\x8f\x9c\xf5`c\x8eD*dZ\x00\
\xff\x01\xa9$gN,q\xe0\x8dEF\x99^[\x10\
\x14\x06\xe1\x921\xce\xa7\x04\x05Rv\xe9\x90\x01C\x00\
\xe8#\x96?\x86V\x9b\x97hF6\x90\x001\x8c\x97\
\xd8\x98d~\xc8\x84\x0dP\xa6\x89\xa3T\x1c|\x17\x1d\
\x9cq\xc6\x98\x9f\x9dv\x1a\x90\x84\x83\xd2\xf5\x09\xa4b\
I\x1c\x00h\x91g\x01 @\x08O\x5ci\xe8\x92L\
\xa0\xb0\xa8\x97\x03\x0c6\xe9\xa6F\x14w)\xa3\x1a\xf0\
\xb9i\x8c\xd1-\x91_\x9d\x9fj'\x00\x0f\xa2\x8e*\
\xe7|\xfe?\xa4\xaa\xe2R\x10t\xe8j\x9fKT\xa0\
\xa6\xac\xeb\x95\x15\x80\x0cN\xb4z\xab\x80\xd1\x99\xc7k\
\x82M\x0d\xb0\xc4\xb0\x9b.Q\xe3\xb1\xfd%\xe5@\xb0\
\xcc\x1a\xca\x84\xae\xd6A{[Y |W\xed\xa1V\
&f\x02\x8a\xda\xaa$\x19\xaa\xbbj\x14\x00\x0c\xc2~\
;\xe0\x9c\x15\xd5\x89\xee\xb1[\xa1:\xafD\x020\xe7\
n\x9fEd\x8b\x90\x85:\x22x\xef\x90\x97\x9aF\x80\
\x02\x13T@\x01\x05\x1f4\x9cA\x04\x08\xb8EV\xbd\
\xfe\x1et@\xbb\xfb\xca\xb8\x17C\x8d\xa6w\x22S\x0c\
h\x90\x02\x0fKP1\x85\x14R \xe1C\x0f=\xac\
\x80^\xc5h\xde\xd8\x94\x03\x1b\xa40\xc3\x0c2\xdc\xac\
\xf3\x0c4\xe4LC\x0a#`\x90@B\xf2\x06P\x81\
\xb7\x92f<\xe0\x12\x1c\xc0\xfc\xef\x94\x09\xb8\x00\xc5\x18\
f\x98q\x86\x19e\x5cm5\xd6Wg\x9d\x05\x0f \
(J\xf0\x94\x80\x12\x80A\x091\xec\xac\xf6\xda<\xe7\
<C\x0a\x14\x0c\xa0T\x08\x18+\x0d\x1e\x13\xe3\x1ag\
#\xfe\x08F\x94\x91u\xd5\x80\x07^F\xd5\x83c\x0d\
x\x19Q\xb4\xf0\xac\x8e\x03\xf7W\x00\x078G~\xb3\
\xdbjS\xde3\x0d8\xcb@C\x0c!0 Q\x00\
\x22\xd8j7\x90'\xe8=\x10\x048t\x01\xb8\xd6\x81\
\xaf\xdez\xd5\xac[\xdd\x05\x0b\x8b\xa7IV\x01\x1b\xb8\
M9\xdb:c\xde6\xef3\xac\xe0\x00\xb9\xffB\xda\
\xdc\xe8Y\x96\x0e\x11\x017\x0c\xde\xb5\xe1\xd0o\xed\xba\
\xf3\xb0\xbbn\x06\x17(4\x9e\xa0\x01\xb9\xef\xec;\xf0\
lk\xce\xbb\x0c \xc8M\xd5\x08u#\xef\xdb\x12\xca\
\x93}P\x00\x18X\xf1:\xf4\xb1\x0b\xfew\xf5\xf3\x9b\
\x91\x85\x09\xda\xa3vn\x03/\x00\x9f\x00\x07\xb8\xb3\x16\
D ]\xf5\x0a\x9d\xfa\x0e\x957\xf7\x15\xc4\x00;\xc0\
_\xfe&H\xc1\xd7\x95\xa1\x085\x02\x18\xb2\x22S\x01\
\x02z\x10x\x94\x93\xc1\x08\x0a\x90.\xfd\x18o\x811\
b\x9f\x91\xb8\xd2\x81-\x10\xae\x820\x8ca\xd5\xaa\xe0\
9\xe2i\xc7,\x02\xf0\xc0\xf7>\xc8C\xb5\xf9\x0e\x06\
\xfe\x9e\xdb\x0fSD\x80\xc2,1\xa1}%\x0c\x00\x0a\
\xd008\xea\xc9\xf0\x89\xad\xd3\xda\x174 \x96\xfe\xa1\
\x85\x00(\x90\x9c\xf8z\xe8A\xdfQ\x0e\x06\x1bC`\
\x08\x8eWD\x01\x95@MUI\x81\xd6\xb4\xd6D(\
B\xb1p\x83\x1b\x03\x0b\xc6\xb6\x1e\x04\xb8 r\x98\xdb\
!\x17y\xf8\xc3\x05H\xac \x14\x80B\x19#\xb4\x04\
*:\x10\x00*@\x83\xe1\xc8\xc0F7:Rp>\
\xd8`R\x0a\xd0\x82\x9d\x89O\x8f{\x1c`\xcft\x06\
\xc6\x12\x16@t\x83|\x0e\x13\xc2h#\x16\x9c\x81u\
g\xb8\xdf#e\xe8\xb7\xd8\x91\xe1\x05t\xacL\xa3\x06\
`\x02\x1f\xee.\x93\xe0\xcb\x99./\x87\xb9N\xda(\
\x00A\xa0V(\xc1\xd3/\xf7\x05\x80\x05L\x84\x9d\x13\
W\xf9\xc4\xc2\x05\x8e\x0cM\xe3\x8fT:\xe0;L\xe2\
\x92\x87\xb7|\x81\xa2\xa6\x22\x00v\x0d\xf3n6@\x08\
\x08\x92)=\xc113\x86\xa9\xb4^\x17\x86wH\xca\
\x94\xa5\x025\xb8\xa6<\xd7&>$2\xe5\x03\xdf\xfe\
\x04\xce\x83J\x000\x04\xa8\xee\x9c\x00\xcd\xdf\x19\xaa@\
\xc2\x1b2`\x9e\x08e[\x0cHc\x96\x07x+\x9f\
\x85B\xcc\x12\xb8\xf41G\xf5 \x95\xe9\x0c\xa8F\x09\
w\x04\xf5\x0c\xe0\x8e\x09Mh\x1eg\x00\x833-E\
YI\x83(\x13\x9c\xa5&\x01l \x99\x7f\xab\xdfF\
\xdd\x88Q9fG\x00\x18\xd8dH\x11z9\x19\x9c\
12\x01\x88\xc1C!\x0a#&\xe4\xc0 \x07p\xe1\
Lg\xeaL.x\xea6\xdd\xbc\x995w\xfaA\x9d\
\xb6m\x02Sq(D\xc5C\x98%X\x80-\x03\xd0\
\x81\x22\xa3\xb7\xd4s:\x8f\x0c.\xb0\xa2S\x02\xa0\x81\
\xa9R\xb5\x87\xdf\xd3\x1c\x0cj\xc7\xa3\xf4-\xd0\x09\x91\
,\x88\x04\xae\xb6F\xbf\x95\x95\x99|5\xc3\x16\x9ez\
\x1a\x02\xa4\xcd\xado\xed\xa1\xe6d \x03\x0c\x98\x05\x03\
v\xb5[\xa9<\xc0\x16\x01\xec\xe0\x94d\xfd+@\xfd\
\x06K\xdbl\xe0w\xa0M\xac<\x0fD\x90|m\xd5\
CM(BU\x08\xf0\x05g\x06N\xa6\x9a}\xfeb\
*\xbb`\xbe\xca\x14@\xb4\xa2\x95A\x0dKC7\x0e\
\xa1v\x90x\xb3\xd1\x08\xc6\x1a[\xa6\xa62\x06N\xfb\
\x8a\xd1p\x9bX\x19|\xe0:\x05@Bd\x95\x96\x84\
\x82\xaei\x09\xc5\xfdk\xd6\xac\xd0N\xb0\x80\x8e\xb9\x89\
}\x81\x85B\xe5\x99\xe9V\xeb\xb9\x05y\x00l\xb3\xbb\
Y2\x0cM\xad>YJT\xc1KU\x19@\xa6)\
\x02p\x81y\xbfE\x83F%e\x06\x98e\xafY]\
G\x86\xf6\x09\xd1+\x0a\x88'}C\xda3\x12\xec\xca\
\x00\xfa\x1a&\x13\x88@\xc2\xa9\x0c\xa0\x0a\x19\x15p@\
\x9b\x08\x84\xe4bE\x00\x19@\xec\x82\xf78G\x83<\
@D\xbfU\x9f\x13\x94p@\x1b\x0d`\xbd\x1av$\
\xeb\xb8\xe0\xab\xbe\xd4r\xc4;\x95Am\xdb\x82\xbe7\
\xa1\xb0I\xd9\x9b\x12`\x88\x1bc\xc0b-\x8e\x10\x98\
\xcc\x00n\x89cy\xea\x96q7\x08\xe5\x0e\xfc\x05:\
\x22\x17\x99\xa6\x16lAw\xb1\xb2\x00\x117\xf9\x83\x8c\
\x85\x8c\x8e\x0ap\x031\xf96N\xc2\x14O\xfept\
P\xdb\xaa\x00\xf8\xcaL\x8d\x95_\x18\xe0\xe5/{P\
\x06\x1a8d~\xf7+J1\xd5\xa75\xc5\xa2\x01a\
\xa7$\x00\x22\xc0\x99\xa9C\x98\xcc\x03\xeal\xe7\x01\x8a\
\x90h\x018\x81\x9f}\xac$7\x91\x88>O\xb2\x0e\
Y\xa4@\xceC\x9b5\x09\x93\x89\x00\xa3\x1b-@\xd2\
\xfe+\x87M\x88\x14\x9fE\x19.&\x88\x00`\x16\x16\
\x83\x04=\xfd\xc828\xc1/\x01\xa0\xc0\xa8I\x0d<\
S\xef\x8a,\x17\xe8MD\x0fE\x9f\xf2xF\x09\x1c\
\xe8\xca\xa0\x070\x06\xd7\xd2z\x95S\xc0\xf5\x05v\xcd\
k\xb6\xd9\xf3_\x08h\x93\xb5:\xd3\xd5\x19l\xacc\
\x1e\x03\xc0\x00\x94Z\xceg\xbb\x11\x0b\xb8nk\xb5\xaf\
\xe9`4\x22\x10\x00\x11\x00\x02\x99\xea\x03\x1f\x1fP\x00\
\xdc\xa6\x19\x00\x16\xe0h\xeeGz\x01\xd7\x1b\xa0\xf6\xba\
w&\x02\xa2\x95\xb0\x03G\x98\xd4\x11\xfe\xb4\xe5\xd2F\
\x01\xc6\xfd\x86\xa1\x18p=\x81\x81s\x11s\xe4\x03\xf7\
B\x02P\x00\x14\x0cfD)\xedL\xb1\xfe\xa2C\x84\
\x14\x0c\xa0q\x02`\x82\xd5\x9c\x1d\xf1\x18JA-M\
\xa1\xb3\xc5\xb9(\x83\x0e4\xfc\xd7\x02y\xc0\x09\x82\x09\
!8\x15\xab\x09C@A\x92o~\x10\x01\x1c\xa1\xd3\
-ge\xa2K\xf8\x94\xa9\x10`\xe6\x8a\xc5sF\x16\
`\x82\x1d\xa0x\xd8\x9d\xe1\x81\x09\xd0\xc3\x16\x94\x0f\x01\
\xe2I\x9f_\x19d`\xc3\xb5\x16\xa4\x92P\xe7\xa1\x98\
!\x22D\xb28\xe0\x01\x1f\x00A\x0b\x5c0\x82\x0eD\
\xe0\x01\x8e\x0a\x98Rf\xb0\xf2\xb0\xcb\x90\x0c\x05\xef\x8b\
Tn\x9cvM\xc6@lJ\x99\xc8\x81)b\x814\
\xbc\xd0\xef\x15\x1c\xc3\xd0\x05\xef\x81\xc2{p\x05\x1d\xa9\
\xa8C\xe0K\x00YC>\x86b\x80o|\x1dE\x01\
\x05[\x1ex1\xf0\x00G\x0e,z\x85\x08\x00\x09`\
\xff\xbc\x19\xaa\xa0y\xaf\xb0\xe5\x00\xa7\x17\xa0\x0cZ\x9c\
\x11\x991\x1d#\xc7\xb4\xb2\xec_w\x03\x0db\xa5*\
#\x90\xaa\xf7\xa0~K\x18\xc8\xad\xf5.\x89\x80\xf0e\
\xef\xcc1\xe0\x9d\xe8P\x81@5s\xfe\xaf6K-\
\xfe'\x03\xe8\x82*?\xef\xec&x\xd8+\x02\x08\xe0\
\xe6\x04\xfee\x19\x5c\xc02\xd0?\xc9Is0\xfd\xa4\
7\xb1kc8\xa3|'\xc3\x81\x91\xf2\xcc\xf2\x9b\xd4\
\x02\x15\x15\x7f\x0b\x92\x14\x0b@\x06\xc3\xd7:\x83\xf3\x05\
'w\x1a\x01\x90\x00;\xb4E\x16\xa7;3@\x1aW\
aY\xb1\x17qg@\x06B\x22\x10\x83\xa6\x5c\xfa\x91\
E:\xc3d\x16G\x03,@\x80/\x91\x14\x0a\x80\x80\
\x09\xd85e\x80-\xb8v\x1d\x08\x803VUx\x0b\
\xe5\x15\x03\x80\x03\x09\xc85e\xd0a\xb6Q\x16mE\
\x82\xebF\x03\x98Sb(\x08\x13\x0a0|\xf7\xc3\x05\
\xb5c\x1b\x02\xa0\x02L\xe665H_R\x883k\
\xe7\x157P?,\xa7a[8\x06!\xa0\x1e\x0a\x10\
W\x95\xc3~\xb8\xd43n\x13x`A\x00S\x90a\
~G\x04\xd8\x07s\x1d 9\xcb\xc7k)P{\xc7\
\xe7\x00]\x90\x81\xc5\xc5\x86U\xb3\x05\x08p\x84B!\
_h\xd7;\xbc\xb69.p&\xfei\x01b[\xc8\
\x85\x5cc??\x05\x88?1\x15\x94dI^dg\
O\x06\x894\x11\x00\x89\x14qp\x14N\x7f\xb4-\x04\
q\x00w$\x81\x8d&\x03\xba\xf2}\x1f\xe6\x03\xfd\x96\
5\x83S\x03e\xe7\x80\xa5\x01\x00\x06\xc0\x02S\xd8d\
2\x90l\xbf\x97\x15I\x91rz\x18[\x83C\x03\xb9\
\xa8\x1d\x07\xc0\x02\x96\xf4e0X\x19\x02pQ\xe6\xd6\
_\xef\xd3\x1f\x060\x8a\x91C\x8aB\x08>S\x85q\
3\xe0\x02\xbb\xe5?)\xa0\x80\xe9\xd4\x8b\x8fD\x06\xae\
X$\x04\x10\x02\xa6\xb76\xb5\xa8{\x84H\x83:\x93\
\x02\x88\x18\x83h\x94\x01\xad%A\x8b\xd8L\x8d\xd8:\
`\x90\x02o\xa8\x1e\x0fPI\x8c\x85qf8> \
$U!t3!\x80\x89\x91(\x10\x0d\xb0\x86\x15\xe4\
\x8d\xd2\xe3Zdp\x04A\x14%'\xa5C\x95\xc36\
D\x08B\x97\xf3\x7f:\xb3\x02W\xe8N\x87t\x007\
@5\xaf\xd5W\xe8\x14E/\xe4\x05\xaf\x16\x8c)\x92\
\x14\x0d\xb0\x02\x93\xa3\x91\x8a%\xfe\x87\xc1#f\x06I\
\x14\x02\x90\x00= \x92\xe6\xe4F\xfc\x865C\x101\
1\xa3\x1f\x01\x10\x01$0\x8d\xe88\x82,\xb0v\x1a\
\xe7\x8e\x14\x83\x90?0\x8f\x13\xb4^d@\x04\x1b\x90\
*Sq\x00\x19@\x8c\xeaxg8C\x02\x5c\x12K\
1\x88*\x0f\x00\x04`\xf0x2\x84Qf0\x05+\
\x80x\xe5\x02\x00\x0d\xe0\x01*\x00\x03\xc5\xc8;'\xa0\
\x01\x0dp.\xf9\xa8\x8b\xd7\xd1\x8cLq\x012\xa0r\
\xcd\x04\x06;`\x81*\x22\x00\x06\xc0\x00\x12P\x01\x8a\
\xb9\x98\x16@\x01\x11\xb0\x00\xed\x08\x96\x05\xd0\x00\x16\x00\
\x02(\x90\x02(\xd00\x1f\xd0\x01\x14\x00\x01M\x08(\
\x93\xe4\x018P\x04Q\x10\x05S\xf0\x05\x80s\x05H\
\xb0\x03'\x80\x01\xa4D4\x1b \x04h\xb0\x06k\xa0\
\x06\xb4\xb9\x06f\x10\x04U\x89\x8az\x87\x146\x22\x00\
\x0b\x00\x01\x16\xa0\x01\xc4Y\x9c\xc6I\x9c\x19\xa0\x01\x1b\
\xa0\x01\x14\xa0\x17\x1fh\x87|\xd9\x96[\x96\x1b\x03\xc1\
\x002\xa0\x05\x7f\x10\x0a\xb1\xfe\xf0\x0a\xb0\xd0\x9d\xdb\x09\
\x0b\xdc\xd9\x9d\xaaP\x08b\xc0\x03\xef\x07\x7f\x06\xe7\x9b\
\x02q\x00\x12p\x9c\xeeY\x9c\xc9i\x9c\xcb\xb9\x01\x19\
\xf0\x00\x05E\x9d`i\x95\xe7\xb7q2`\x08\xb1\xe0\
\x9d\xdf\xd9\x9d\xde\x09\x0b\x01J\xa0\xdc\xe9\x0a\x92@\x04\
\x19\xe4z1a\x15\x01\xa0\x00\x15p\x9c\xf1\xf9\x9e\xc8\
Y\x9c\xcb\x19\x9f\x19\x90\x01\x12`R\xc6Q\x93\xfec\
\x16\xbe\xd7\x16\x05@\x04\x93 \x0b\xe1Y\xa0\xe0\xf9\x9f\
\x01\xca\x9d\xe1\xf9\x0a\xdf\x19\x0aY\xe0\x00U\xa4\x92\x0b\
\xc2\x14\x0e\x80\x01\x12J\xa1\x1a0\xa1\x13j\x9c<z\
\x01{\xe1\xa19r$\x9a\xd6\x00V\x00\x0a\xffI\xa0\
\x02\xba\xa4I\xba\xa4.\xaa\xa4K\xea\x9d\xaa\xe0\x06\xcf\
e!B\xbay\x02a\x00\x18*\x9f:\xea\x9e\x17\xfa\
\xa5\xf1I\x9f\x1b0\x01\x9e\xf2}W\xaa 8$\x04\
\xab`\xa0M\x8a\xa2,\x0a\x9eQ\x1a\x9eP\x9a\xa2\xe0\
\x19\x06\x84u\xa6\x9b\xb7\x00;\x9a\xa3]J\xa1\xf4\x89\
\x9c\xcb)\x9f\x16\xc0\x96\xfe\xbd\xa9\x9f\xeeV\xa8\x00\xb0\
\x00t0\x0bl\xca\x9dm:\xa0O\xfa\xa4\x02\x1a\x0b\
I\xfa\xa4\xdf\xf9\x9d\x8ep\x01x\xfa\x10\x040\x01\x81\
\x0a\x9f}\x1a\xaa\xa0\xfa\x9e\x0f\xf0\x81\xd2\xb9B\xf0g\
\x02\x99\xd0\xa4p\xaa\xa2\xdd\xe9\xa8Q\x1a\xabp\x1a\xa5\
\xac\x0a\x0b\xa7PL\xe6\xe2@\x01\x80\x00\x15*\xaa\xbe\
\xea\xab\x15\xf0\x99\xaf\xa8-[!\x00S\xe0\x0a\xb2\x9a\
\xac\xca\xba\xac\xc9\xea\x0au\xf0\x87O\x93\x97\x0f\xb1\x15\
\x0d\xf0\xa9\xbfz\xad\xa1\x8a\x01\x91y\xaa\x02c\x1d\x07\
\xe0\x07\xb5\xca\xac\xe2:\xae\x02\xfa\x0a\x97@\x01w\x1a\
nka\x19z\x9a\x01\x7f\x8a\xad\xf0\xfa\x9e\xcb\x89\x01\
\x05\x80\x1d\x9b\x9a\x1d\x06\xc0\x07\xb3 \xa7\xe4\xda\xaf\xcc\
\xea\xa2\xaf@\x09\x0a\xd0\x94 !\x19\xbc\xaa\x9c\xf1\x9a\
\xb0\xc7\xf9\xae\x17`\xaa\xdcj\x1d\x04\xe0\x06&\x1a\xae\
\xfeZ\xb1\xc9\xda\x08\x84\xaa\xae\x1b\xd11\x07 \xa6\x19\
z\xa1\x0a\xab\xb0\x17j\x01\x0e+\x9d\xdc\x94\x05\xb3P\
\xa9\x14k\xb1,\x0b\xfe\x9e\x7f\x00k\x98(\x15\x05\xb0\
\xa5![\xb3\x16\xca\x9c\xbc\xd9\x96\x020\x04\xb4\xe0\x9d\
'\xda\xb2@;\xab\xaep\x07\xc3\xaa.\x1e\x88\xa36\
\x9b\xb4\xc9\xf9\xa9\x12p\xaf\xc8A\x164\xe0\xb3P\xca\
\xafA\xdb\xaf\x00\xdb\x9d\xaeP\x06\x88\xbaz\x13\x80\xa1\
\x9f\xfa\xaeI\x8b\xad\x9f:\xb0\x0f\xab&\x12\x80\x0aq\
\xba\xb2Uk\xb1\xac\x00\x03$\xb1\x14\x08`\xada;\
\xb7\x1a\x80\x01\xc5\xb1\x94\xda2\x00\x12\xbb\xb6|\x9b\xac\
\x94\x90!\x11J\xb7\x82\xab\x9c\x10\xe0\xb4\xdbR\x02\xb2\
\xd0\xb7\x8a\x1b\xa5\xad\xf0\x04\xfb\x99x!3\xb8\x83\x9b\
\x01\xf5J\xa3\x97B\x00\x82`\xa2\x8b\xbb\xb9\xb10\x0a\
\xec$\x00\x808\x00\x17 \xb9\x92+\x01\x96\xbb(\x01\
\xa0\x03\xfb\xaa\xb6\x9b\xdb\xb2\xae\xf0\x06\xd2\xfa\x10\x0f@\
\xba\x93\xab\x01@y\xaa\x09\xc0\x09I\xca\xba\xad\xeb\xaf\
\xff\xc9\x0a\x8f\xe8\x11\x04@\xbb\xa4[\x01\x86K\x19\x02\
\xe0\x04\x8c\xda\xbb\xad\xfb\x0a\x81\x10\xbb\x1b\xa7\xa7\xc4)\
\xb7\xc4+\xb2\x94\xfe\x0b\xbdDB\x00\x8e\xf0\x9fT\xcb\
\xbcU\x1b\x0b\xa9\xe0GGH\x01\xd5;\xb7\x9f\x9a\x8d\
\xda\x82\x01\x89\xeb\xbd\x8a\x0b\xb0\xad\x80\xab\x1c1\x00`\
[\xbea\xcbP\xe5\x92\xbc\xcb\xcb\xbe\x8b\xfb\x0a}@\
\x80R\xa1\x00\xd4K\xbf5K\xafmI\x00\x8a\xe0\xa4\
\xfa\xbb\xb6\xff\xa9\x0a\xb7\xab.\xe4\xeb\xa3\x02l\xb3/\
\xa3-\x12@\xa9\x09\xbc\xb9\xad\x10\x04\x1d1\x00=\x1a\
\xc16\xbb\x01\xf7\xa6-F\xd7\xb3\x17\xbc\xbfy@\x80\
\x09\x10\xa8\x1d\xec\xc1bK\x9c\x18\xb0c\xb2B\x00\x80\
\xb0\x9d\xbc[\xc2\xe4\xfa\x9f\xa9\x80\xbd\x06\xe1\x00,,\
\xb8\xdb\xfa)\x05\xa0\x09\x16l\xc3A\x1b\xa0\xabp}\
\x1a\x01\x01+\xdc\xc3\x0a;4\xd0b\x00\xaa\xc0\xa6D\
\x1c\xb4\xdc\xb9\x0a\xfc\xa3.\x13\xb0\xb0\x08\xcb\xc4\xa1\xda\
\xc1\xe8\x9b*\x0aP\x0b\xe5:\xc5U\xcb\x0a8\x00_\
\xf25\x9c\x5c\x9c\xb4H,+9D\xc2d\xbc\xb6\xae\
\xb0\x04\x1b\xbb\xc4k\x0c\xaf\xa6K//\x00\xc7q\xdc\
\xb2\xdb\xe9\x0a\xfea\xb0\x11.u\xc76{\x8cV)\
\x04\xf9\xdb\xc7,\xeb\xa2\xae0\x07\x1bA\x00\x01L\xc8\
\xd7z\x9e\xbc\x22\x00U\x90\xc8\x8al\xb5\x91z\x08\x8f\
\x1c\xc9\x92\xec\xab\x94\xec\xc6\x97\x9c\xc9,\x1b\xa0\x7f \
\xc8\x9e\xfc\xc9\xa1j\xc8\x05\x93/\x98L\xca\xe3\xea\xa2\
\xb1\xf0\xbau\xac\xca\x09\x9b\xc7\x95\xec\x02|\x0c\xcb\xe3\
\xca\xbd\xaf\xa0\x05h\xec\x81jl\xcb\xd8\xda\xc6\xb2\xa2\
\x01\xbb\xcc\xcb\xbd\xcc\x0aJ\xb0\xb1\x12 \xb7vL\xcc\
\xc5\xe9G\xd0\x92\x00\x8c\x0a\xab\xca<\xae\xad\xe0\x89I\
,\xcd\xa2\x8a\xa1\xaf\x99*\x06@\x0a\x91\x8a\xa2\xd9,\
\xb5\xddi\xc5\x1c\xc1\xc3\xde\xfc\xab?|\xb9\x91\xc0\xbd\
\x95z\xceN\xda\xa4\xab\xf0\x95\x1a\x01\xc0\xd1\xdc\xce\x7f\
\x9a\x010\x9c*\x03\x90\x075\xac\xccM\xfa\x0a\xa0\xb0\
\xc1\xa9\xcc\xcf\xcai\xbc\x22\xcc\xb3J:\xd0\x8a\xdc\xa4\
\xae\xe0\x06\x1e\x11\xb8\x09m\xcb\xf19\xc1\xd0\xe2\x00\xc8\
:\xa7\xf4L\xab\xb1\xb0\x0a\xdc\xac.\x0b0\x9f\xed\xfc\
\x9e\xc9I\xfe\xc0\xe5\x22\xc3\x9a\xfb\xd1\xcaj\x0a\xd0\x97\
,\x17\xed\xcd\x84\x09-\xbaA\x04\xaf\xec\xd2\xde\xe9\x0a\
v\xb0\x16\x81\xbb\xcf\xd2\xccN\xe5\x12\x00\x10\xe0\xa8\xdd\
\xeb\xd2\xad\xa0\x03 Q\xd2\x10|\xd2\xc8Y\xb9\xc7\xcb\
\x17\x050\x08\x13\xab\xd3Q\x9a\x0a\x0d\xcc\x11\x90\xbc\xa7\
N]\xa1_e\xb2\x01\xe0\x039M\xcf\x8c\x0c\xbb!\
\xf1\x003\xad\xca\xdf&\x9d\x04\x00\x09\xebk\xd5\xffy\
\x0a4\xf9\x11f\xd3\xd5\xc6y\x85Q\xcd\x17\x01\xb0\xc7\
G}\xce\xbf\x1c\x16\x00\x102@M\xc8\xf4Y\x1b9\
{\xb9x0\xd6\x04\x8d\x09\xcfr\x84il\xd7\x1a\xc0\
{:\x5c$\x18\xb0\xa6V\xfd\xbe&\x91\xc2]\xed\xcf\
\xa7\xfb)\x02\x80\xb2V\xbd\x08\x8f{\x11\x01\x90\xc5\x5c\
\xca\xd5=\xdc\xa3/\x93\xd7\xa7\x91\xbb\xacz\xa9S\x5c\
\xab\xad\xd0n\x06Y\x16\x04\x10\xa6\xca\xb9\xb4\x5c\xfc\xa9\
s\xdd\xd9\x97R\x02\xa9P\xcfq\xcc\xc8\xff\xe9\x0a\x8e\
\xeb\xdb\x17\x81\x00H{\xb3L\xfc\xa9\x15p\xb7\xa3]\
0\x5c\xfe!\x03L\x9a\xc9\x7f\xfc\x05\x04+\x12\x09\xb0\
\xc5w\x1c\xa8\x17\xf0|\xf9i\xa8kB\x04\x10\x9d\xc0\
\xaf\xeb_\x9fX\xb0\x00\xa0\x00\xee\xea\xae\xb9\x9d\xda;\
Z;\xac-x(\x22\x00O\xa0\xd86\xfc\x0a\xa7\x8c\
\xdc\xa4}\x16\x0e0\xd8\xb4\xeb\xde\x19`\x003j\xb2\
\xd6!\x00d\x80\xdf\xfa;\xcb\x8d\x101 \x1a\xddl\
\x97.\xb3K\xc8@i\x15\x0f\xdb\x15\x04\xc0\x06\xeb[\
\xde}\xfb\x0a\x85`\xcc\xdd\xaa\xdeM\xb1\x00\xb8\xed\xc1\
\x16\xb0\xad\xd9-+7\x22\x00>`\x0ad\xec\x0aY\
@\xa4\xb1X\x12Ia\x00\x16\x90\xd6\xdc\xed\xab\xd6\x1a\
\x9f\x11\x00\xdee\x1b\x11\x16\xa0\x08\x05=\xab\x06:\xc6\
P\xfa\xda\x1e\xfd\xaa\xdc\x0b\x0b\x9b\xe0ky\x8d_h\
\xdd\xa5\x00\xde\xc5\x1b\xe0\x9a\xf3\xfd\xb4\xa88n\xaf\xd0\
\xa2C>\xa9\xaf\x9a\xac\xf2\xac\xe4)\xfa\x0az@J\
\xf3=\x15\x08\x90\xa1[<\xbf\x1f\x5c\x01\xe6s\xe5?\
x\xa8C\xb2\x02\x9b0\xcfiK\xb5xN\xab\xe1Y\
\x0a\xfe\xb7\x96\xe2+Q\x15\x02\x10\x01j\xee\xc9j\x8e\
\xdaZ\x9c\x9c\x18*\xbe\xd1\xfa\xe3\x0fQ\x00A\xd0\x08\
\xbb\xfb\xe5aN\xc3\xb1\x8a\xcd)\xba\x09N\x90\xd5B\
\x96\x82\x07\xde\x00\xa3;\xbd-\x0c\xaa\x14\xe0\xc4\xe1\xfd\
\xe3\x05.\x94*p\x07L\xca\xa2\x94\xfe\xe5\xab^\xae\
\x8d\xd0\x03\xa0[\xea\x7f\xce\x97\x0a0\xcc7\x0b\xe0\xf4\
\xb9\xa1\xe9\x09\xe7\xb24\xe3\x9av\x10\x140\x06\xa3\xd0\
\xaan\xba\xe4\xb0\x1a\x0b\xaa\x90\x07N\xfeG\xbe\xbee\
\x06\xe0\x00\x14\x10\xcd\xba]\x9c\x18 \x01\x0d\xf0\xce\x8b\
\xce\xe8[\xfb>\x19\xe0\x03c\x80\x08\x96\xbd\xea\xdc[\
\x09p\x90\x04\x1f\xf0\xec\x16\xb1\x15\x07\xf3\x00\x0f,\xa1\
\x14\xe0\x00\x09\xf0\xcf0\x13\x00\x03P\x00\x06P\x00\xfa\
\xae\xef\x04\xd0\x80m\xf9\x8c.\xd0\x03]\xc0\x05P\xd0\
\x02\x86\xbd\xe9c\x03:F\x80\x04\x0c\xdf\xf0F\xf0\x02\
\xe1\xcc1\xc7!\x00\x04p\x00\x09\xb0\x00\x0d\x90\xf1\x19\
\xef\x00\x1a\x9f\xf1\x0c\xa0\x00\x07@\x00\xea>\x149\x94\
\xfe\x06\xa2\x90\x0d\xdf\x90\xf2*\x9f\xf2\xde\xf0\x0d\xcf0\
\x0b\x8c \x07C\x00\x9d{\xc9(\x09A\x00\x09\xd0\xf1\
:\xbf\xf3\x1e\xaf\xf1\x0bp\x00%\x0b\x8b\x85\xba\x14\x06\
@\x04\x7f@\x0c\xe0\xa0\xf2I\xdf\xf2+\xdf\xf4)\xdf\
\x0c\x7f ^\xe89\xd9q\xbe&\x07\xc0\x00\x0e\xc0\x00\
X\xcf\xf3\x5c\xaf\xf3\x1c\x8f\x00\xb3\xbeA\x12\xc3V\x8c\
p\x0dN\x7f\xf6M\xcf\xf4I\xff\x0d\xde\x00\x0cm\x10\
M\xbfd\xf3\x03q0X\xaf\xf5\x0d\xc0\xf1]\xaf\xf1\
\x0c\x90\xf7\x0c0\xef7\xa4\xab\x11\xc0\x07f\xef\x0dI\
\xbf\xf6,\xef\xf4-_\xf8\x84\xcf\xf4,\xdf\x0d\x9bP\
\x95vR\x16\x08\xb0\xf7{\x7f\xf7:_\xf9y\xdf\xf1\
\x0e\x80\xf7\x1a\x9f\x00a\x9f\x1dM\x81\x00j \x0d\x86\
\xdf\x0dk\xcf\xf8h\xbf\xf2\x84o\xf8\xe0@\xf8\xd3`\
\x06\xe9\x1a%\x03\x80\xf1x\xcf\xf9]\x8f\xf9y\xbf\xf9\
w\xbf\xf5\xdaN\xdf\xe91\x00W\xb0\x0c\xaa\xff\x0d\x86\
\x9f\xfa+\xdf\xfaK\xdf\xf4\xad\xcf\xf6\xb7\x80\x5ce\xfe\
Z$\x07\xd0\xf3^\xbf\xf1\x99\x7f\xfb\x1e\xcf\xf9`\x7f\
\x1ce\x91\x00\x8f\x10\x0e\xc4\xcf\xf6\xdf\xaf\xfa\xc5\xaf\xfc\
\xde\xb0\xf8\x88\xdf\xf4\xdc0\x08\xa4\x9e#\x07c\xfb\xd5\
\xaf\xf9;\xef\xfe\x5c\xef\x00\x0a@\xef\xf4m4\xb0\x10\
\x0e\xa7\xcf\xfaJo\xfc\xc4\xbf\xfc\x00\xf1M\xe0@\x82\
\x04\x8b\x81\x00\x90P\xe1B\x86\x0d\x1d>\x84\x18Q\xe2\
D\x8a\x13\x03$\xbc\x98\x90\x00\x83\x06\x1d=~\x04\x19\
R\xe4H\x92\x0d\x0cTD\x99R\xe5J\x8b&\x8c\x15\
\x84\x19S\xe6L\x9a\xc8Jdd\x99S\xe7\xce\x958\
\x03\x0c`\xe0\xa0\xe4P\xa2E\x1b\x1c\xe0\x99T)\xca\
\x8b\x01\x04\xfc\xa0FS\xeaT\xa9\xde\xbc}c\xb6B\
a\x00\x9cK\xbd~\xad\x98Q@\xd0\x06\x1c\x8d\x9eE\
\xdb\xa0\x00W\x00]\xc1\xbe\xed\xd9V@\x18p\xdf\xae\
R\xc5;\xb5\xee\xb7\xbd\xde\xa0\xbd\x80\x1bX\xf0C\x01\
i\x0d\x9f5K`\xf0b\x95\x01v\xdc\xcd\x1b\x99\xea\
\xdd\xba\xd2l\xb8e\x9c\x99eS\x00c\xcb~\xfet\
 \xf4\xf0\xe8\x8f\x0c\x18\x08\xc0\xa8Y5\xc3\x0c\xce\xf6\
J\x86\x1d\x132Ai.V\xdfn\xdc\xd6,H\xd1\
\xa4}wd\xc0\x16\xb7j\x04\xad\xc2\x0d|\x1d[9\
\xb8\xbb\xcdw\x9dL=\x5c\xbaC\x04\xbb\x7f_\xef(\
\x9a\x81\x82\xe9\x99\x09\x00\x12gW\xf9\xf8\x82\xe0\x92{\
\xeb\xc6\x07s\xf7\xe9\x03\xb0\xbf\x07\x19\x94\x01\x02\xf6\x83\
\x9b\x90\x9bM\x9e|~\xe6\xdb.\xd7Wm=\x00\x16\
\x80\xaf\xc0\xd2\x06hH@\x00Q\xf2\xe0\x1a\xbe\xf2\xd3\
/\xc2\x81\xbc\x09&\x81\xb6\x16\x1c\xee\x00\x037l\xc0\
\x01\x0b1\x5c\x8a\x80F\xc2\x9b\x0dB\x09\xc7\xe3\xe6\x10\
\xb7.B\x0dD\xaf\xba*\x8c\xc3\x02\xcdB\xd0\xc5\xc6\
8\x0b\xe0\x83\xe3&|\xf0\xc4\x08\xbdaN\x9b\x1e\x18\
\xcaHA\x1b\xe3\x02 \x01\xa1\x96\x94\x914\xeb\xb8;\
27\x00\x08@D\x1c _3\xd1\xc7\xbc\x9a\xfb\xa6\
\x1bP.\x043J\xb0\xdck\x12;\xeb\x1aPLL\
\x958\xe0RK7\x05\xca\x86\x83\xe8\xd4\xfc\xfeJ\xc3\
2\x0dt`\x810\x8dT\xb3\x00A\xc2\x13\xa8\xae,\
\xdf\x84\x0d\x9cm\xf6\x08\x93\xce\xa5\x02 \xb0\xb4;\xb1\
k\x91O1/\xb2@\x1bB\xdfd\xae.e8S\
T)\xa7\xe2{\x141\x8f\xacc\x00\xbaN\x1d\xbah\
\x808\xac\xbcTK \xaf\xda\x06\x8a\xadN\xe5)\x81\
P7\xd43\xd1\xcdv\xd5)#\x02R1\xaf\xd5K\
W\x91\x94V\x8b\x1a\xbd\x15\xbe\xd3z\xd55\xc1\xd4|\
j\xb6\xb1\x05\xb8\x11\xb6Um>0\x96'\x02\x92\xdd\
\xb0\x00f#Z1Zq\xc1\x05@\x07r\x98\xab\xf6\
\xcdm\xaa\x806\xdb\x94\x0e\xe8\x8d[\xec\xe8\xdb\x95\xad\
\xae0+\x96%\x02\xe6\x08/\xb9t%\xe4\xc6\x0f0\
\xf3u7![\xe5U\xf6[N\x8b\x0c@\x04\x19\xbc\
-r\xceYS\x0a\x80\x80R\x8e\x1b\xf4\xdf\xd8\xba\x19\
\x85\xe0\x82\x17B\x16a\xec\x22fj\xd6\x05\xa8\xc8\x03\
\x93W\x92\x19\xc7\x1e\x97\xed\xa9\x87\x18`,Qd\x8c\
\x0d&\xceI\x81k\xda\xd4X\xc2d\x16\xfe\xf2\xd8\xdd\
3E\xf6\xad\xc6\x9c\x1e\xd8\x02\x96w^f\xbai\xa6\
\xeb1\x06\x8f\x11\x82\x06\xba\x06rz~S\x1b\x09>\
^\x89h\xf8\xd2\xf4\xb8\x820d\x99\xc7\xe5z^>\
\x1bm\xa7\xcdv\xb9\x19>X`I\x00$\xc6\xc1\xda\
Mmt\xe0:%2\xbd\xbe.M\xa0\xc55\x00\x8e\
v\xd2^\xbb\xf0\xc2\xcf\xa6\xa7\x94\x9bS\x12\xa0\x09@\
\xc5\xab[\xbfm\xc6\xc8\x1b\xa5\x02\xf8\xc6\xce[\x9c\xff\
\xee\xec\x09i`6<\xf4\xd0\xebQ\x87\x0fz\xc5\x15\
+\x0b\xba#?\xb1\x1b:\xda\xad\xdc!\x030\xbf\x0e\
)\xce\x89L!\x96\xa6\x09\x17\xbdw\xb4\xb1\xa9\x02h\
\x1c\x17\x12\xa0\x8b\xabY\x07x\x0e\x89cohv\xda\
};\xfd\xa1\x00\x12\x80\xa4\xec\xb3y\xf7\xfd\xf0\xdd\xcd\
\xfe\x85\x04\xe9\x15\x1a\xe0\x0cq\xd0E\x9e\xbcm\xcaX\
\x9e\xf9\x85.\x7f\x9e\xb4\xe89\x8f\xc0\x97\xec\xe7_\x9b\
\xf0\xb3\xc7\xc1\x81H\x86\x06pc\xfc\xf2%\x17\x03\xd5\
\xdc\xb5\xb7\xf6\x19\xc6v\x9c\x0b\x80\x07\xfe\x9a\x81=\xed\
\xd1ot\xf5`\x87\x13&\x86\x93\x01\xf0\x8b/\xff\x1b\
\x8f6\xb0p!\x01\x9e*F\x054\x8c\xe68\xd8\x96\
\x00\xa8\xa0\x1bls\xa0\x03\xed\xf7\xb2w\x98A@\x03\
X\xc3\xea0\xa8\x1cn@\xa1\x83\xb4\xe2\x8a\x03\x86\x06\
\xc2\xa1\xf8\x0dh=0G\xf6\x18\x98B\xb51-\x1e\
\x7f\x80\x9d\x00\x8ap\xbc\x19\xc6F\x1bJ\xb8\x9d\xfa\x16\
\xc2C\xa3\xf4\xc6h\x0a\x11\x80\x11\xde1D\x22v\xf1\
e\xf3\xa0D\xb3:P\x8e&*G\x1b>\x18\x97\x14\
wH\xc5\x90\x90\xc5!\x1f@\x07\x0a\xbd8G\xa6\xcd\
\x83\x0c83\x804\xca\x18\x1bl@ \x8aRL\x88\
\x02\xd8H\x14\x1d.\x00Z\x0a\x00\x06\x1d\x15\xb9\xb6u\
\xa4\xa0!\x050\x0e\xf9\xf6(\x93\xe4\xe0\x02\x90\x12q\
\xde \x87\x02%_\x05b\x91\x9fl\x1a2\xae8\xa5\
C\xb0\xca_\x93\x8c\x097\x04q\xc9\x88|P\x93$\
\xa1O\x91z\x906.\x82R\x85\xf4\x90\x04C\x08\x00\
\x86q\x98'c\xa8\xfc\xc66\xa0\xfe\xc8J\x88\x84\xec\
\x95\xa3\xeaH\xa4\x00P\x81o\x5c\x0ft\xb6Td<\
d\x95\x1a\x1c\x1c\xef\x94\xc0$H6,\xb09b\x02\
\xc0N\xc7\x0c\x09\x94\x12R\x00U\xd4\x12\x9a)L\x9b\
8,\x80\x93\x02\x14\xe3\x9a\xd8\x1cH7x\x91\xben\
n\x0b\x9c!1U\x00dpN~\xcac\x11\x0b\x81\
\xa1\x0c\xe1Y\x10op\x83\x10#\xec&\xd0\xe2\xc3$\
M\xb2\xb3\x13\xfc\xe4g9\x10\xc0\x19\x0ct\x83G\xd8\
\x04\xd2@\xb4\x01\x83\x84\xa6\x0f\x01\xa0\xe1\xc8\x1a\x11f\
\x16\x8e\x08\xe5C\x09\xe1\x00= zNy\xbc\x81\x82\
\x96\xd8\x11A~\xd9\xb36y\xc9Y\x80\xc4L\x8c\xe2\
\xd5\xbe\xa19\xc0h\x04\x10\xc4JA\xe9\xcchl%\
\x007 \xa3L\xc31S\xac\xa1K\x1b6\xe0f7\
3b'\x86\xb6O4\xa2\xc9UB\x1ap\x0e\xa1\x9e\
S\x9a[1@/\x82\x15\xa8\x0b6\xf1U\xcc)\xc5\
\x04oh\xac\x00\x98\xa6C \x8cWP\xfcF\x002\
t\xf5\x9c\xf3\xd0Ej\x06\x00\xfe\x06@\xbd\xb3|u\
\xe9F\x90r\xa0\xbf4J1\x93o\xe5\xa9G\x1c\x10\
=\x034\xe3\x99vU\xe4\xd9\xe0\x01\xb7\x8c `\x16\
~\xfd\xdfU\x04E\xac?vT!f\xd9\xe9\xf3\x82\
\xb2\x80\x16%d\x02\xf6P)d#\x0b3y\xac\x01\
h'\xc8\x06Y\xf7\xf8\x9am\xfc`V$\xf3\xec8\
AS@\xb2\x88\xb03Kp\xa6jU\xb8=z\x84\
\x02h\x01E\xce\x1e\xaf\xd2\x8d@\xa0\x8a\x9e\xdd\xfc\xa8\
b\x81s\xab\xd0~D\x9c\x09\x19\x80\x1f\x84\x0bMh\
<\xd28\xe5\x83\xccU\xc2\xeb\x8a\xdc\x86%I\xc8\xdc\
m\xb2z#\x94\xd2^\xc4\x00\xb2\xd8\xae-\xdf\x11\x81\
\xe8\x04\xa0\x04\xb1\xcdlr\x81t\x8c\x0a<\xb7\xbc\x03\
\x0bYICU\xdd\x8e\x10\xc0-\x07\x08b|?\x19\
\x8f#pjJ\xbc,k\xe4\xf6\xf2\x1ak\x0c\xf6\xbf\
a\xf1Lv>\x830\x1d:\x00l\x1c\x1c\xc1c\x15\
<Gy \x0aZ\xd9}\x5c\xdd2%\x10X\xa1\xe1\
\xc2*\xd9\x96\x0e\xa7\xbb\xe1\xfe&YG(\xbe\x05\x9f\
\x16F\xfc\xc9y\xc0\x02U\x02\xb0C8$\x89<n\
T\xe2\xc5+\x99\xddUCu\xa6R=DU\xe6\xdc\
\xb1\x10\x8bQ_\xf0\xb1\xc1\x7fu\xcbhA\xfb\x90\xa8\
\xb5J\x11'\x04X\x00\x81\xef\xa4CS5\x84\x00o\
\x88rd\x8ba\xaf\x86\x0c`\x0cL\xc426\xb6\xd0\
\xd9#\xdf\xb43JB\xd8\x024\xb7\x9e\x01\xc0!\xcd\
t\xac\xc7\x94\x07\x16\x1d\x01x\x01y\xd0\xc0[\x9d{\
u\x00\xb2h\xf8\xad==\x8c\x0e9\x82\x80\xd2:\xd9\
\xcf\x22\xfe\xf3\xfcbF\x91\x22\x18\x03K3\xd1l~\
2\x0a\x93SZ%\x18#(\xac\xa2\xbf\x07\x80\x02\x84\
Y\xba\xe8=\x8c\x80;\xc4\x00\x1fB\xa4\xcf\xb4\xcc\xb4\
\x0a\x05\xed\xdf\x05\xfcA\xbc\xa5\x0eT\x96\xb3\x84\xa5\x15\
\xdb\xc5\x1b\x9f\xa0o\x97_,\x9c\x01D\x97\x90$!\
KO\x13P\xe9\x88\xf4\x19\xd3\xb9\xce\x9e\xa0\x85\xf3\xbd\
\x15\xc4\xe25\xcc\x09u]\xc2\x11X\x99\x92\xd5*,\
\x96\xad7b\x91?U\xfe{\x0a#\x8cV\xb2oD\
\xa3\x80\xb5\x14\xeb'h\xc66:\x89\x01;\xc2NI\
\x0c\xd5\xa8\xcbX#<d\x1e\xf9\xf2U\x02\xe9F.\
\x8e\xd0\xee\xc0\x08\xe0\x00\xc6$JI\x85B\xd2\x03\x0c\
\x80d\x0abQ\x19\xa0\x9c\xef\xdd\xd1c\x17$\xb4\x88\
B&\xc0\x86\x5c\xc4\x04\xdc\x03\x97-\x8f\xbc!\x8c)\
0|1\x02(@\x02\x04l\x1a\x91\xcex\x01\x06\xa0\
\xf6\xa0!\x12\x80\x18\x80n\xe3\x1c\xb7\xc7<\x10\x91\xaf\
\x15\x9d\x00\x0f\xc8\xf84A\xbe}p\x81\x0c#\x10@\
\x18e\xbf]\xbe\x93\x8c\x0c\xc0\x002\xe7M|\x16\x80\
\x80\x02\xe4\xbcd\x01P\x80;\xae\x0d\xf4\xb5\xc9#x\
H\xc2\xae\x0e\x1aa\x0bl$W&\xda\x10\x05\x1a:\
 u\x84N\xfd-?!@\x01\xf4\xbew\x8b\x93+\
\xd5\x172\xc0/\xc8\x9e\xbdw\xcc]J\xa8\x8a\x00\x0c\
\xb60\x87E\xc8\x02\x11\x89\x00\x84\x16\xb8\xd0\x04\x16\x5c\
\xd7Y\x0b\xb3{\xde\x08\xb0\x88\xb1\x0f\x9ei\xde\xf0o\
\xe6E\x9f\x13\x01`\xfe\xc1\xf3LK-\xeaYQ\xf7\
\xd1\xb7\xbeW 8\xfd\xd3\x9a&\x8f<\x84\xde\xf5\xb7\
\xdfyB\x0c\xf0\x8d\xd8\xcb\xdee\xf1\x08\x82\xb2qo\
w\xce\x14\xc0\x93\xbd\xaf\x07-\xeb!\x8d\xe17_'\
\x1c(\x9b\xe7WX\x0fy\xb8A\xf8\xce\x17=\x01\x1e\
\xda{\xb6I\x94\xee\xd8\xc7\xfe\xbd\xf6\xc9}\x97\xcd\xe3\
\x9ft\x06\x7f\xfa\xc7\xa9\x8b\xfa\x91\xbd\x1d\x1aP\x7f\xfc\
W\x1d\x00(\xa0\xf0\xe7\x0a\xa6\xc7'\xe4\xbf\xff\xf45\
\x16\xd7\x9d\xdf\xb1zp\x07\xc0\xe0\xbf\x02d\x08\x17\x80\
\x87\xd8\x93\x07>0\xc0\x06\xc4\x88\x010\x83\xd3\xa3\x07\
\x5c\xb8>\x07,\xaf{\xc9\x08\x03X\x05\xb2;\x1bq\
\xc8\x00\x0b\x94\xbf{i\x0b\x0b\xf0\x86\x22\xca\xb4xx\
\x82\x0a\x04\xc1\xff\xda6\x8c\x98%\x8e\x9b\x87HP\xc1\
\x15l\xb7\x01\xc0\x039R\xad\xe4\xdb\x1da\xf0\x9b\x19\
\xa4\xc1e\xb36\x00\x84,z\xa8\x85X\xfa\xc1\x06\xac\
:,\x90\x07!\x84&\xde\x99\x07Q\x08\x97#\x8c?\
\x18\x19\x82t\xb0\xee?\xd5\x92\x07F\xb0=)\x1c>\
\x07\xe3\x8a\x1a\x00\x07\x1c\x5c\xa9\xb3\xa9>.\xb4\xc0\xf5\
(\x81cx\xa6\xfb\xf3\x22r\xb0\x02\xf43\xc3\x02$\
\x003 \x07&\xa4\xa3y\x98\x04\xfa\xf2\xbb8L?\
\xcc\x80\x00E\x88\x076t\xa0\x5c\xd0\x0a\x89\xf0A>\
\xac3\x01(\x01\xf8j\xbf\x06\x1a\xa2z\xb0\x06*@\
D>\xa4\xb6\x00\x10\x82P\x88#L{D\xe2\xc2\x05\
5\xc0\xb1I4C\xb7\x10\x80%\xd8\x84\x04\x13C\xb6\
!\x9c\x1e\x1b\x83\x0a8DP\xec\xc2\xbf\x19\x80\x22h\
\x84`H\x86x\xa8\x1fz\xa8\x86b\xf0\x04.x\x80\
-tE.\x14A\xf0\xa1\x01\x1c8\x832P\x82\x18\
\xa0\x00\x9cq\xb0_dF\x82iA\xd6cF\x1a\x8c\
\x98\xa0\xe1\x93\xf6\x8a\xc6\x1f\x0c\xc6\xa82\xafk\xe4\xc6\
n\xf4\xc6o\x04\xc7p\x14\xc7q$\xc7r4\xc7s\
D\xc7tT\xc7ud\xc7vt\xc7w\x84\xc7x\x94\
Gs\x0c\x08\x00!\xf9\x04\x08\x08\x00\x00\x00!\xff\x0b\
MGK8BIM0000\xff8BIM\
\x04%\x00\x00\x00\x00\x00\x10\x00\x00\x00\x00\x00\x00\x00\x00\
\x00\x00\x00\x00\x00\x00\x00\x008BIM\x04:\x00\x00\
\x00\x00\x00\xad\x00\x00\x00\x10\x00\x00\x00\x01\x00\x00\x00\x00\
\x00\x0bprintOutput\x00\x00\x00\
\x04\x00\x00\x00\x00PstSbool\x01\x00\x00\
\x00\x00Inteenum\x00\x00\x00\x00In\
te\x00\x00\x00\x00Clrm\x00\x00\x00\x0fpr\
intSixteenBitboo\
l\x00\x00\x00\x00\x0bprinterNam\
eTEXT\x00\x00\x00\x1c\x00B\x00r\x00o\x00\
t\x00h\x00e\x00r\x00 \x00M\x00F\x00C\x00\
-\x00J\x006\x007\x001\x000\x00D\x00W\x00\
 \x00P\x00r\x00i\x00n\x00t\x00e\x00r\x00\
\x00\x008BIM\x04;\x00\x00\x00\x00\x01\xb2\x00\x00\
\x00\x10\x00\x00\x00\x01\x00\x00\x00\x00\x00\x12prin\
tOutputOpti\xffons\x00\
\x00\x00\x12\x00\x00\x00\x00Cptnbool\x00\
\x00\x00\x00\x00Clbrbool\x00\x00\x00\x00\
\x00RgsMbool\x00\x00\x00\x00\x00Cr\
nCbool\x00\x00\x00\x00\x00CntCb\
ool\x00\x00\x00\x00\x00Lblsbool\
\x00\x00\x00\x00\x00Ngtvbool\x00\x00\x00\
\x00\x00EmlDbool\x00\x00\x00\x00\x00I\
ntrbool\x00\x00\x00\x00\x00Bckg\
Objc\x00\x00\x00\x01\x00\x00\x00\x00\x00\x00RG\
BC\x00\x00\x00\x03\x00\x00\x00\x00Rd  do\
ub@o\xe0\x00\x00\x00\x00\x00\x00\x00\x00\x00Gr\
n doub@o\xe0\x00\x00\x00\x00\x00\x00\x00\
\x00\x00Bl  doub@o\xe0\x00\x00\x00\
\x00\x00\x00\x00\x00\x00BrdTUntF#R\
lt\x00\x00\x00\x00\x00\x00\x00\x00\x00\x00\x00\x00Bl\
d UntF#Rlt\x00\xff\x00\x00\x00\x00\
\x00\x00\x00\x00\x00\x00\x00RsltUntF#\
Pxl@X\x1f\xa7\x80\x00\x00\x00\x00\x00\x00\x0av\
ectorDatabool\x01\x00\x00\
\x00\x00PgPsenum\x00\x00\x00\x00Pg\
Ps\x00\x00\x00\x00PgPC\x00\x00\x00\x00Le\
ftUntF#Rlt\x00\x00\x00\x00\x00\x00\
\x00\x00\x00\x00\x00\x00Top UntF#R\
lt\x00\x00\x00\x00\x00\x00\x00\x00\x00\x00\x00\x00Sc\
l UntF#Prc@Y\x00\x00\x00\x00\
\x00\x008BIM\x03\xed\x00\x00\x00\x00\x00\x10\x00`\
~\x9e\x00\x01\x00\x02\x00`~\x9e\x00\x01\x00\x028B\
IM\x04&\x00\x00\x00\x00\x00\x0e\x00\x00\x00\x00\x00\x00\
\x00\x00\x00\x00?\x80\x00\x008BIM\x04\x0d\x00\x00\
\x00\x00\x00\x04\x00\x00\x00x8BIM\x04\x19\x00\x00\
\x00\x00\x00\x04\x00\x00\x00\x1e8BIM\x03\xf3\x00\x00\
\x00\x00\x00\x09\x00\x00\x00\x00\x00\x00\x00\xff\x00\x01\x008\
BIM'\x10\x00\x00\x00\x00\x00\x0a\x00\x01\x00\x00\x00\
\x00\x00\x00\x00\x028BIM\x03\xf5\x00\x00\x00\x00\x00\
H\x00/ff\x00\x01\x00lff\x00\x06\x00\x00\x00\
\x00\x00\x01\x00/ff\x00\x01\x00\xa1\x99\x9a\x00\x06\x00\
\x00\x00\x00\x00\x01\x002\x00\x00\x00\x01\x00Z\x00\x00\x00\
\x06\x00\x00\x00\x00\x00\x01\x005\x00\x00\x00\x01\x00-\x00\
\x00\x00\x06\x00\x00\x00\x00\x00\x018BIM\x03\xf8\x00\
\x00\x00\x00\x00p\x00\x00\xff\xff\xff\xff\xff\xff\xff\xff\xff\
\xff\xff\xff\xff\xff\xff\xff\xff\xff\xff\xff\xff\xff\x03\xe8\x00\
\x00\x00\x00\xff\xff\xff\xff\xff\xff\xff\xff\xff\xff\xff\xff\xff\
\xff\xff\xff\xff\xff\xff\xff\xff\xff\x03\xe8\x00\x00\x00\x00\xff\
\xff\xff\xff\xff\xff\xff\xff\xff\xff\xff\xff\xff\xff\xff\xff\xff\
\xff\xff\xff\xff\xff\x03\xe8\x00\x00\x00\x00\xff\xff\xff\xff\xff\
\xff\xff\xff\xff\xff\xff\xff\xff\xff\xff\xff\xff\xff\xff\xff\xff\
\xff\x03\xe8\x00\x008BIM\x04\x00\x00\x00\x00\x00\x00\
\x02\x00\x098BIM\x04\x02\x00\x00\xff\x00\x00\x00\x16\
\x00\x00\x00\x00\x00\x00\x00\x00\x00\x00\x00\x00\x00\x00\x00\x00\
\x00\x00\x00\x00\x00\x008BIM\x040\x00\x00\x00\x00\
\x00\x0b\x01\x01\x01\x01\x01\x01\x01\x01\x01\x01\x01\x008B\
IM\x04-\x00\x00\x00\x00\x00\x06\x00\x01\x00\x00\x00%\
8BIM\x04\x08\x00\x00\x00\x00\x00\x10\x00\x00\x00\x01\
\x00\x00\x02@\x00\x00\x02@\x00\x00\x00\x008BIM\
\x04\x1e\x00\x00\x00\x00\x00\x04\x00\x00\x00\x008BIM\
\x04\x1a\x00\x00\x00\x00\x03K\x00\x00\x00\x06\x00\x00\x00\x00\
\x00\x00\x00\x00\x00\x00\x01,\x00\x00\x01,\x00\x00\x00\x0b\
\x00N\x00a\x00m\x00n\x00l\x00\xf6\x00s\x00t\
\x00-\x001\x003\x00\x00\x00\x01\x00\x00\x00\x00\x00\x00\
\x00\x00\x00\x00\x00\x00\x00\x00\x00\x00\x00\x00\x00\x01\x00\x00\
\x00\x00\x00\x00\x00\x00\x00\x00\x01,\x00\x00\x01,\x00\x00\
\x00\x00\x00\x00\x00\x00\x00\x00\x00\x00\x00\x00\x00\x00\x01\x00\
\x00\x00\x00\x00\x00\x00\x00\x00\x00\x00\x00\x00\x00\x00\x00\x00\
\x00\x00\x10\x00\x00\x00\x01\x00\x00\x00\x00\xff\x00\x00nu\
ll\x00\x00\x00\x02\x00\x00\x00\x06bounds\
Objc\x00\x00\x00\x01\x00\x00\x00\x00\x00\x00Rc\
t1\x00\x00\x00\x04\x00\x00\x00\x00Top lo\
ng\x00\x00\x00\x00\x00\x00\x00\x00Leftlo\
ng\x00\x00\x00\x00\x00\x00\x00\x00Btomlo\
ng\x00\x00\x01,\x00\x00\x00\x00Rghtlo\
ng\x00\x00\x01,\x00\x00\x00\x06slices\
VlLs\x00\x00\x00\x01Objc\x00\x00\x00\x01\
\x00\x00\x00\x00\x00\x05slice\x00\x00\x00\x12\x00\
\x00\x00\x07sliceIDlong\x00\x00\
\x00\x00\x00\x00\x00\x07groupIDlon\
g\x00\x00\x00\x00\x00\x00\x00\x06origine\
num\x00\x00\x00\x0cESliceOri\
gin\x00\x00\x00\x0dautoGener\
ated\x00\x00\x00\x00Typeenum\
\x00\x00\x00\x0aESliceT\xffype\x00\
\x00\x00\x00Img \x00\x00\x00\x06bound\
sObjc\x00\x00\x00\x01\x00\x00\x00\x00\x00\x00R\
ct1\x00\x00\x00\x04\x00\x00\x00\x00Top l\
ong\x00\x00\x00\x00\x00\x00\x00\x00Leftl\
ong\x00\x00\x00\x00\x00\x00\x00\x00Btoml\
ong\x00\x00\x01,\x00\x00\x00\x00Rghtl\
ong\x00\x00\x01,\x00\x00\x00\x03urlTE\
XT\x00\x00\x00\x01\x00\x00\x00\x00\x00\x00null\
TEXT\x00\x00\x00\x01\x00\x00\x00\x00\x00\x00Ms\
geTEXT\x00\x00\x00\x01\x00\x00\x00\x00\x00\x06\
altTagTEXT\x00\x00\x00\x01\x00\x00\
\x00\x00\x00\x0ecellTextIsHT\
MLbool\x01\x00\x00\x00\x08cellT\
extTEXT\x00\x00\x00\x01\x00\x00\x00\x00\x00\
\x09horzAlignenum\x00\x00\
\x00\x0fESliceHor\xffzAli\
gn\x00\x00\x00\x07default\x00\x00\x00\
\x09vertAlignenum\x00\x00\
\x00\x0fESliceVertAlig\
n\x00\x00\x00\x07default\x00\x00\x00\x0b\
bgColorTypeenum\x00\
\x00\x00\x11ESliceBGColor\
Type\x00\x00\x00\x00None\x00\x00\x00\x09\
topOutsetlong\x00\x00\x00\
\x00\x00\x00\x00\x0aleftOutsetl\
ong\x00\x00\x00\x00\x00\x00\x00\x0cbotto\
mOutsetlong\x00\x00\x00\x00\x00\
\x00\x00\x0brightOutsetlo\
ng\x00\x00\x00\x00\x008BIM\x04(\x00\x00\x00\
\x00\x00\x0c\x00\x00\x00\x02?\xf0\x00\x00\x00\x00\x00\x008\
BIM\x04\x14\x00\x00\x00\x00\x00\x04\x00\x00\x00&8\
BIM\x04\x0c\x00\x00\x00\x00\x19N\xff\x00\x00\x00\x01\
\x00\x00\x00\xa0\x00\x00\x00\xa0\x00\x00\x01\xe0\x00\x01,\x00\
\x00\x00\x192\x00\x18\x00\x01\xff\xd8\xff\xe2\x0cXIC\
C_PROFILE\x00\x01\x01\x00\x00\x0cH\
Lino\x02\x10\x00\x00mntrRGB \
XYZ \x07\xce\x00\x02\x00\x09\x00\x06\x001\x00\x00\
acspMSFT\x00\x00\x00\x00IEC \
sRGB\x00\x00\x00\x00\x00\x00\x00\x00\x00\x00\x00\x00\
\x00\x00\xf6\xd6\x00\x01\x00\x00\x00\x00\xd3-HP  \
\x00\x00\x00\x00\x00\x00\x00\x00\x00\x00\x00\x00\x00\x00\x00\x00\
\x00\x00\x00\x00\x00\x00\x00\x00\x00\x00\x00\x00\x00\x00\x00\x00\
\x00\x00\x00\x00\x00\x00\x00\x00\x00\x00\x00\x00\x00\x00\x00\x11\
cprt\x00\x00\x01P\x00\x00\x003desc\
\x00\x00\x01\x84\x00\x00\x00lwtpt\x00\x00\x01\xf0\
\x00\x00\x00\x14bkpt\x00\x00\x02\x04\x00\x00\x00\x14\
rXYZ\x00\x00\x02\x18\x00\x00\x00\x14gXYZ\
\x00\x00\x02,\x00\x00\x00\x14bXY\xffZ\x00\x00\x02\
@\x00\x00\x00\x14dmnd\x00\x00\x02T\x00\x00\x00\
pdmdd\x00\x00\x02\xc4\x00\x00\x00\x88vue\
d\x00\x00\x03L\x00\x00\x00\x86view\x00\x00\x03\
\xd4\x00\x00\x00$lumi\x00\x00\x03\xf8\x00\x00\x00\
\x14meas\x00\x00\x04\x0c\x00\x00\x00$tec\
h\x00\x00\x040\x00\x00\x00\x0crTRC\x00\x00\x04\
<\x00\x00\x08\x0cgTRC\x00\x00\x04<\x00\x00\x08\
\x0cbTRC\x00\x00\x04<\x00\x00\x08\x0ctex\
t\x00\x00\x00\x00Copyright (\
c) 1998 Hewlett-\
Packard Company\x00\
\x00desc\x00\x00\x00\x00\x00\x00\x00\x12sRG\
B IEC61966-2.1\x00\x00\
\x00\x00\x00\x00\x00\x00\x00\x00\x00\x12sRGB I\
EC61966-2.1\x00\x00\x00\x00\x00\
\x00\x00\x00\x00\x00\x00\x00\x00\x00\x00\x00\xff\x00\x00\x00\x00\
\x00\x00\x00\x00\x00\x00\x00\x00\x00\x00\x00\x00\x00\x00\x00\x00\
\x00\x00\x00\x00\x00\x00\x00\x00\x00\x00\x00\x00\x00\x00XY\
Z \x00\x00\x00\x00\x00\x00\xf3Q\x00\x01\x00\x00\x00\x01\
\x16\xccXYZ \x00\x00\x00\x00\x00\x00\x00\x00\x00\x00\
\x00\x00\x00\x00\x00\x00XYZ \x00\x00\x00\x00\x00\x00\
o\xa2\x00\x008\xf5\x00\x00\x03\x90XYZ \x00\x00\
\x00\x00\x00\x00b\x99\x00\x00\xb7\x85\x00\x00\x18\xdaXY\
Z \x00\x00\x00\x00\x00\x00$\xa0\x00\x00\x0f\x84\x00\x00\
\xb6\xcfdesc\x00\x00\x00\x00\x00\x00\x00\x16IE\
C http://www.iec\
.ch\x00\x00\x00\x00\x00\x00\x00\x00\x00\x00\x00\x16I\
EC http://www.ie\
c.ch\x00\x00\x00\x00\x00\x00\x00\x00\x00\x00\x00\x00\
\x00\x00\x00\x00\x00\x00\x00\x00\x00\x00\x00\x00\x00\x00\x00\x00\
\x00\x00\x00\x00\x00\x00\x00\x00\x00\x00\x00\x00\x00\x00\x00\x00\
\x00\x00desc\x00\x00\x00\x00\x00\xff\x00\x00.I\
EC 61966-2.1 Def\
ault RGB colour \
space - sRGB\x00\x00\x00\x00\
\x00\x00\x00\x00\x00\x00\x00.IEC 6196\
6-2.1 Default RG\
B colour space -\
 sRGB\x00\x00\x00\x00\x00\x00\x00\x00\x00\x00\x00\
\x00\x00\x00\x00\x00\x00\x00\x00\x00\x00\x00desc\x00\
\x00\x00\x00\x00\x00\x00,Reference\
 Viewing Conditi\
on in IEC61966-2\
.1\x00\x00\x00\x00\x00\x00\x00\x00\x00\x00\x00,Re\
ference Viewing \
Condition in IEC\
61966-2.1\x00\x00\x00\x00\x00\x00\x00\
\x00\x00\x00\x00\x00\x00\x00\x00\x00\x00\x00\xff\x00\x00\x00\x00\
\x00\x00\x00\x00view\x00\x00\x00\x00\x00\x13\xa4\xfe\
\x00\x14_.\x00\x10\xcf\x14\x00\x03\xed\xcc\x00\x04\x13\x0b\
\x00\x03\x5c\x9e\x00\x00\x00\x01XYZ \x00\x00\x00\x00\
\x00L\x09V\x00P\x00\x00\x00W\x1f\xe7meas\
\x00\x00\x00\x00\x00\x00\x00\x01\x00\x00\x00\x00\x00\x00\x00\x00\
\x00\x00\x00\x00\x00\x00\x00\x00\x00\x00\x02\x8f\x00\x00\x00\x02\
sig \x00\x00\x00\x00CRT curv\
\x00\x00\x00\x00\x00\x00\x04\x00\x00\x00\x00\x05\x00\x0a\x00\x0f\
\x00\x14\x00\x19\x00\x1e\x00#\x00(\x00-\x002\x007\
\x00;\x00@\x00E\x00J\x00O\x00T\x00Y\x00^\
\x00c\x00h\x00m\x00r\x00w\x00|\x00\x81\x00\x86\
\x00\x8b\x00\x90\x00\x95\x00\x9a\x00\x9f\x00\xa4\x00\xa9\x00\xae\
\x00\xb2\x00\xb7\x00\xbc\x00\xc1\x00\xc6\x00\xcb\x00\xd0\x00\xd5\
\x00\xdb\x00\xe0\x00\xe5\x00\xeb\x00\xf0\x00\xf6\x00\xfb\x01\x01\
\x01\x07\x01\x0d\x01\x13\x01\x19\x01\x1f\x01%\x01+\x012\
\x018\x01>\x01E\x01L\x01R\x01\xffY\x01`\x01\
g\x01n\x01u\x01|\x01\x83\x01\x8b\x01\x92\x01\x9a\x01\
\xa1\x01\xa9\x01\xb1\x01\xb9\x01\xc1\x01\xc9\x01\xd1\x01\xd9\x01\
\xe1\x01\xe9\x01\xf2\x01\xfa\x02\x03\x02\x0c\x02\x14\x02\x1d\x02\
&\x02/\x028\x02A\x02K\x02T\x02]\x02g\x02\
q\x02z\x02\x84\x02\x8e\x02\x98\x02\xa2\x02\xac\x02\xb6\x02\
\xc1\x02\xcb\x02\xd5\x02\xe0\x02\xeb\x02\xf5\x03\x00\x03\x0b\x03\
\x16\x03!\x03-\x038\x03C\x03O\x03Z\x03f\x03\
r\x03~\x03\x8a\x03\x96\x03\xa2\x03\xae\x03\xba\x03\xc7\x03\
\xd3\x03\xe0\x03\xec\x03\xf9\x04\x06\x04\x13\x04 \x04-\x04\
;\x04H\x04U\x04c\x04q\x04~\x04\x8c\x04\x9a\x04\
\xa8\x04\xb6\x04\xc4\x04\xd3\x04\xe1\x04\xf0\x04\xfe\x05\x0d\x05\
\x1c\x05+\x05:\x05I\x05X\x05g\x05w\x05\x86\x05\
\x96\x05\xa6\x05\xb5\x05\xc5\x05\xd5\x05\xe5\x05\xf6\x06\x06\x06\
\x16\x06'\x067\x06H\x06Y\x06j\x06{\x06\x8c\x06\
\x9d\x06\xaf\x06\xc0\x06\xd1\x06\xe3\x06\xf5\x07\x07\x07\x19\x07\
+\x07=\x07O\x07a\x07t\x07\x86\xff\x07\x99\x07\xac\
\x07\xbf\x07\xd2\x07\xe5\x07\xf8\x08\x0b\x08\x1f\x082\x08F\
\x08Z\x08n\x08\x82\x08\x96\x08\xaa\x08\xbe\x08\xd2\x08\xe7\
\x08\xfb\x09\x10\x09%\x09:\x09O\x09d\x09y\x09\x8f\
\x09\xa4\x09\xba\x09\xcf\x09\xe5\x09\xfb\x0a\x11\x0a'\x0a=\
\x0aT\x0aj\x0a\x81\x0a\x98\x0a\xae\x0a\xc5\x0a\xdc\x0a\xf3\
\x0b\x0b\x0b\x22\x0b9\x0bQ\x0bi\x0b\x80\x0b\x98\x0b\xb0\
\x0b\xc8\x0b\xe1\x0b\xf9\x0c\x12\x0c*\x0cC\x0c\x5c\x0cu\
\x0c\x8e\x0c\xa7\x0c\xc0\x0c\xd9\x0c\xf3\x0d\x0d\x0d&\x0d@\
\x0dZ\x0dt\x0d\x8e\x0d\xa9\x0d\xc3\x0d\xde\x0d\xf8\x0e\x13\
\x0e.\x0eI\x0ed\x0e\x7f\x0e\x9b\x0e\xb6\x0e\xd2\x0e\xee\
\x0f\x09\x0f%\x0fA\x0f^\x0fz\x0f\x96\x0f\xb3\x0f\xcf\
\x0f\xec\x10\x09\x10&\x10C\x10a\x10~\x10\x9b\x10\xb9\
\x10\xd7\x10\xf5\x11\x13\x111\x11O\x11m\x11\x8c\x11\xaa\
\x11\xc9\x11\xe8\x12\x07\x12&\x12E\x12d\x12\x84\x12\xa3\
\x12\xc3\x12\xe3\x13\x03\x13#\x13C\x13c\x13\x83\x13\xa4\
\x13\xc5\x13\xe5\x14\x06\x14'\x14I\x14\xffj\x14\x8b\x14\
\xad\x14\xce\x14\xf0\x15\x12\x154\x15V\x15x\x15\x9b\x15\
\xbd\x15\xe0\x16\x03\x16&\x16I\x16l\x16\x8f\x16\xb2\x16\
\xd6\x16\xfa\x17\x1d\x17A\x17e\x17\x89\x17\xae\x17\xd2\x17\
\xf7\x18\x1b\x18@\x18e\x18\x8a\x18\xaf\x18\xd5\x18\xfa\x19\
 \x19E\x19k\x19\x91\x19\xb7\x19\xdd\x1a\x04\x1a*\x1a\
Q\x1aw\x1a\x9e\x1a\xc5\x1a\xec\x1b\x14\x1b;\x1bc\x1b\
\x8a\x1b\xb2\x1b\xda\x1c\x02\x1c*\x1cR\x1c{\x1c\xa3\x1c\
\xcc\x1c\xf5\x1d\x1e\x1dG\x1dp\x1d\x99\x1d\xc3\x1d\xec\x1e\
\x16\x1e@\x1ej\x1e\x94\x1e\xbe\x1e\xe9\x1f\x13\x1f>\x1f\
i\x1f\x94\x1f\xbf\x1f\xea \x15 A l \x98 \
\xc4 \xf0!\x1c!H!u!\xa1!\xce!\xfb\x22\
'\x22U\x22\x82\x22\xaf\x22\xdd#\x0a#8#f#\
\x94#\xc2#\xf0$\x1f$M$|$\xab$\xda%\
\x09%8%h%\x97%\xc7%\xf7&'&W&\
\x87&\xb7&\xe8'\x18'I'z'\xab'\xdc(\
\x0d(?(q(\xa2(\xd4)\x06\xff)8)k\
)\x9d)\xd0*\x02*5*h*\x9b*\xcf+\x02\
+6+i+\x9d+\xd1,\x05,9,n,\xa2\
,\xd7-\x0c-A-v-\xab-\xe1.\x16.L\
.\x82.\xb7.\xee/$/Z/\x91/\xc7/\xfe\
050l0\xa40\xdb1\x121J1\x821\xba\
1\xf22*2c2\x9b2\xd43\x0d3F3\x7f\
3\xb83\xf14+4e4\x9e4\xd85\x135M\
5\x875\xc25\xfd676r6\xae6\xe97$\
7`7\x9c7\xd78\x148P8\x8c8\xc89\x05\
9B9\x7f9\xbc9\xf9:6:t:\xb2:\xef\
;-;k;\xaa;\xe8<'<e<\xa4<\xe3\
=\x22=a=\xa1=\xe0> >`>\xa0>\xe0\
?!?a?\xa2?\xe2@#@d@\xa6@\xe7\
A)AjA\xacA\xeeB0BrB\xb5B\xf7\
C:C}C\xc0D\x03DGD\x8aD\xceE\x12\
EUE\x9aE\xdeF\x22FgF\xff\xabF\xf0G\
5G{G\xc0H\x05HKH\x91H\xd7I\x1dI\
cI\xa9I\xf0J7J}J\xc4K\x0cKSK\
\x9aK\xe2L*LrL\xbaM\x02MJM\x93M\
\xdcN%NnN\xb7O\x00OIO\x93O\xddP\
'PqP\xbbQ\x06QPQ\x9bQ\xe6R1R\
|R\xc7S\x13S_S\xaaS\xf6TBT\x8fT\
\xdbU(UuU\xc2V\x0fV\x5cV\xa9V\xf7W\
DW\x92W\xe0X/X}X\xcbY\x1aYiY\
\xb8Z\x07ZVZ\xa6Z\xf5[E[\x95[\xe5\x5c\
5\x5c\x86\x5c\xd6]']x]\xc9^\x1a^l^\
\xbd_\x0f_a_\xb3`\x05`W`\xaa`\xfca\
Oa\xa2a\xf5bIb\x9cb\xf0cCc\x97c\
\xebd@d\x94d\xe9e=e\x92e\xe7f=f\
\x92f\xe8g=g\x93g\xe9h?h\x96h\xeci\
Ci\x9ai\xf1jHj\x9fj\xf7kOk\xa7k\
\xfflWl\xafm\x08m`m\xb9\xffn\x12nk\
n\xc4o\x1eoxo\xd1p+p\x86p\xe0q:\
q\x95q\xf0rKr\xa6s\x01s]s\xb8t\x14\
tpt\xccu(u\x85u\xe1v>v\x9bv\xf8\
wVw\xb3x\x11xnx\xccy*y\x89y\xe7\
zFz\xa5{\x04{c{\xc2|!|\x81|\xe1\
}A}\xa1~\x01~b~\xc2\x7f#\x7f\x84\x7f\xe5\
\x80G\x80\xa8\x81\x0a\x81k\x81\xcd\x820\x82\x92\x82\xf4\
\x83W\x83\xba\x84\x1d\x84\x80\x84\xe3\x85G\x85\xab\x86\x0e\
\x86r\x86\xd7\x87;\x87\x9f\x88\x04\x88i\x88\xce\x893\
\x89\x99\x89\xfe\x8ad\x8a\xca\x8b0\x8b\x96\x8b\xfc\x8cc\
\x8c\xca\x8d1\x8d\x98\x8d\xff\x8ef\x8e\xce\x8f6\x8f\x9e\
\x90\x06\x90n\x90\xd6\x91?\x91\xa8\x92\x11\x92z\x92\xe3\
\x93M\x93\xb6\x94 \x94\x8a\x94\xf4\x95_\x95\xc9\x964\
\x96\x9f\x97\x0a\x97u\x97\xe0\x98L\x98\xb8\x99$\x99\x90\
\x99\xfc\x9ah\x9a\xd5\x9bB\x9b\xaf\x9c\x1c\x9c\x89\x9c\xf7\
\x9dd\x9d\xd2\x9e@\x9e\xae\x9f\x1d\x9f\xff\x8b\x9f\xfa\xa0\
i\xa0\xd8\xa1G\xa1\xb6\xa2&\xa2\x96\xa3\x06\xa3v\xa3\
\xe6\xa4V\xa4\xc7\xa58\xa5\xa9\xa6\x1a\xa6\x8b\xa6\xfd\xa7\
n\xa7\xe0\xa8R\xa8\xc4\xa97\xa9\xa9\xaa\x1c\xaa\x8f\xab\
\x02\xabu\xab\xe9\xac\x5c\xac\xd0\xadD\xad\xb8\xae-\xae\
\xa1\xaf\x16\xaf\x8b\xb0\x00\xb0u\xb0\xea\xb1`\xb1\xd6\xb2\
K\xb2\xc2\xb38\xb3\xae\xb4%\xb4\x9c\xb5\x13\xb5\x8a\xb6\
\x01\xb6y\xb6\xf0\xb7h\xb7\xe0\xb8Y\xb8\xd1\xb9J\xb9\
\xc2\xba;\xba\xb5\xbb.\xbb\xa7\xbc!\xbc\x9b\xbd\x15\xbd\
\x8f\xbe\x0a\xbe\x84\xbe\xff\xbfz\xbf\xf5\xc0p\xc0\xec\xc1\
g\xc1\xe3\xc2_\xc2\xdb\xc3X\xc3\xd4\xc4Q\xc4\xce\xc5\
K\xc5\xc8\xc6F\xc6\xc3\xc7A\xc7\xbf\xc8=\xc8\xbc\xc9\
:\xc9\xb9\xca8\xca\xb7\xcb6\xcb\xb6\xcc5\xcc\xb5\xcd\
5\xcd\xb5\xce6\xce\xb6\xcf7\xcf\xb8\xd09\xd0\xba\xd1\
<\xd1\xbe\xd2?\xd2\xc1\xd3D\xd3\xc6\xd4I\xd4\xcb\xd5\
N\xd5\xd1\xd6U\xd6\xd8\xd7\x5c\xd7\xe0\xd8d\xd8\xe8\xd9\
l\xd9\xf1\xdav\xda\xfb\xdb\x80\xdc\x05\xff\xdc\x8a\xdd\x10\
\xdd\x96\xde\x1c\xde\xa2\xdf)\xdf\xaf\xe06\xe0\xbd\xe1D\
\xe1\xcc\xe2S\xe2\xdb\xe3c\xe3\xeb\xe4s\xe4\xfc\xe5\x84\
\xe6\x0d\xe6\x96\xe7\x1f\xe7\xa9\xe82\xe8\xbc\xe9F\xe9\xd0\
\xea[\xea\xe5\xebp\xeb\xfb\xec\x86\xed\x11\xed\x9c\xee(\
\xee\xb4\xef@\xef\xcc\xf0X\xf0\xe5\xf1r\xf1\xff\xf2\x8c\
\xf3\x19\xf3\xa7\xf44\xf4\xc2\xf5P\xf5\xde\xf6m\xf6\xfb\
\xf7\x8a\xf8\x19\xf8\xa8\xf98\xf9\xc7\xfaW\xfa\xe7\xfbw\
\xfc\x07\xfc\x98\xfd)\xfd\xba\xfeK\xfe\xdc\xffm\xff\xff\
\xff\xed\x00\x0cAdobe_CM\x00\x01\xff\xee\
\x00\x0eAdobe\x00d\x80\x00\x00\x00\x01\xff\xdb\
\x00\x84\x00\x0c\x08\x08\x08\x09\x08\x0c\x09\x09\x0c\x11\x0b\x0a\
\x0b\x11\x15\x0f\x0c\x0c\x0f\x15\x18\x13\x13\x15\x13\x13\x18\x11\
\x0c\x0c\x0c\x0c\x0c\x0c\x11\x0c\x0c\x0c\x0c\x0c\x0c\x0c\x0c\x0c\
\x0c\x0c\x0c\x0c\x0c\x0c\x0c\x0c\x0c\x0c\x0c\x0c\x0c\x0c\x0c\x0c\
\x0c\x0c\x0c\x01\x0d\x0b\x0b\x0d\x0e\x0d\x10\x0e\x0e\x10\x14\x0e\
\x0e\x0e\x14\x14\x0e\x0e\x0e\x0e\x14\x11\x0c\xff\x0c\x0c\x0c\x0c\
\x11\x11\x0c\x0c\x0c\x0c\x0c\x0c\x11\x0c\x0c\x0c\x0c\x0c\x0c\x0c\
\x0c\x0c\x0c\x0c\x0c\x0c\x0c\x0c\x0c\x0c\x0c\x0c\x0c\x0c\x0c\x0c\
\x0c\x0c\x0c\x0c\x0c\xff\xc0\x00\x11\x08\x00\xa0\x00\xa0\x03\x01\
\x22\x00\x02\x11\x01\x03\x11\x01\xff\xdd\x00\x04\x00\x0a\xff\xc4\
\x01?\x00\x00\x01\x05\x01\x01\x01\x01\x01\x01\x00\x00\x00\x00\
\x00\x00\x00\x03\x00\x01\x02\x04\x05\x06\x07\x08\x09\x0a\x0b\x01\
\x00\x01\x05\x01\x01\x01\x01\x01\x01\x00\x00\x00\x00\x00\x00\x00\
\x01\x00\x02\x03\x04\x05\x06\x07\x08\x09\x0a\x0b\x10\x00\x01\x04\
\x01\x03\x02\x04\x02\x05\x07\x06\x08\x05\x03\x0c3\x01\x00\x02\
\x11\x03\x04!\x121\x05AQa\x13\x22q\x812\x06\
\x14\x91\xa1\xb1B#$\x15R\xc1b34r\x82\xd1\
C\x07%\x92S\xf0\xe1\xf1cs5\x16\xa2\xb2\x83&\
D\x93TdE\xc2\xa3t6\x17\xd2U\xe2e\xf2\xb3\
\x84\xc3\xd3u\xe3\xf3F'\x94\xa4\x85\xb4\x95\xc4\xd4\xe4\
\xf4\xa5\xb5\xc5\xd5\xe5\xf5Vfv\x86\x96\xa6\xb6\xc6\xd6\
\xe6\xf67GWgw\x87\x97\xa7\xb7\xff\xc7\xd7\xe7\xf7\
\x11\x00\x02\x02\x01\x02\x04\x04\x03\x04\x05\x06\x07\x07\x06\x05\
5\x01\x00\x02\x11\x03!1\x12\x04AQaq\x22\x13\
\x052\x81\x91\x14\xa1\xb1B#\xc1R\xd1\xf03$b\
\xe1r\x82\x92CS\x15cs4\xf1%\x06\x16\xa2\xb2\
\x83\x07&5\xc2\xd2D\x93T\xa3\x17dEU6t\
e\xe2\xf2\xb3\x84\xc3\xd3u\xe3\xf3F\x94\xa4\x85\xb4\x95\
\xc4\xd4\xe4\xf4\xa5\xb5\xc5\xd5\xe5\xf5Vfv\x86\x96\xa6\
\xb6\xc6\xd6\xe6\xf6'7GWgw\x87\x97\xa7\xb7\xc7\
\xff\xda\x00\x0c\x03\x01\x00\x02\x11\x03\x11\x00?\x00\xf2\xa4\
\x92I%)$\x92IJI$\x92R\x92I$\x94\
\xa5&Um\x9fA\x8ew\xf5A?\x91_\xc1\xe9\xec\
,\x17^7n\xd5\x8c\xed\x1f\xbc\xe5\xa24\x104\x03\
\x804\x09)\xc0}\x17V%\xf5\xb9\xa3\xc4\x82\x14\x17\
E%S\xcb\xe9\xec\xb5\xa5\xf4\x80\xcbF\xbbF\x81\xdf\
\xf9\x17$\xa7%$\xb8\xd0\xa4\x92\x94\x92I$\xa5$\
\x92I)I$\x92J\x7f\xff\xd0\xf2\xff\xa4\x92I%\
)$\x91\xf1\xe8\x0f\xf7\xbf\xe8\x8e\x07\x8aJD\xca\xac\
\x7f\xd1i>j_f\xbb\xf7\x7f\x10\xae\xf9p\x07d\
\x92S\x9e\xe6\xb9\xa6\x1c \xf9\xa2b\xd4.\xc8\xae\xb3\
\xc3\x8f\xbb\xe05w\xfd\x15m\xcdk\xc6\xd7\x09\x08X\
\x8c\xf4s\xeb\x07\x82Hi\xf1\xdc\x0bG\xe5IN\xb9\
\xd4\xa4\x92I)I$\x92Jr:\x9da\x99E\xc3\
\x8b\x06\xff\x00\x99\xd1\xdf\xf4\x82\xaa\xd6\xb9\xc45\xa0\x92\
x\x03R\xb43\xea\xb3'6\x9cz\x84\xbd\xcd\x00x\
j\x5c\xe9?\xd5j\xda\xc2\xc1\xa3\x0a\xbd\xb5\x09\xb2=\
\xf7\x1f\xa4\xef\x87\xee3\xf9))\xc0gG\xeaO\x12\
(p\x1f\xca!\xbf\xf5e\xa8W\xe0\xe6c\x89\xba\x97\
1\xbf\xbd\x12\xdf\xf3\xdb\xed]bS\xdb\xb1\xe4$\xa7\
\x8cImu~\x93[X\xec\xacV\xed\x0d\xd6\xda\xc7\
\x00\x7f\xa4\xac\x7f\xd5\xb1b\xa4\xa5$\x92I)\xff\xd1\
\xf2\xa4\x92I%)h\x06\x86\xb44p\xd1\x0b=h\
\xc8:\x8e\x0e\xbfzJRI$\x92\xff\x94\x85\x92\x0f\
\xa6\x1e4s\x08 \xa2\xa1d\x98\xa4\xf9\x90?\x8aJ\
tq\xb2[\x93Px\xfac\xf9\xc6\xf8\x1f\xfc\x8b\x91\
W?]\xb6T\xf0\xfa\xdcZ\xe1\xdc+\xcc\xea\xee\x03\
\xf4\x95\x87\x1f\x16\x9d\xbf\x87\xb9%:J\x16\xda\xcak\
6Xa\xa3\xef'\xf7Z\xa8\xbf\xab\xe9\xfa:\xa0\xf6\
.3\xf845R\xbf\x22\xdb\xdd\xba\xd7Lp8\x03\
\xfa\xa1%;\x1d\x0c\x1b\xae\xc9\xccx\xf7\x18c|\x06\
\xed\x5c?\xcdcZ\xb5\xd6G\xd5\xcb\x01\xaa\xfa\xbb\x87\
5\xff\x00#-?\xf7\xd5\xae\x92\x94\x92I$\xa5C\
N\x8e\x12\xd3\xa3\x81\xee\x0e\x8e\x0b\x90\xc8\xab\xd1\xc8\xb6\
\x9e}7\xb9\xb3\xf00\xbb\x00$\x81\xe2\xb9\x1c\xdb\x1b\
ne\xf67V\xbe\xc7\x16\x9f\x22tIHRI$\
\x94\xff\x00\xff\xd2\xf2\xa4\x92I%)Z\xc6\xb49\xbe\
\x99\xfaC\xe8\xf9\x84\x01S\x8f:|S\xfa?\xcaI\
M\xd4\x95a}\xcc\x1e\xe0\x1e<{\xa7\xfbg\xf2?\
\x14\x94\xd8T\xf2-\x16:\x1b\xf4[\xff\xc7\x9f\x9ak\
/\xb2\xc1\x04\xc0\xf0\x1c!\xa4\xa5$\x92I)I$\
\x92Jlt\xfc\xc7a\xe4\xb6\xe077\xe8\xd8\xdf\x16\
\x9e\x7f\xf2K\xa9\xae\xca\xed\xad\xb6\xd4\xe0\xfa\xdf\xf4\x5c\
?'\xf2\x5c\xb8\xe4|\x5c\xec\x9cGM\x0f-\x07\xe9\
0\xea\xd3\xfdf\x94\x94\xf5\x89,F}c|~\x93\
\x1d\xae=\xcb\x5cZ>\xe3\xbd\x16\x8c\xee\xb1\xd4\x89f\
\x05\x22\xb6\x8d\x1fof\xcf\xef[g\xb1\xbf\xf5i)\
\xb1\xd5\xba\x83q)50\xfe\xb1`\x80;\xb5\xa7\x97\
\x9f\xe5~\xe2\xe6\x97B>\xa9\xe4>_~[=G\
\x19t\x07?\xfe\x9b\xb6*\xf9?U\xba\x85@\xba\x87\
3$\x0f\xcdd\x87\xff\x00\xdbo\xdb\xff\x00A%8\
\xc9$\xe6\xb9\xae-p!\xc0\xc1\x07B\x08I%?\
\xff\xd3\xf2\xa4Z\x99\xa6\xe3\xcfd%b#O\x04\x94\
\xa4\x92I%)\x0a\xc6m28(\xaa6\x09a\xf2\
IHRI$\x94\xa4\x92I%)$\x92IJI\
$\x92Ss\xa4\xf4\xf7u\x0c\xc6\xd1\xff%\xb5\x81\xbe\
\xd7\x8f\xcd`\xe7\xfb_\x98\xd5\xda\xd5UT\xd4\xdai\
`\xae\xa6\x08c\x07\x03\xff\x00$\xff\x00\xdez\xc4\xfa\
\xa5P\x18\xd97G\xb9\xcfk'\xc8\x02\xf8\xff\x00\xa4\
\xb7\x92R\x92I$\x94\xe4\xfd`\xe9,\xcc\xc7~]\
B2\xa9n\xe7G\xf8F\x0f\xa5\xbb\xfe\x12\xb6\xfb\x98\
\xef\xec\x7f\xa3\x5c\x8a\xf4V\x98p>k\xcf\xf3*m\
9w\xd2\xdf\xa3]\x8f`\xf85\xc5\xa9)\xff\xd4\xf2\
\xa5`\x19\x00\xf8\xaa\xeau\xbfn\x87\x84\x94\x95$\x92\
IJQ\xb4\xc3>*D\x80$\xe8\x10\x1e\xed\xc6{\
vIK$\x92I)I$\x92JRI$\x92\x94\
\x92I$\xa7\xa3\xfa\xa3\x90\xd8\xc9\xc5'\xdd\xed\xb5\xa3\
\xc8{,\xff\x00\xaab\xe8W\x01\x89\x95v\x1eMy\
4\x98\xb2\xb3\x22u\x07\xb3\x9a\xef\xe4\xb9\xbe\xd5\xda\xf4\
\xfe\xa3\x8b\xd4j\xdf\x8eb\xc0?IA>\xf6\x9f\xfd\
\x18\xcf\xf8F\xa4\xa6\xd2I%\x1a\x13\xc0\x1c\x93\xa0\x1f\
\x17\x14\x94\xad\xcc`6<\xc3\x18\x0b\xff\xde|\x1a\xd1\
\xb9\xdf\xf4W\x9f_i\xba\xfb.\x22\x0d\x8fs\xc8\xf0\
\xdcw-\xde\xbf\xd7*\xb6\xb3\x83\x86\xed\xecq\xfd=\
\xc3\x87A\xfen\xbf\xe4n\xfaO\xfc\xf5\xcf\xa4\xa7\xff\
\xd5\xf2\xa4\x92I%.\x1c\xe6\xf0ahtN\x91\xd5\
z\xf7PgN\xe9\x95\x1b\xafx.<\x06\xb1\x83\xe9\
\xddu\x9f\xe0\xebo\xfe\xa3\xfeu\xecY\xcb\xe8\x0f\xf1\
q\xf5f\xae\x81\xf5v\x97=\x91\x9d\x9e\xd6\xe4e\xb9\
\xc2\x1c\x0b\x86\xeaq\xff\x00y\xbfg\xad\xdfC\xfd7\
\xac\x92\x9c\x9e\x89\xfe':\x0e-M\x7fY\xb2\xce\xa5\
\x92[\xef`s\xaa\xa5\xa4\xff\x00\xa3\xf4\x8br\x1d\xb3\
\xf7\xdfw\xbf\xfd\x02\xd8\xb3\xfcY\xfdH\xb1\x9b\x0fL\
kt\x80[e\xad?\xe7\x0bWP\x92J|\x8f\xeb\
O\xf8\x9c\xb3\x1e\x97\xe6}\x5c\xb9\xf9\x01\x83s\xb0n\
\x83a\x1a\xee\xfb=\xcd\xd8\xdb?\xe2lg\xfdz\xcb\
?F\xbc\xc9\xec{\x1e\xe6=\xa5\xafi!\xcd\x22\x08\
#B\xd7\x02\xbe\xa9^?\xfe8\xfe\xff\xacS\x87\x95\
G\xd6\x0cF\x0a\xeb\xcdw\xa3\x98\xd6\xe8=x6W\
tO\xd2\xbe\xa6Y\xea\xedo\xf8\x1fS\xf9\xcb\x92S\
\xe6\xa9$\x92JRI$\x92\x94\xbb/\xab\x9f\xe2\xf6\
\xdc\xca\x99\x9b\xd6\x1e\xecl{\x00uX\xcc\xfey\xed\
:\x87\xbc\xb8m\xc7\xad\xff\x00\x99\xf4\xed\x7f\xfa?\xa1\
b\xa7\xf5\x07\xa2U\xd5:\xbb\xaf\xca`\xb3\x17\x01\xa2\
\xd7\xd6\xedZ\xfb\x09\xdb\x8fS\xdb\xf9\xcc\xdf\xfa[\x1b\
\xf9\xf5\xd5\xe9\xafR$\xb8\x978\xc9:\x92|RS\
\x8fG\xd5\x0f\xaa\xf47k:uo\xfeU\xae\xb2\xc7\
\x1f\xf3\x9f\xb7\xfe\x82\xab\x9b\xf5\x0f\xea\xeeH\xdd\x8d]\
\x9d:\xf1\xab-\xc7{\x9c\x01\xfc\xdd\xd4\xde\xe7\xff\x00\
\xe0vR\xba\x14\x92S\xe5\xbdv\xbf\xad\x1fWom\
\x19\x19&\xda,\x93\x8f\x92\x00{^\x07\xf2\xadn\xf6\
X\xcf\xf0\x95?\xe8,,\xae\xa5\x9f\x96#&\xf7\xd8\
\xdev\x93\xed\xff\x000{\x17\xb2un\x95GY\xe9\
\xd7t\xdb\xc0\x8b\x84\xd2\xf3\xfe\x0e\xe0\xff\x0f\xa1s\x7f\
\xaa\xefe\x9f\xf0/\xb1x\xad\xb5YM\xaf\xaa\xd6\x96\
Y[\x8b\x1e\xd3\xc8sN\xd75%1I$\x92S\
\xff\xd6\xf2\xa4\x92I%2\xac0\xd8\xd0\xf9\x0c$n\
#\x98\x9dW\xd5\x0b\xe5U\xf4o\xd4\xae\xbf__\xfa\
\xb9\x89\x9d\xbbu\xedh\xa7,\x1eE\xd5\x80\xdbw\x7f\
\xc6\xff\x00>\xcf\xf8+X\x92\x9d\xd4\x92I%)q\
\xbf\xe3m\x95;\xeaVK\xac\x8d\xcc\xb6\x97U<\xee\
\xde\x19\xed\xff\x00\xad>\xc5\xd9/;\xff\x00\x19y?\
\xb6\xba\xa7I\xfa\x97\x86\xf0n\xca\xbd\xb7\xe69\xba\xba\
\xaa\xda\x1d\xb0\x9dv\xff\x002\xec\x8c\x97\xd7\xf4\xff\x00\
CO\xfaD\x94\xf9\xf7\xd5\x1f\xa8\xbdO\xeb3\xdds\
\x5c1:uGm\x99o\x04\xcb\xbf\xd1c\xd7\xed\xf5\
\xad\xfd\xefw\xa7_\xf8K\x17\xa6\xf4\xef\xf1k\xf5?\
\x05\x80;\x0d\xd9\xb6\x03>\xaeU\x8eq=\xe3\xd2\xa7\
\xd1\xa3o\xf6\x17C\x87\x87\x8b\x83\x89N\x16\x1db\x9c\
\x5cf\x0a\xe9\xacvh\xf1\xfd\xe7\xbf\xff\xe9\xd8\xff\x00\
\xf0\x96#$\xa7\x9c\xcc\xff\x00\x17\x9fSr\xebsO\
N\x18\xee<Y\x8e\xf7\xd6\xe1\xf0iu\x95\x7f\x9fR\
\xf3\xbf\xae?\xe2\xe37\xa0\xd6\xec\xfc\x07\xbb;\xa6\x02\
w\xba\x22\xdaG\xe6\xfd\xa1\x8d\xf6\xbe\xbf\xfb\xb1_\xfd\
r\xbaW\xb3\xa6sZ\xf6\xb9\x8fh{\x1c\x0b^\xc7\
\x09k\x9aF\xd71\xed?I\x8ejJ|\xaf\xfcW\
\xb6\xbf\xd9\xddE\xc2=Cu!\xde;Cn\xd9\xff\
\x00Kz\xec\xd7)\x85\x8bG\xd5/\xaf9]\x12}\
>\x9f\xd5\xd8\xcb0K\x8c\xc3\x89q\xc5\xad\xces\x9c\
\xefm\x9fj\xc1\xf7}?\xd1\xd8\xba\xb4\x94\xa4\x92I\
%)x\xe7\xd6\x96\xb1\xbfYz\xa0f\x83\xedw}\
\xfb\xdd\xbb\xfe\x92\xf5\xdc\xec\xfa:f\x15\xddG'\xf9\
\x9cV\xef\x22@\xdc\xef\xf0T\xb6\x7f>\xeb=\x8b\xc4\
r/\xb3\x22\xfb2.;\xad\xb9\xee\xb2\xc7x\xb9\xc7\
s\x8f\xf9\xc9)\x82I$\x92\x9f\xff\xd7\xf2\xa4\x92I\
%)n}R\xfa\xdd\xd4~\xabu\xff\x03\x95\x88\x05\
\xb4[\x0d\xca\xc5q!\xb64\x1d=\xc3\xf9\xbbY.\
\xf4n\xff\x00\x07\xfc\xbf\xa0\xb0\xd2IO\xd0\xdd\x0f\xfc\
`\xfdU\xeb55\xd5f\xb3\x16\xe3\xa1\xc6\xcasi\
\xb0\x1f\xddn\xf7zv\xff\x00\xd6l\xb1m]\xd5:\
f=^\xb5\xf9tUP\xff\x00\x08\xfb\x18\xd6\xf6\xfc\
\xe7;o\xe7/\x97\xd2IO\xb6}h\xff\x00\x1b}\
\x17\xa6\xd4\xea:)oR\xcd2\x03\xc4\x8cz\xcc}\
7\xd9\xed\xfbG\xf5(\xff\x00\xb7\xeb\x5cg\xf8\xb4\xca\
\xbf\xa9\xfdzv\x7fP\xb0\xe4e\xd9M\xf6\x9b_\xc9\
yn\xcd?\xebNs\x1a\xc6}\x06.\x19k}S\
\xeb-\xe8\x7fX\xb0z\x9d\x83uTY\x17\x01\xa9\xf4\
\xack\xa8\xbfh\xfd\xe6\xd5c\xf6$\xa7\xe84\x935\
\xcc{Z\xfa\xde\xdb+x\x0ee\x8c \xb5\xcdp\xdc\
\xc7\xb1\xcd\xf6\xb9\xafjt\x94\xa4\x92H\x02L\x0dI\
\xe1%>]\xfe9\xd9P\xcb\xe96\xb4\x01k\xa9\xb9\
\xae#\xe9mk\xdak\x9f\xed>\xd5\xff[\xea\xef\xf8\
\xc4\xa7\xd2f'_\xdf\xea0mn{Ayp\x1c\
}\xae\xa1\xefs\xff\x00\xee\xc5^\xf7\xff\x00\x84\xab\xfc\
*\xc9\xff\x00\x19=r\x8e\xb1\xf5\x9e\xc3\x8c\xe0\xfcl\
\x167\x12\xab\x1ad<\xb0\xb9\xf7X\xdf\xe4\xfa\xf6\xda\
\xd6=\xbf\xceW\xb1r\xc9)\xf6\xcaz\xc7F\xc8f\
\xfaz\x8e+\xdb\x12\x7fL\xc6\x90?\x94\xcb][\xdb\
\xfd\xa6\xaa\x9dC\xeb_\xd5\xde\x9c\xc7:\xec\xda\xeex\
\x12)\xc6\x22\xe7\x93\xfb\xbb\x99\xfa\x16\x7f\xd7-^<\
\x92Jw~\xb4}k\xcb\xeb\xf75\x9b~\xcf\x81I\
&\x8c`gS\xed\xf5\xaf\x7f\xb7\xd5\xbbo\xf6+\xff\
\x00\x05\xf9\xeb\x09$\x92R\x92I$\x94\xff\x00\xff\xd0\
\xf2\xa4\x92I%)$\x92IJI$\x92R\x92I\
$\x94\xf7_Q\xff\x00\xc6;\xba-,\xe9}]\xaf\
\xbf\xa6\xb2E\x16\xd6\x01\xb6\x99\xd7n\xd7m\xf5\xb1\xf7\
~g\xf3\x95\xff\x00\x83\xff\x00D\xbdG\xa7u\xce\x8b\
\xd5+\x16t\xfc\xfa2A\x00\xedk\xdd\xc3^\x01\xe3\
\xd4\xa2\xdd\x97W\xfd\xb6/\x9d\x12IO\xd2\x19\xbdO\
\xa6`4\xbf;3\x1f\x15\xa3\xbd\xb6\xb1\xa7\xe4\xdd\xdb\
\xdc\xbc\xe7\xeb\x9f\xf8\xd0\xaa\xeal\xe9\xbfW\x1c\xfd\xb6\
\x02\xcb\xba\x83\x86\xc2Z~\x9b0\xebw\xe9\x19\xb9\xbe\
\xdf\xb4Y\xfaO\xf4L\xff\x00\x0a\xbc\xd5$\x94\xa4\x92\
I%)$\x92IJI$\x92R\x92I$\x94\xff\
\x00\xff\xd98BIM\x04!\x00\x00\x00\x00\x00U\x00\
\x00\x00\x01\x01\x00\x00\x00\x0f\x00A\x00d\x00o\x00b\
\x00e\x00 \x00P\x00h\x00o\x00t\x00o\x00s\
\x00h\x00o\x00p\x00\x00\x00\x13\x00A\x00d\x00o\
\x00b\x00e\x00 \x00P\x00h\x00o\x00t\x00o\
\x00s\x00h\x00o\x00p\x00 \x00C\x00S\x005\
\x00\x00\x00\x01\x008BIM\x04\x06\x00\x00\x00\x00\x00\
\x07\x00\x08\x00\x00\x00\x01\x01\x00\x00!\xff\x0bICC\
RGBG1012\xff\x00\x00\x0cHLin\
o\x02\x10\x00\x00mntrRGB XYZ\
 \x07\xce\x00\x02\x00\x09\x00\x06\x001\x00\x00acs\
pMSFT\x00\x00\x00\x00IEC sRG\
B\x00\x00\x00\x00\x00\x00\x00\x00\x00\x00\x00\x01\x00\x00\xf6\
\xd6\x00\x01\x00\x00\x00\x00\xd3-HP  \x00\x00\x00\
\x00\x00\x00\x00\x00\x00\x00\x00\x00\x00\x00\x00\x00\x00\x00\x00\
\x00\x00\x00\x00\x00\x00\x00\x00\x00\x00\x00\x00\x00\x00\x00\x00\
\x00\x00\x00\x00\x00\x00\x00\x00\x00\x00\x00\x00\x11cpr\
t\x00\x00\x01P\x00\x00\x003desc\x00\x00\x01\
\x84\x00\x00\x00lwtpt\x00\x00\x01\xf0\x00\x00\x00\
\x14bkpt\x00\x00\x02\x04\x00\x00\x00\x14rXY\
Z\x00\x00\x02\x18\x00\x00\x00\x14gXYZ\x00\x00\x02\
,\x00\x00\x00\x14bXYZ\x00\x00\x02@\x00\x00\x00\
\x14dmnd\x00\x00\x02T\x00\x00\x00pdmd\
d\x00\x00\x02\xc4\x00\x00\x00\x88vued\x00\x00\x03\
L\x00\x00\x00\x86vie\xffw\x00\x00\x03\xd4\x00\x00\
\x00$lumi\x00\x00\x03\xf8\x00\x00\x00\x14me\
as\x00\x00\x04\x0c\x00\x00\x00$tech\x00\x00\
\x040\x00\x00\x00\x0crTRC\x00\x00\x04<\x00\x00\
\x08\x0cgTRC\x00\x00\x04<\x00\x00\x08\x0cbT\
RC\x00\x00\x04<\x00\x00\x08\x0ctext\x00\x00\
\x00\x00Copyright (c) \
1998 Hewlett-Pac\
kard Company\x00\x00de\
sc\x00\x00\x00\x00\x00\x00\x00\x12sRGB I\
EC61966-2.1\x00\x00\x00\x00\x00\
\x00\x00\x00\x00\x00\x00\x12sRGB IEC6\
1966-2.1\x00\x00\x00\x00\x00\x00\x00\x00\
\x00\x00\x00\x00\x00\x00\x00\x00\x00\x00\x00\x00\x00\x00\x00\x00\
\x00\x00\x00\x00\x00\x00\x00\x00\x00\x00\x00\x00\x00\x00\x00\x00\
\x00\x00\x00\x00\x00\x00\x00\x00\x00\x00XYZ \x00\x00\
\x00\x00\x00\x00\xf3Q\x00\x01\xff\x00\x00\x00\x01\x16\xccX\
YZ \x00\x00\x00\x00\x00\x00\x00\x00\x00\x00\x00\x00\x00\
\x00\x00\x00XYZ \x00\x00\x00\x00\x00\x00o\xa2\x00\
\x008\xf5\x00\x00\x03\x90XYZ \x00\x00\x00\x00\x00\
\x00b\x99\x00\x00\xb7\x85\x00\x00\x18\xdaXYZ \x00\
\x00\x00\x00\x00\x00$\xa0\x00\x00\x0f\x84\x00\x00\xb6\xcfd\
esc\x00\x00\x00\x00\x00\x00\x00\x16IEC h\
ttp://www.iec.ch\
\x00\x00\x00\x00\x00\x00\x00\x00\x00\x00\x00\x16IEC \
http://www.iec.c\
h\x00\x00\x00\x00\x00\x00\x00\x00\x00\x00\x00\x00\x00\x00\x00\
\x00\x00\x00\x00\x00\x00\x00\x00\x00\x00\x00\x00\x00\x00\x00\x00\
\x00\x00\x00\x00\x00\x00\x00\x00\x00\x00\x00\x00\x00\x00\x00d\
esc\x00\x00\x00\x00\x00\x00\x00.IEC 6\
1966-2.1 Default\
 RGB colour spac\
e - sRGB\xff\x00\x00\x00\x00\x00\x00\x00\
\x00\x00\x00\x00.IEC 61966-2\
.1 Default RGB c\
olour space - sR\
GB\x00\x00\x00\x00\x00\x00\x00\x00\x00\x00\x00\x00\x00\x00\
\x00\x00\x00\x00\x00\x00\x00\x00desc\x00\x00\x00\x00\
\x00\x00\x00,Reference Vi\
ewing Condition \
in IEC61966-2.1\x00\
\x00\x00\x00\x00\x00\x00\x00\x00\x00\x00,Refer\
ence Viewing Con\
dition in IEC619\
66-2.1\x00\x00\x00\x00\x00\x00\x00\x00\x00\x00\
\x00\x00\x00\x00\x00\x00\x00\x00\x00\x00\x00\x00\x00\x00\x00\x00\
view\x00\x00\x00\x00\x00\x13\xa4\xfe\x00\x14_.\
\x00\x10\xcf\x14\x00\x03\xed\xcc\x00\x04\x13\x0b\x00\x03\x5c\x9e\
\x00\x00\x00\x01XYZ \xff\x00\x00\x00\x00\x00L\x09\
V\x00P\x00\x00\x00W\x1f\xe7meas\x00\x00\x00\
\x00\x00\x00\x00\x01\x00\x00\x00\x00\x00\x00\x00\x00\x00\x00\x00\
\x00\x00\x00\x00\x00\x00\x00\x02\x8f\x00\x00\x00\x02sig\
 \x00\x00\x00\x00CRT curv\x00\x00\x00\
\x00\x00\x00\x04\x00\x00\x00\x00\x05\x00\x0a\x00\x0f\x00\x14\x00\
\x19\x00\x1e\x00#\x00(\x00-\x002\x007\x00;\x00\
@\x00E\x00J\x00O\x00T\x00Y\x00^\x00c\x00\
h\x00m\x00r\x00w\x00|\x00\x81\x00\x86\x00\x8b\x00\
\x90\x00\x95\x00\x9a\x00\x9f\x00\xa4\x00\xa9\x00\xae\x00\xb2\x00\
\xb7\x00\xbc\x00\xc1\x00\xc6\x00\xcb\x00\xd0\x00\xd5\x00\xdb\x00\
\xe0\x00\xe5\x00\xeb\x00\xf0\x00\xf6\x00\xfb\x01\x01\x01\x07\x01\
\x0d\x01\x13\x01\x19\x01\x1f\x01%\x01+\x012\x018\x01\
>\x01E\x01L\x01R\x01Y\x01`\x01g\x01n\x01\
u\x01|\x01\x83\x01\x8b\x01\x92\x01\x9a\x01\xa1\x01\xa9\x01\
\xb1\x01\xb9\x01\xc1\x01\xc9\x01\xd1\x01\xd9\x01\xe1\x01\xe9\x01\
\xf2\x01\xfa\x02\x03\x02\x0c\x02\xff\x14\x02\x1d\x02&\x02/\
\x028\x02A\x02K\x02T\x02]\x02g\x02q\x02z\
\x02\x84\x02\x8e\x02\x98\x02\xa2\x02\xac\x02\xb6\x02\xc1\x02\xcb\
\x02\xd5\x02\xe0\x02\xeb\x02\xf5\x03\x00\x03\x0b\x03\x16\x03!\
\x03-\x038\x03C\x03O\x03Z\x03f\x03r\x03~\
\x03\x8a\x03\x96\x03\xa2\x03\xae\x03\xba\x03\xc7\x03\xd3\x03\xe0\
\x03\xec\x03\xf9\x04\x06\x04\x13\x04 \x04-\x04;\x04H\
\x04U\x04c\x04q\x04~\x04\x8c\x04\x9a\x04\xa8\x04\xb6\
\x04\xc4\x04\xd3\x04\xe1\x04\xf0\x04\xfe\x05\x0d\x05\x1c\x05+\
\x05:\x05I\x05X\x05g\x05w\x05\x86\x05\x96\x05\xa6\
\x05\xb5\x05\xc5\x05\xd5\x05\xe5\x05\xf6\x06\x06\x06\x16\x06'\
\x067\x06H\x06Y\x06j\x06{\x06\x8c\x06\x9d\x06\xaf\
\x06\xc0\x06\xd1\x06\xe3\x06\xf5\x07\x07\x07\x19\x07+\x07=\
\x07O\x07a\x07t\x07\x86\x07\x99\x07\xac\x07\xbf\x07\xd2\
\x07\xe5\x07\xf8\x08\x0b\x08\x1f\x082\x08F\x08Z\x08n\
\x08\x82\x08\x96\x08\xaa\x08\xbe\x08\xd2\x08\xe7\x08\xfb\x09\x10\
\x09%\x09:\x09O\x09d\xff\x09y\x09\x8f\x09\xa4\x09\
\xba\x09\xcf\x09\xe5\x09\xfb\x0a\x11\x0a'\x0a=\x0aT\x0a\
j\x0a\x81\x0a\x98\x0a\xae\x0a\xc5\x0a\xdc\x0a\xf3\x0b\x0b\x0b\
\x22\x0b9\x0bQ\x0bi\x0b\x80\x0b\x98\x0b\xb0\x0b\xc8\x0b\
\xe1\x0b\xf9\x0c\x12\x0c*\x0cC\x0c\x5c\x0cu\x0c\x8e\x0c\
\xa7\x0c\xc0\x0c\xd9\x0c\xf3\x0d\x0d\x0d&\x0d@\x0dZ\x0d\
t\x0d\x8e\x0d\xa9\x0d\xc3\x0d\xde\x0d\xf8\x0e\x13\x0e.\x0e\
I\x0ed\x0e\x7f\x0e\x9b\x0e\xb6\x0e\xd2\x0e\xee\x0f\x09\x0f\
%\x0fA\x0f^\x0fz\x0f\x96\x0f\xb3\x0f\xcf\x0f\xec\x10\
\x09\x10&\x10C\x10a\x10~\x10\x9b\x10\xb9\x10\xd7\x10\
\xf5\x11\x13\x111\x11O\x11m\x11\x8c\x11\xaa\x11\xc9\x11\
\xe8\x12\x07\x12&\x12E\x12d\x12\x84\x12\xa3\x12\xc3\x12\
\xe3\x13\x03\x13#\x13C\x13c\x13\x83\x13\xa4\x13\xc5\x13\
\xe5\x14\x06\x14'\x14I\x14j\x14\x8b\x14\xad\x14\xce\x14\
\xf0\x15\x12\x154\x15V\x15x\x15\x9b\x15\xbd\x15\xe0\x16\
\x03\x16&\x16I\x16l\x16\x8f\x16\xb2\x16\xd6\x16\xfa\x17\
\x1d\x17A\x17e\x17\x89\x17\xff\xae\x17\xd2\x17\xf7\x18\x1b\
\x18@\x18e\x18\x8a\x18\xaf\x18\xd5\x18\xfa\x19 \x19E\
\x19k\x19\x91\x19\xb7\x19\xdd\x1a\x04\x1a*\x1aQ\x1aw\
\x1a\x9e\x1a\xc5\x1a\xec\x1b\x14\x1b;\x1bc\x1b\x8a\x1b\xb2\
\x1b\xda\x1c\x02\x1c*\x1cR\x1c{\x1c\xa3\x1c\xcc\x1c\xf5\
\x1d\x1e\x1dG\x1dp\x1d\x99\x1d\xc3\x1d\xec\x1e\x16\x1e@\
\x1ej\x1e\x94\x1e\xbe\x1e\xe9\x1f\x13\x1f>\x1fi\x1f\x94\
\x1f\xbf\x1f\xea \x15 A l \x98 \xc4 \xf0\
!\x1c!H!u!\xa1!\xce!\xfb\x22'\x22U\
\x22\x82\x22\xaf\x22\xdd#\x0a#8#f#\x94#\xc2\
#\xf0$\x1f$M$|$\xab$\xda%\x09%8\
%h%\x97%\xc7%\xf7&'&W&\x87&\xb7\
&\xe8'\x18'I'z'\xab'\xdc(\x0d(?\
(q(\xa2(\xd4)\x06)8)k)\x9d)\xd0\
*\x02*5*h*\x9b*\xcf+\x02+6+i\
+\x9d+\xd1,\x05,9,n,\xa2,\xd7-\x0c\
-A-v-\xab-\xe1\xff.\x16.L.\x82.\
\xb7.\xee/$/Z/\x91/\xc7/\xfe050\
l0\xa40\xdb1\x121J1\x821\xba1\xf22\
*2c2\x9b2\xd43\x0d3F3\x7f3\xb83\
\xf14+4e4\x9e4\xd85\x135M5\x875\
\xc25\xfd676r6\xae6\xe97$7`7\
\x9c7\xd78\x148P8\x8c8\xc89\x059B9\
\x7f9\xbc9\xf9:6:t:\xb2:\xef;-;\
k;\xaa;\xe8<'<e<\xa4<\xe3=\x22=\
a=\xa1=\xe0> >`>\xa0>\xe0?!?\
a?\xa2?\xe2@#@d@\xa6@\xe7A)A\
jA\xacA\xeeB0BrB\xb5B\xf7C:C\
}C\xc0D\x03DGD\x8aD\xceE\x12EUE\
\x9aE\xdeF\x22FgF\xabF\xf0G5G{G\
\xc0H\x05HKH\x91H\xd7I\x1dIcI\xa9I\
\xf0J7J}J\xc4K\x0cKSK\x9aK\xe2L\
*LrL\xbaM\x02M\xffJM\x93M\xdcN%\
NnN\xb7O\x00OIO\x93O\xddP'Pq\
P\xbbQ\x06QPQ\x9bQ\xe6R1R|R\xc7\
S\x13S_S\xaaS\xf6TBT\x8fT\xdbU(\
UuU\xc2V\x0fV\x5cV\xa9V\xf7WDW\x92\
W\xe0X/X}X\xcbY\x1aYiY\xb8Z\x07\
ZVZ\xa6Z\xf5[E[\x95[\xe5\x5c5\x5c\x86\
\x5c\xd6]']x]\xc9^\x1a^l^\xbd_\x0f\
_a_\xb3`\x05`W`\xaa`\xfcaOa\xa2\
a\xf5bIb\x9cb\xf0cCc\x97c\xebd@\
d\x94d\xe9e=e\x92e\xe7f=f\x92f\xe8\
g=g\x93g\xe9h?h\x96h\xeciCi\x9a\
i\xf1jHj\x9fj\xf7kOk\xa7k\xfflW\
l\xafm\x08m`m\xb9n\x12nkn\xc4o\x1e\
oxo\xd1p+p\x86p\xe0q:q\x95q\xf0\
rKr\xa6s\x01s]s\xb8t\x14tpt\xcc\
u(u\x85u\xe1v>\xffv\x9bv\xf8wVw\
\xb3x\x11xnx\xccy*y\x89y\xe7zFz\
\xa5{\x04{c{\xc2|!|\x81|\xe1}A}\
\xa1~\x01~b~\xc2\x7f#\x7f\x84\x7f\xe5\x80G\x80\
\xa8\x81\x0a\x81k\x81\xcd\x820\x82\x92\x82\xf4\x83W\x83\
\xba\x84\x1d\x84\x80\x84\xe3\x85G\x85\xab\x86\x0e\x86r\x86\
\xd7\x87;\x87\x9f\x88\x04\x88i\x88\xce\x893\x89\x99\x89\
\xfe\x8ad\x8a\xca\x8b0\x8b\x96\x8b\xfc\x8cc\x8c\xca\x8d\
1\x8d\x98\x8d\xff\x8ef\x8e\xce\x8f6\x8f\x9e\x90\x06\x90\
n\x90\xd6\x91?\x91\xa8\x92\x11\x92z\x92\xe3\x93M\x93\
\xb6\x94 \x94\x8a\x94\xf4\x95_\x95\xc9\x964\x96\x9f\x97\
\x0a\x97u\x97\xe0\x98L\x98\xb8\x99$\x99\x90\x99\xfc\x9a\
h\x9a\xd5\x9bB\x9b\xaf\x9c\x1c\x9c\x89\x9c\xf7\x9dd\x9d\
\xd2\x9e@\x9e\xae\x9f\x1d\x9f\x8b\x9f\xfa\xa0i\xa0\xd8\xa1\
G\xa1\xb6\xa2&\xa2\x96\xa3\x06\xa3v\xa3\xe6\xa4V\xa4\
\xc7\xa58\xa5\xa9\xa6\x1a\xa6\x8b\xa6\xfd\xa7n\xa7\xe0\xa8\
R\xa8\xc4\xa97\xa9\xa9\xaa\xff\x1c\xaa\x8f\xab\x02\xabu\
\xab\xe9\xac\x5c\xac\xd0\xadD\xad\xb8\xae-\xae\xa1\xaf\x16\
\xaf\x8b\xb0\x00\xb0u\xb0\xea\xb1`\xb1\xd6\xb2K\xb2\xc2\
\xb38\xb3\xae\xb4%\xb4\x9c\xb5\x13\xb5\x8a\xb6\x01\xb6y\
\xb6\xf0\xb7h\xb7\xe0\xb8Y\xb8\xd1\xb9J\xb9\xc2\xba;\
\xba\xb5\xbb.\xbb\xa7\xbc!\xbc\x9b\xbd\x15\xbd\x8f\xbe\x0a\
\xbe\x84\xbe\xff\xbfz\xbf\xf5\xc0p\xc0\xec\xc1g\xc1\xe3\
\xc2_\xc2\xdb\xc3X\xc3\xd4\xc4Q\xc4\xce\xc5K\xc5\xc8\
\xc6F\xc6\xc3\xc7A\xc7\xbf\xc8=\xc8\xbc\xc9:\xc9\xb9\
\xca8\xca\xb7\xcb6\xcb\xb6\xcc5\xcc\xb5\xcd5\xcd\xb5\
\xce6\xce\xb6\xcf7\xcf\xb8\xd09\xd0\xba\xd1<\xd1\xbe\
\xd2?\xd2\xc1\xd3D\xd3\xc6\xd4I\xd4\xcb\xd5N\xd5\xd1\
\xd6U\xd6\xd8\xd7\x5c\xd7\xe0\xd8d\xd8\xe8\xd9l\xd9\xf1\
\xdav\xda\xfb\xdb\x80\xdc\x05\xdc\x8a\xdd\x10\xdd\x96\xde\x1c\
\xde\xa2\xdf)\xdf\xaf\xe06\xe0\xbd\xe1D\xe1\xcc\xe2S\
\xe2\xdb\xe3c\xe3\xeb\xe4s\xe4\xfc\xe5\x84\xe6\x0d\xe6\x96\
\xe7\x1f\xe7\xa9\xe82\xe8\xbcT\xe9F\xe9\xd0\xea[\xea\
\xe5\xebp\xeb\xfb\xec\x86\xed\x11\xed\x9c\xee(\xee\xb4\xef\
@\xef\xcc\xf0X\xf0\xe5\xf1r\xf1\xff\xf2\x8c\xf3\x19\xf3\
\xa7\xf44\xf4\xc2\xf5P\xf5\xde\xf6m\xf6\xfb\xf7\x8a\xf8\
\x19\xf8\xa8\xf98\xf9\xc7\xfaW\xfa\xe7\xfbw\xfc\x07\xfc\
\x98\xfd)\xfd\xba\xfeK\xfe\xdc\xffm\xff\xff\x00,\x00\
\x00\x00\x00,\x01,\x01\x87\x00\x00\x00\x01\x01\x01\x02\x02\
\x02\x03\x03\x03\x04\x04\x04\x05\x05\x05\x06\x06\x06\x07\x07\x07\
\x08\x08\x08\x09\x09\x09\x0a\x0a\x0a\x0b\x0b\x0b\x0c\x0c\x0c\x0d\
\x0d\x0d\x0e\x0e\x0e\x0f\x0f\x0f\x10\x10\x10\x11\x11\x11\x12\x12\
\x12\x13\x13\x13\x14\x14\x14\x15\x15\x15\x16\x16\x16\x17\x17\x17\
\x18\x18\x18\x19\x19\x19\x1a\x1a\x1a\x1b\x1b\x1b\x1c\x1c\x1c\x1d\
\x1d\x1d\x1e\x1e\x1e\x1f\x1f\x1f   !!!\x22\x22\
\x22###$$$%%%&&&'''\
((()))***+++,,,-\
--...///00011122\
2333444555666777\
888999:::;;;<<<=\
==>>>???@@@AAABB\
BCCCDDDEEEFFFGGG\
HHHIIIJJJKKKLLLM\
MMNNNOOOPPPQQQRR\
RSSSTTTUUUVVVWWW\
XXXYYYZZZ[[[\x5c\x5c\x5c]\
]]^^^___```aaabb\
bcccdddeeefffggg\
hhhiiijjjkkklllm\
mmnnnooopppqqqrr\
rssstttuuuvvvwww\
xxxyyyzzz{{{}}}~\
~~\x7f\x7f\x7f\x80\x80\x80\x81\x81\x81\x82\x82\x82\x83\x83\
\x83\x84\x84\x84\x86\x86\x86\x87\x87\x87\x88\x88\x88\x89\x89\x89\
\x8a\x8a\x8a\x8b\x8b\x8b\x8c\x8c\x8c\x8d\x8d\x8d\x8e\x8e\x8e\x8f\
\x8f\x8f\x90\x90\x90\x91\x91\x91\x92\x92\x92\x93\x93\x93\x94\x94\
\x94\x95\x95\x95\x96\x96\x96\x97\x97\x97\x99\x99\x99\x9a\x9a\x9a\
\x9b\x9b\x9b\x9c\x9c\x9c\x9d\x9d\x9d\x9e\x9e\x9e\x9f\x9f\x9f\xa0\
\xa0\xa0\xa1\xa1\xa1\xa2\xa2\xa2\xa3\xa3\xa3\xa4\xa4\xa4\xa5\xa5\
\xa5\xa6\xa6\xa6\xa7\xa7\xa7\xa8\xa8\xa8\xa9\xa9\xa9\xaa\xaa\xaa\
\xab\xab\xab\xac\xac\xac\xad\xad\xad\xae\xae\xae\xaf\xaf\xaf\xb0\
\xb0\xb0\xb1\xb1\xb1\xb2\xb2\xb2\xb3\xb3\xb3\xb4\xb4\xb4\xb5\xb5\
\xb5\xb6\xb6\xb6\xb7\xb7\xb7\xb8\xb8\xb8\xb9\xb9\xb9\xba\xba\xba\
\xbb\xbb\xbb\xbc\xbc\xbc\xbd\xbd\xbd\xbe\xbe\xbe\xbf\xbf\xbf\xc0\
\xc0\xc0\xc1\xc1\xc1\xc2\xc2\xc2\xc3\xc3\xc3\xc4\xc4\xc4\xc5\xc5\
\xc5\xc6\xc6\xc6\xc7\xc7\xc7\xc8\xc8\xc8\xc9\xc9\xc9\xca\xca\xca\
\xcb\xcb\xcb\xcc\xcc\xcc\xcd\xcd\xcd\xce\xce\xce\xcf\xcf\xcf\xd0\
\xd0\xd0\xd1\xd1\xd1\xd2\xd2\xd2\xd3\xd3\xd3\xd4\xd4\xd4\xd5\xd5\
\xd5\xd6\xd6\xd6\xd7\xd7\xd7\xd8\xd8\xd8\xd9\xd9\xd9\xda\xda\xda\
\xdb\xdb\xdb\xdc\xdc\xdc\xdd\xdd\xdd\xde\xde\xde\xdf\xdf\xdf\xe0\
\xe0\xe0\xe1\xe1\xe1\xe2\xe2\xe2\xe3\xe3\xe3\xe4\xe4\xe4\xe5\xe5\
\xe5\xe6\xe6\xe6\xe7\xe7\xe7\xe8\xe8\xe8\xe9\xe9\xe9\xea\xea\xea\
\xeb\xeb\xeb\xec\xec\xec\xed\xed\xed\xee\xee\xee\xef\xef\xef\xf0\
\xf0\xf0\xf1\xf1\xf1\xf2\xf2\xf2\xf3\xf3\xf3\xf4\xf4\xf4\xf5\xf5\
\xf5\xf6\xf6\xf6\xf7\xf7\xf7\xf8\xf8\xf8\xf9\xf9\xf9\xfa\xfa\xfa\
\xfb\xfb\xfb\xfc\xfc\xfc\xfd\xfd\xfd\xfe\xfe\xfe\xff\xff\xff\x00\
\x00\x00\x00\x00\x00\x00\x00\x00\x08\xfe\x00\x01\x08\x1cH\xb0\
\xa0\xc1\x83\x08\x13*\x5c\xc8\xb0\xa1\xc3\x87\x10#J\x9c\
H\xb1\xa2\xc5\x8b\x183j\xdc\xc8\xb1\xa3\xc7\x8f C\
\x8a\x1cI\xb2\xa4\xc9\x93(S\xaa\x5c\xc9\xb2\xa5\xcb\x97\
0c\xca\x9cI\xb3\xa6\xcd\x9b8s\xea\xdc\xc9\xb3\xa7\
\xcf\x9f@\x83\x0a\x1dJ\xb4\xa8\xd1\x9b\x01\x08&\x85\xb8\
\xf4\xa8\xd3\xa78\x9b\x02h*u*\xc3\xaaP\xb3j\
e\x89U`\xd7\xae[\xc3\x8a\x85)@`\xd9\x81R\
\xc1\x8e]\xcb\xb6b\xd5\xa4\x02\x92\x0eP\xb0\xc0@\x82\
\x0b\x14\x0cDP \x00A\xd9\xb3T\xdb\x0a\x1e\x1cq\
i\x80\x02\x07\x18D\xc8`\x82\x84\x08\x14-f\xacP\
\x01C\x84\x09\x13\x16:@0@\x80\xb0\xe7\xcf\x09\x0d\
\x03 \x90 \xc2\x05\x0f&d\xe0\xc8\x11\x83\x86\x0e\x1b\
4j\xe0\x98QC\x87\x0c\x199N\xb4\xb0P\xc1@\
\x80\xa4jA\x0b\x0f{\xd8\x81\x07\x12(X\xd8\xc0\x81\
\x83\x06m\x1a2fH\x9fA\xc3y\xec\x19\xcb_\xd8\
\xf8 B\x01\x82\xe1\xe0\xc5\xfeRe\xa0\xe1\x04\x0c\x18\
6\xd2O_\xcf\xbe=v\x1a6n\xa0\x08\xe1\xa0 \
\xd8\xe0\xe1\xf3\xabTk\xa0\x01\x89\x16\xb1]\xe7\xde\x80\
\xee\xd5\xa0\x1a\x0c2P\xd0@`\x07\xe1\xa7\xdf\x83\xfb\
M\xe5\xc0\x07,\xdcPC\x0d\xd4\x11\xa8\xe1t\xd6I\
w!\x0d$l\xf0\x1b\x84$\xd6\xd4\x95\x01\x19\xc8P\
\x83\x85\x1cf\xb8\xe1\x80287\x9d\x8a\xb4\x85\x80\xc0\
\x00J\x95\xa8\xa3L\x04p\x80[t\xee\x01\xf9\x22{\
2\x129\x03\x0e%@\x10\xd7\x8eL\xa6\x84U\x02\x1e\
\xc0\x00]\x91\xd2\xc58$\x8c\xd0\xb5\xe7\x9c|J\xe6\
\xd8\xe4\x97$\x0d\xe0@\x085\xe4P]{B^\xc9\
^tSV9\xa3\x0d'T\xd0\x99\x83`\xd6\xe9\x96\
\x00\x0f\x90\x90&u{VI\xa5\x9a\x1b\xda\xb0\x82\x06\
\x9d\xd9i\xa8[\x06%\xe5\x80\x09\xf0\x01\xeah\x90D\
\xda\xd0\x82\x06\x03\xd0y\xe8\xa5\xa1\x01 \x80\x084>\
\xea\xa9\x86\xb1\xb5\x00\x81W\x98\x96\x1aQ\x8fg~\xaa\
*\x815\xa0P\xa8\xa9\xfe\xb0&j\x10\x0544\xb7\
\xea\xad.Ng\xc3\x08\xb1\xf6\xda`R\x0b\x9c0\xc3\
m\xb8\x16\x9b!|\x14X\xe5\xeb\xb2\x00\x14\x10\x82\x8c\
}\x1a\xfb\xa8\x90.\xd4g)\xb3L\x06`A\x0c\x18\
J+-\x90%`\xeb\xab\x01'\xc06\xa3\xb7C\xf6\
\x99\xa6s\x0d\x88\x1b+\x04.X\x89\xae\xb7 \xa2\xe5\
\xee\xa5\xcf\xceK\xaft0\x1c`\xdf\xbd`2@\x9b\
\xbe\xfb\xd6\xc0\x81\xbd\x00\x7f)@\x087\x10ll\x91\
2\xbc\xf0j\xc2M\x06\xb0\x00\xb7\x0e\xdf\x1a\x9d\xbc\xb4\
Y@\xf1\x97IU \xdd\x9f\x19\xab\x0ad\x0a\xd7~\
\x0c\xda\x07\x1c\x97\xeci\x9f1\x14\xa0r\xb6%\x8cL\
\xb2\xcb\x8e\x16\xb9\x00\xa93\xaf$\x9a\x97\x00\x1cp\xc0\
\x00v!p@\x02\xdf\x15\x00\x9c\xb2\x17\x11\xe0\xc2\xcd\
8\x9b\x8c\x01\xc2\x0a-\xad,UK!P\x1f\x01\x0e\
$\x95\x80Y\xffb\xeb\xe0\x00\x03 \xe6\xc0\x04\x17D\
 \x81\x06\x17T\x80\xc1\x06\x12D`\x01\x03\x0e(@\
t\xa6\x0e-\x00u\xfe\xd4\x9f\xd20\xc2\x88W\x01\x9d\
\x94\xd6\x0f\x1c\x90\x01\x0b,\xc4\xc0\x82\x0e1\x9c \x03\
\x0a\x1d\xa8@A\x02\x09\x04p\x96\xac\xb1\x8e\x98\x16\x02\
\x0b8\xe0\x00\x05\xa7m\xa0\xc1\x06\x1c\x88\xaeA\x07\xa3\
{\x90\x01\xe9\x15\x5c \xc1\x022[\x84\x01\x0e\xd1\xf2\
\xfdi\x0b)'\x0a\x81\x06\x11\xd7\xe0\xc3\x13O\x18\xd1\
D\x15Q A\x05\x14E8QE\x0e@\x98\x00\x82\
\x05\x02\xf8\xdb\xa0\xa9\x0c\xf6\xc5\x00\x05\x16`\xa0\x81\x07\
\xa5k\xe0\xfd\xe8\xdfk\x90\x81\xf7\xa2\x93\x8e\x01\x07\x12\
HP@\xecW7d\x82\x0d\xb6KK\x03\xfbL\x15\
\xa0A\x09@\x04\xa1\x84\x12TT\x01E\x13P\x88B\
\x13\x9c\x00\x85'4!\x0aRh\x82\x14\xa4\x80\x84(\
\xe8@\x07%\xa8\x00\xe6\xacv\xa8\x11\x11\xcd\x01n\xdb\
\x00\xe9\xca'\xbe\xef\x8d\xaf\x83\xe1\xf3^\x068\xa0\x01\
\x0ep\x00t\x080\x80\xbd\x82\x93\x94\xc8\xc4\xcfX7\
P\x00\x832\xe5\x00\x10\xc8\xa0\x08G`\x02\x01\xa3\xe0\
\x84&\xf8\xd0\x87\xfeL\xf8\xe1\x0f\x83\xe8\x04\x1eB\xe1\
\x0aDX\x02\x082`\x95\xdc\xed(\x00\x03P\x8c\xf6\
L(\xc2\xf0\x99N\x83\xe0\xfb\xe0\x07=x:\xefE\
\x80\x01Ml\x08\x80^\x88+\x19\xd8`g\x0e\x09@\
\x022\xe0\x83#,\x81\x09Pp\x82\x01\x85\x08D'\
\x04\x91\x8eB\xeca\x14\x0c\xd8\x03\x17x\x87iN\xcc\
\x8f\x00\x12 \x01\xedu\x00\x8b[\x04_\x15\xb9(\xbe\
D\x8a\x90\x83\x18\xe8\xd2B\x96\xc2\x82\xbd\x91QMg\
\x0c\xa3B\x1ep\x82\x1e\xd81\x8eO \xe2\x00E\xd9\
\x84;\x8er\x80\xa8\x04\xa2\x0f\xe3H\x85\x1a\xb4\xa0]\
<\xbbT\x01\x1cp\x1a\x12\x9an\x91\xe4\x0b!#\x19\
9\xbe\x0f\x8a\xae\x03\x12\xb0\xdbU\xc6x\xc9Ue\xd2\
A\x19\xb0A\x11\xa6 G<\x0a\xf1\x8e=t\xa6\x0f\
{h\xc7i:\x81\x0aG0B\xd7\xc0t\xa2\xb5\xdd\
R\x97\xe0\x0c\xa78u\xc9\x01\x0bD\x00Ga\xf3\x0a\
1\x8b\xf9)\x1b\xc8P\x93\x05\x89@\x0a\x8a(\x859\
FS\x9a\xf8\xfe\xcc\xe7\x0f\x03x\x84\x0c|\x87\x9b\xa4\
2\x80\x04V\xf7\xcdq\x1a\xf4\xa0\xe4\xdb@\x06&P\
(\xac\xb4\xd0\x92\xec\xdcP\x0d\x14\x80\x10\xe0\xd0Jy\
\xa5L\xa5>7\x9aO'H!\x09%\xa8\x0f\xa9\x00\
W\x22\x01,\x80\xa0XD\xa8J\x0d\xba:\xefM`\
I\x08K\xca\xd3\x22\xda7\x8a\x02\x0d\x00\x14\xa8\x81F\
9\xcaS}z4\x09/H\x16\xcf\x02\xb9\x965\xa2\
\xee{\x05]\xa9R\x17)\xba\x972\x8d \x95\xa4\xa9\
\xa7h\xf0\xb5\x83\x10\xa0\x025\x80\x023\xf1h\xca\x9e\
\xf6T\x87\x1eU\x02\x0e$\x00O\x08\x05\x00\x01\x17\xb8\
\xe2R\xd7\x0a\xceDJ`b\x04)A\xaa\xa4\xaa&\
\x18\xd0\xcf+\x02\x90\xc0\x0dt\xe8\xd5\xbe\xeaS\x87P\
`\xc2\x0d`\xb9\xa3\x03\x5c\xe0\x03\xa6\xd3\x22[\xd9\xca\
A\xf0M\x00G\x81\xc9@\xb7\xe8z%\x1a\xa0\xc0\xa1\
9\x0d`F\xe9\xd8U\xbf\xfat\x9a\xa5|\xc2\x12\x5c\
\xf0O\xaa\x0d'\x00\x04\x88\x00\xf9\x1c\x99\xd4\xc5\x823\
\xb1\xe1\x94\xfe\x00V\x04FY5\xd1\xc0\x03\x079\x80\
\x0d\xe4X\xcdgz\xb6\xaf\xbd\xed\xe1\x13\x94`\x82\x12\
\xa1\xf6\x01\x1d\xc4bk];\xce\x96*2|\xfe4\
\x08\x01bP[5]@\xba,\xe0mgQy\xcf\
\xdfn4\xb8\x00L\xc2\xd4\x88\xaa\x95\x004 \xad\xcc\
M\xef87 A\x83\xa4\xa0\xbaC\x82\xc1\xa8\x0a\xa2\
\x81&l\xd5\xbb\xf8\xc5g\xf1\x18@\xde\xac\x14\x80\x02\
TT\xaf\x80\xabX\xbe\xf9\x12$\x04\xc3\x82\xaf\x86H\
{5\x05\xd4\x80\x09\x10\xce\xaf\x84\x9d)\x85 T*\
?\x01x\xc0\xea\x1c9`\x01+\xb4\xb4\x02\x99\x00D\
\xe9j%A\x11\xc0j$X\x02hW<a\xef\xf6\
\x90\x09O\xe8\x80~\x0c\xa7\xd0\x0e\xdb\xb8\x97\x1a\xa0\x00\
:\x05R\x00\x17(\x98@78\x18Z,\xd0@'\
D\xb3\xbb-\xce\xaf\x13| \xc8\x08\x90\xd0\xc6P\x0e\
\x1f\x18\x0d\xe3\x81\xc9\xc27M5x\xc1?\xbd\x86\x83\
*\xccq\xbbI\xf6n\x10\xa3\xf0\x81\xf0 \xc0\xb9Q\
\x8e\xb2\xfe\x05\xac\x96\x80\x1f\x9fk:\x073\x8c\x04\x8a\
\x00MU\x86Y\xc2A\x04\xc2]\x09\x13\x00\x07\x84p\
\xb9i>\xe8-\xc7':\x7f-\xadfn\xe6\xd0\x0a\
\xc0\xa8,\x14\xfc\x10\xc9w\xce/\x11A0\x9c\x02h\
\x8f\xc3\x81\x16p\x04\xa4\xf2\x80D\xcb\xc8o;n\x96\
\x10\x04\xf8hHG\xda\xab\xd4\x1c`\x11\xe0\xba\x96\xa6\
4\xe0\xc9\x99\x8er\x06.'\x90\x13\xd4`\xc4/\x8c\
\x91\x8ad@V\xb4x\xe0\x09\xa6>5~My\xdd\
\xcf\x04\xa0\x02\x80\x8euz\xd18\x90\x08\x00ic\xb8\
.\x99\xaei\x90\x83\x124\xb4Y9\x98\x82\xb0\x85\xed\
\x04\x16\x98v-\x04H\xb6\xb2\x99[\x01Zo\xaaa\
Y\x92j\xbaU`\xd3\x81L y\xdbN\xb2)\x9d\
0\x04\xd0$@\xdc\xe3^l\x06\xe0J\x00\xe5\xc0\xf7\
\x062ho\x5cU\x1c\xef\x09wW\x87U\x1dL\x00\
v\x97\xef4\x1f -\x0cxA\xb4\xa3\xe6\x1c\x0f\x5c\
[\xa6\xc1.\xf8\xb0\x9f\x80\xdbX\x8eE\x00\x14hx\
\x9a\xfe\x19\xad\x14\x0dPw\xe2\x19\xab\x8e\x09@l\x96\
\x1dd\x5c\xe3\xf8\xad\x81g\x08p\x01\x91G9\x02\x07\
!\x97\xae\xd9y\x1d\x16\xe0\x1c\x90\x05 \xc2)a\x9e\
\xe4\x22\xd0\x9a-\x08\xb0y\x94\x85j\x90\x06\xb4\xa0S\
\x97\x84O\x0d4p\xb9\xa6(\xe0\x94`&\xbag\x9d\
\xc0\xf2\xfeF\x05\x00\x0bP:\x941@\xc1\x81<\x80\
2VNU\x9aZ\x96\xae\xbd\x05\x88\x05\x18\x90\x19V\
,@j\xad'\xd9\x09\xb2\xf5xX\x16\x80o\xb1+\
\x95\xd5Kq\x80\x08\xb43\xa3t\x1bi\xaa\xc3\x82\x16\
uh\xb0\x02\x8f%\xa4\x04\xda\xde\xac\xdd%,p\xb6\
\x04\x80\x01}\xf7;B9\xa0\xc2\xa7.E\x01$p\
\x01\xfc\xdc\x83r\x18\xf1\xe965\x80M\x0a(0'\
\x84\xd0 \x81\x93O\xb2\x06\x08\xd3\x80\xcck\xde\xa0\x9c\
_\xc8\x02:\xe0\x82\xe6\x18~=\xa5w\x8e\x95\x80T\
\x1d\x1b\xc8\x80\x04\xa3\x02\x1cVp\xf0\xbf\xd8\xb7X\xc6\
^\xef\x09\x04l\x7f{qn\xa0\xf3\x0aI\x80\x05V\
\xfe\x90\xfay\xa5*T!\xe0/\xdef\xd0|\xe7K\
8\x04\x96\x1f\x88\x04`]\xfd\xc5n`\xcfVE\x80\
\x09R\x00\xf03\xd5\xeeE\x9f\x1e\xd6\x85b\xb0\x1b\xbf\
\x88\xb1\xf9Yg~<\x15.O%\x16N\xd6~\xe9\
\xc5j\xd3S\x00\x11\xf0\x01\xb4\x03?\xbf\x07(@\xb2\
\x229\x90\x02\x1a@r\x0dq\x02\x00\xf8r\x02\x98O\
\x04\x18};\xf1\x00)\x85\x80+\xa5E\xa1\x96\x16\x06\
!\x00\x02\xb0\x01\x8es$se[\xd8\x91\x036\x90\
\x02 \xe0\x1bUc\x10#Pw\x01\xd8\x81\xf9\x84~\
\x83\xa1\x00\xd4G\x82\xd0ut\x0e\xf1\x00\x0f\x80\x02$\
\x10 7\xe0\x1c\xdd\x92%\xf2\x02\x1b\xd5Am,`\
\x02\x14\x00\x01\xa1\xf6\x10\x1e\x10G<\xc8Q\xbd\xc5]\
\xc5&\x18\x06 \x84\x8b\x85\x01D\xf8\x10\x08P\x00\x1d\
\x80\x012\xc0\x02+\x12\x03\xcbA\x1b9` 8\xb0\
\x840 q$\xc0\x01\x09 3ex\x15\x19 \x05\
;\xb8\x85\xd2\xe4\x04K\x80\x81l1\x00\x84&\x86\xfe\
JU\x01\xd1'\x00\x10\x00\x01\x22\x80\x01 \xc0\x02#\
\x90\x02\x8ac\x02*\xc0\x02\xa8\x13\x02\x1a\xf0X\x14\xe4\
D\x0f\x00{\x80\x98O\x9d\x15<{H\x1c\xda\x13\x84\
Bh`\x16\x01\x178\xa2\x00\x07 \x00\x11\xd0\x00\x0c\
`\x84\xdfa\x00\xd2\xa3\x11\x05\xa0\x04\xa1\xd8WO\xd0\
\x03\x9fQ\x01\x88X\x82\x1a\xc0l\x12\xf13zG\x84\
 8\x109\xb0\x8b^5\x05/ \x18M\x81\x5c\xc1\
\xa8R\x19p\x8b\x13Qv\x05xS\x18\x91\x14%\xc0\
\x8c<\xa5<2\x06\x8d\x02\x91t\xd3(h:6\x12\
tB^\x10\xf0\x87\xde\xd8\x04O\x80\x04h\x94\x8c;\
!\x00\xdaS\x8e\xe3\xc4\x01\xaax\x11\xc6XQ\x1d\x11\
\x00H\xd0\x8e>5\x03$5\x16\x9c6h\x88\xc8a\
\xbfT9E\xb1\x145\xc0\x81\xa1hGN\xa0\x04e\
\x06\x1a(\xf2M5f\x8f\x1bp\x01\xad\xb7\x90\x1b\xf0\
?\x0e\xb9\x85rT\x04\x22\x05\x1a\xc0\x08B\xf6\x18>\
\x84E\x14KQ\x00F\x10J\x00\x89GR \xfe\x03\
\x0a\x98~\xb5\xf7\x5cb\xc8a\x160\x93A\x91\x14 \
\xf0\x91\xe6gJ\xc0\xe3x\xc2a\x88\x98v\x90\x1a\xf4\
\x003D\x14\x05 \x04/\xf9h\x0a\x94\x03\xf0G\x18\
\x0e\xc0\x01E)\x86\x1c\x80\x01\xd8w\x14K\xd1\x01\xa0\
\xf8\x92\xef\xc8D\x0aw\x10\x05\x80^\xab\x15\x8c\xa23\
\x92P\x91\x14?\xe0\x93\xce\xd7C/`\x8d\xc3q\x00\
\xecW\x8e9\xe9\x14\x81\x11\x00\x1f`d/I\x05E\
\xd0k\xfa\xc1p\xcdesWD\x95\x84\x98\x96\x03`\
\x03\x91\xc7\x8e\xdb\xd6U\x10fG\x1fp\x85\xe01\x00\
\x17\xc0a-U\x95\xca&:\x0f\x00S[q\x18\xa3\
fgvWg\x8f\x06\x051\xa0#@h\x92\xa2\x93\
\x01\x969n\xea\xd3\x16s\x16\x05|\xe5|u\x06\x05\
R\xe0\x03\x14 \x8f\x0bi\x15\x10\x80:\x8a%>\xa8\
\xe8a\x14\xf0\x1d\xb6\x19\x13U\xa1\x01EPw\x9ei\
w\xc06\x04\x22\xa0\x93\xe0\x01\x8b\xba\xa9A\x88$v\
T\xf9N\x82A\x00#\x90\x04\xc6\xa9u\xa6\xfe$\x9b\
@ \x02\x86f\x5c\x02!\x01\x87DPh\xd6p\xa2\
\x83\x01\xc4(\x18\x09@\x03G\x90\x9d\x8a\x89_\xf7\xd4\
CB \x026\xa8w\xa0\xb14K!\x9e\xbc\xa9y\
\x18 R\xc1i\x13M\x01\x01,`\x04\xcc\xf4\x9eI\
\x16\x05Q \x04#\x80\x00\xff\xb9\x15\xe2y\x91\xe6I\
B\x17\xc0\x00\xad\xd7\xa08\xc1\x00$0\x04\xf7Et\
\xc0\x03\x04#\xf0*\x16\x0a\x15\x12@\x96\xba\x04\xa1\xa3\
\xd3X\x82\xa6K\x1b\xb6\x17\xf9\xa1}@\xb0\xa1\x1dE\
G]8t\xf8\x04l;\x00\x02pi'gSB\
\xb0\xc5H&\xfaZ\x16\x09]\xa4\x93\x01\x10\xf0p\xe0\
\xb1\x14}\x01\x04\x1e\x95Gy\x04M\x8d)yNi\
g\xd1\x04\x05PP\x054\xd0\x1b\xf6\x09&\x07\xf0j\
h\xa6P\x99\x97T\x83\xa6A\x1d\x90\x01\x0epbf\
U\x007\xc0\x03U\x00@+\xc6\x98/\xf6b\x81X\
GO`\x05M\xa0\x03$\xc0\x9cu\x92\x14\x0a\x90=\
\x87T\x96\xb8\xb4V\x1d\xe0\x01\xe6t\x8b\xfe!\x1a\x14\
\x06\xb0\x01+0\x5cR\xf0\xa62\x8aOGFDO\
\xb0@L\x10\x04&\xd0k\xd8\xa8\x8d:\x12\x00\x07@\
K#dE\x1bf\x93Y\x14N\x1e\xc0^Ezm\
:rb#\xd0\x02JpM\x034Gv\x16Dn\
\xda\x98U\xea\x04I\xd0\x037\xd0\x01C\xb3B\x98b\
5\x04@\x00\x8d\xa8\x01\xe7S>\x95yK\xa7\x89K\
\x1d\xf0\x01\x19P\x01\x0e\xa0\x90(\xb8#\x0c \x01=\
\xb0\x03R\xc0CU`dz\x09\xa7@\x14GL\x10\
\x05\xfd\xa3\x04EP\x03.\xb0\x89\x1b\x99\xa5O\xa4\x10\
q\xc1\x00\x0c\x90\x01\x160\xaa\xa7\xc3A\xd0\xa9A\xa5\
3B\x1b\xd0\x01\x16\x00\x01\x0d\xb0\x00\x03\x80\x8c\x99J\
\x10\x0e\x00\x01/\x80\x02I\x10\x04\xf6\xb5\x04T\xa0m\
P@\x05Ff\x05~\x18\xa9S@\x04:\xe0\x02 \
\xf0:\xff\xd2\xac\x85\xea\x13\xc0\x01\x1c\xfaj/\x02`\
\x00\x0b\x10\x01\x0f\xd06\x17p\x95\xf3\x0a\xac&\x84\x01\
\x17p\x01\x91\x84\xafd\x83N\x97\xaa\xfe0\x87\x916\
3\xa0\x02Bp\x04:`\x04K \x04K\x00\x05G\
\xc0\x0390\x04\x95\xb1P\x0e\x10\x95)h\x16\x15k\
\x22rQ\x00\x09p\x00\x05\x80\x00)\x94\x00\xaeX\x00\
\xbe\xa1\x93r\x01\x00\x03p\x00\x04\x80\xae\xd7\x13\x01\x0b\
\xf0\x00\xc1\x94\x00u\x93\x95b\xf3\x1b\x02\x90\x01\x0f\x00\
\x01!@\x01\x19\xb0\x02\x82\x8a\x01\x15\x80\x94\xa3Q\x8a\
\xbf\x01\x17i%7$P\x01\x10\xf0\x01\x1e`\x00\x15\
 3\xe3\xfam@\x81Z\x06`\x8b\x08\xc0\x00\x0d\xe0\
\x00tc\xb8\x87[\xb8\x0b\x90\x00\x0b 4f\xaa\xab\
9B6\xbfqa\x96\xd33`\xd3,^\xb1c_\
!\x10\x0a\xa0\xb5\x14\xf0\x02? \x05\xba8\x06Zp\
\x04\x5c\xe0\x05*f\x05\x00\xc2\x01\x0b Ao\x01\xa0\
\x0b!\x00K\xbb\x00\x0bp\xb8\x0eP\xb8\xb7\xdb\x00\xba\
\xbb\xbb\xba{\xbb\x9e\xe3\xb4\xbd\xea\xb7xc\xb9\x03Q\
\x8a\x061\x00\x0f\x10\x021\xe0\x03H\xb0\x05qP\x06\
c\x80\x06q\xe0\x06e\xd0\x06s\xfe`\x06h0\x07\
gP\x06l\xd0\x04W0\x04\x10\xab9\x98\x0a\xa0D\
\xc3\xb8\x84\xdb\xbb\xbc\xbb\xbb\xb9\xab\xbe\xe7\xeb9\x0e@\
\xbb\xeb\x839\x89R\xb4\xfb\x9a\x8d\x05Q\x00\x15\xe0\x01\
.\xe7\x05g0\x07mp\x06\xd8\x8b\x06f\x80\xbdf\
P\x06g\x00\xc0g\xb0\x06f\xd0\x06n\x10\x06r\xc0\
\x04I@\x01\xed5\x90Q\xb1\xb1t\x91\xbe\xbaK\xb8\
\xeb\x8b\xc1\xbc{\xbe\x85[\xb8\xdeQ\x16\x0e5\xbc\x1f\
\xc3 \xcd\x9a\x00\x13 \x02B\xf0\x04d\xa0\x06o\x90\
\x06\xdbk\x06\x00<\xc0\x05|\xc04<\xc0e \xc3\
j\x80\x06k\xe0\x06~\xe8\x01\x13\xac\x13\xa85\xb8\x18\
\xec\xc1\x1c\xfc\xc1\x19l\xb8\x9eC7\xea\xfb\xb5{H\
\xbf\x15#\xbf\x02\xb1\x02A`\x05f\xe0\x06n0\xc0\
1|\xc32\x0c\xc0\x06\xac\xc59\xcc\xc5f\xf0\x06a\
\x90\x06A@\x03#\xec\x12\xca\xc7\xb1H\xbc\xbbF|\
\xc4\xbck\xb8\x1c\x9c\xbb\xef\x9b\x00\x90\xb9\xb9=\xb3\x8f\
<\xc3\x006\x10\x06\xd9\xab\x06\xfea\xcc\xc53L\xc3\
_\x9c\xc3\x06l\xc8\x83l\x06i\xb0\x06g\x80\x06>\
`\xb571\x00\x09\x80\xbb\xe9\xbb\xc1G\xbc\xc1o\xdc\
\xc1\xb2\x88\xb8Js\x83\xc4++K\x81\xa1G \x07\
r \xc02,\xc64\x9c\xc8Z,\xc88|\xc3i\
`\x06qP\x04\x1b\x90p\xe4\xda\x8f\x15%\xc9p\x9c\
\xcb\xba\xbc\xcb\xba\xfb\x8a\x9fL\x11\x0d@\x03Q\x80\xca\
\xc4\x5c\xcc\xc6,\xc8o\xf0\x044\x00Kx\x5c\x12\x87\
\xa1\x00\xbc\x1c\xcd\xd2\xec\xc6v\xfc\xcb\x9eL*\x0a \
\x04Y\xa0\x06\x0a|\xcc\xde\x5c\xcc\x81\x5c\xc3n\xa0\x05\
F@\x88\x14\x5c\x12\x05\xb0\xb5\x96<\xcd\xec\x8c\xc1\xb7\
\xeb\x7f\xd6\x9c#\xc6\x88\x01P \x07j\xf0\xca\xdf\x9c\
\xcfb\x1c\xc83\x5c\x06k0\x06I ~aS\xb1\
\xa8\xd59\xed|\xd0\xba\xcc\x00\xf0\x1c\xcf\x1e\xe75D\
\xc0\x06h`\xc3\xfa<\xd1\xc7\x8c\x06d\x90\x04\x0bp\
\x1f#A\x00\x06\xed\xc1\xeb\x8c\xd0\xec\xec9\x0c:\xbe\
%l/\x10\xe0\x03cp\xfe\xc0\xe1L\xd1\xfa\x5c\x06\
+\xad\xc5d@\x04_\xa3\xc7!1\x17 }\xd3\xba\
<\xd2\x0c\x1dF\x0b\xb0\x03\x09\x5c\xc3,=\xd1\xaa\xdc\
\xcf\x00\x8c\x06a@\x03\x14\x05\xc5T\xeb\xb5\xe8\x9b\xc9\
8-\xcd\xe7\xcb\xc4\xf5\x19\xcf\xc0a\x003\xa0\x05;\
|\xc8\xaa\x1c\xd4\xc7\x9c\xc8.]\xc0\x05\xac\x06Zp\
\x03`+\x12j\xf4\x00\xeb\xec\xd4O\xbd\xcb\x1a\xbc\xbb\
\x17\xb6\xd3\x00@\x02]\x10\xd1\x5c]\xd7/\x0d\xd6\xfe\
\xcc\x05$\xd0\xac\x1c\xb1\x14W\xbb\xd6\x80\xcd\xc12\xa4\
\xd4\xfaa\x18\x0e\xf0\x04\xdd\x5c\xd7\x8aM\xcc\x06\xbc\x06\
Sp\xce\x1f1\xc9\x81=\xd9n\xfc\x9d\x9f\xbc\x144\
\x80\x06j\xb0\xd8\x9cM\xccg\xc0\x06\xa3\x89\x8e\x05\xd0\
\xc6\x94\x1d\xd8\x85I\xbc\x150\xcc\x9d\xbd\xda\x5c\x9c\xc3\
^\x10\x01\xc6\x8b\x11\x03`\xd0\xa5=\xd9\x9e\x93\xa3*\
\x03\x1c<\xe0\xc5\xac\xdd\xdb4\x0c\x04\xb5|\x11\xa3]\
\xdb\xc4\x0d\x99\x14\x03\x17 `\x06lp\xd7\xbe-\xd4\
\x82\x9c\x06\x17@\xd3\xfa\xfe\xb8\x00\xc4M\xd9\xe8\xda\x00\
,73\x0c\xb0\x04\xff\xbb\xd5\xcd\xad\xd8e\x90\x06L\
\x00Y\x1ea\x00\xbe[\xdd\x81\x9d\xbb\xb1-6\x00P\
\x01Zp\xca\xdf\xed\xdbb0\x01-\xeb\x16\xb4\x9d\xc1\
\xe8\xfd\xd4t\x83\xa7\xee\xf2\x02\xf1\x1d\xdfi s\xc1\
I\x00\xf9M\xd9\xb9\xdbn=\xe3\x04\x9b\xfd\xdf\xcd\xad\
\x05\xff\xd9\x1f\x05^\xda\x19m\xb9\x12\xd0\xc8\x0c\xde\xdc\
j\xf0\x00\xfd(\xd9\x11N\xd9B\xeb.7\xf0\x062\
\xcc\xdc\x17\xce\xd2\x8d\x1c\xda\x1b!\x00j\xdd\xe17M\
\xcb\x14\xb3\x00S\x00\xc3_\x5c\xe2\x8b=\xc3\x8f\xcd\x11\
\xc3\xcd\xe2\x93-\xd0\x1f\xa3\x01_0\xe24\xbe\xdag\
@\x06)\x89\x11\x9b\xaa\xe3k\xed\xc1\xeb\xed+#@\
\x06@\x1d\xe4\xe0\xbd\xbdg0\x91\x1a\xa1\x00\x1f\x8d\xe4\
 m\xdc\xee\xc2\x02c\x90\xcaP\xce\xd5_\xbc\xbd\xb8\
\xb3\x11\xd4\x8d\xe58\xbd\xbe\x1f\xce,4\x90\xc8\x12\xfd\
\xe5\x5cm\x03\x1cQ\xe6f\xbe\xd6e\xed.\x01\xd0\x03\
\x83\xec\xddn\xee\xcd\xfe\x83\x1c\x04\xc9xys\x0e\xd8\
\xb8-.\x01@\x04\xa6\xbc\xe75\xae\x04Z.\x11\x02\
\x10\xe8\x80\xed\xe2\xf7\x22\x00N\xa0\xca$\x8e\xe8\xfbL\
\xc3T\xb0\xe8\x11!\x00W\xee\xe8\xd3\x8c\xe0\x003\x00\
W\xc0\xe6\x96\xde\xd24\xac\x05i\xfe\x10\x9c\xee\xe98\
\x0d\xea\xf72\x00\x5c\xa0\xe7\xa5~\xcc\x81\x9c\x05\x83\xce\
\xe8\x9d\xce\xea\xbc\x0c\xe9\xee\x22\x00W\x00\xd6\xad<\xeb\
\x13\x1d\x05u~\x8d\xb9\xae\xeb\xba|\xeb\xcc\x12\x00N\
p\xe8\xc0.\xec\xf9\x9c\x04\xfc\xfd\x10\xc8\x0e\xd2\xc5.\
6C \xeb\xd0~\xccD\xa0\xe9\x11Q\xbb\xd5\xde\xce\
\xa9\xee+9\xa0\xed\xdb~\xc3_]\xc0:\xb0\xe4\x0e\
\x01\xcd\xe9\xbb\xe2\xe1\xae\xbb\xe3\xde+0\x00\xechP\
\xe9\xe7N\xc32\xc0\x11\x08P\xc4\xf1\x0e\xc7\x14:3\
$@\xc8\x87\x9c\xef\xa8\x1c\xc8+\xc0\x11\x10\xfe\xef\xbc\
\xcc\x00\xde\xbe,\x17\xe0\xe43\x8e\xef\xd0\xbe\xbde@\
i\x1b\xf1\xd7\xa4\xcd\xf0\x18L\x9d\x1fc\x00]\xc0\xca\
\x06\xef\xe5\x03\x9c\xfe\x06b\xf0s\x1a\xa1\xe2\xb2\xc8\xf1\
p\xec\x00\xca..D`\xee#?\xc6F\xd7\x11Z\
\xc3\xf2\xb9\xfc\xf0\xcc\xd2\x01\x0b\xbe\xc53\x7f\xc3g\xa0\
\x06T\x9e\xf1\xc7\xce\xf0<\xae2\x03\x00\x06#.\xf3\
\xa5>\xc3g\x80\x05\xd3.\x11F\x5c\xf4\xac\xee\xf2\x9f\
|\x04L\xbf\xe7[\xbd\xbd\xbe\x18\xd9\x1f,\xc78/\
\x8bQ\xcf,\x03\xff\xec?\x7f\xc8c@\x02 1\x00\
\x95\x1c\xf6\x0aI\xbc\x08 \x06\xf0\xfd\xf34\xbc\x06Y\
\xc0t\x1eQ\xe6L\xcc\xf2\x86;\xef\xcb\xc2\x90\x0aL\
\xf1_\xae\xcak\x10\x078p\xed\x18\x91\xe3a\xef\x00\
\x0bM\xbc\x03P\x05t\xdf\xc5\x07,\x05~O\x11L\
\x1d\xf6\x01o\xcd\x01\x80\x02*}\xf6e\xc0\x05&P\
\xb1Q\x04\xef\xba\xae\xd3\xc4\xeb\xd7M\x80\xcf#o\xc0\
l\xa0\x04\xae\xfe\x11[\x8a\xf3\x99\xff\xcbKq\x01^\
\xa0\xfa\x06\xcf\x06aPfE+\x00V\x1e\xef\x1a\xcc\
\xf8\x84M\x22I\xd1\x03\xd1\xbb\xcaY\xaf\xd82\x7f\x06\
=\xa0\xd4W\xfe\xab\xc4+\xef\xe8\xb9\xcb\x00o\xbf\xd3\
\x01\x10\x01,\xfc\xca3>\xebh0\x06G0\x01\x90\
\x1b\x12\x0b\xcf\xea\xc1/L\x0c-\x15\x1b\x90\x059\x9c\
\xfc\xbe\x1d\xc8\x9a=\x05\xe1\x18\xdc\x1bqV\xe1\xfe\xbe\
\x9d\x0c\xd7M\xe1\x01\x5c \xc0\xdb\x0f\xe5a\x8e\x06\x00\
\x91e\x84\x01\x00\x05\x0b\x060\x98P\xe1B\x86\x0d\x0f\
\x02\x10\x80\xa0\x81\x03\x06\x0d,^\xc4\x98Q\xe3F\x8e\
\x1d-:XP\xc0\xe1H\x92%M\x9eD\x99R\xe5\
\xca\x91\x08?\xacAs\xa6L\x993fl\xde\xc4\x99\
S\xe7N\x9e:\xcf\xa8\xc12B!B\x96E#N\
t\xe0Q\xe9\xd2\xa5\x14\x0d\x08(\x1aU\xeaT\xaaU\
\x1d\x12\x05P\x82\xcd\x99\x98ez~\x05\xdb\xf3\x0c\xd7\
9j\x5c\x14@\x88\xd5*C\xb5\x06\x05\x1c\x98\xc8T\
\xee\xdc\x8b\x0c\x0e\xb4]\x9bW\xef\xde\xa9x\x01\x98@\
3&M\xcd\xb0\x85\xc1z=\xc3f\x8c\x96\x14\x03\x86\
\xf2-y4)]\xca\x1c\x1f(@\x0bY\xf3f\xce\
+IL\xfe\x01\xc3\xc6\xf0\xe8\x9d3\xcd\x9c\x11\xf3\xe4\
\x84A\xbf\x9d\x13\x06\x08` n\xdc\xa4\x0c*V\xac\
\x8c\x11\xf7\xc5\xa4\x08\x1c_e\xedZ\xf8p\x93m\x89\
b\xdd\xe0\x83\x8b\x1b\xc29\x09\xd3\xc4IX\xa6M\xaf\
<i\xae\xb1\xf3\xc5G\x87\x03\x0f\x89\x8f$\xa0\x80\x01\
E\x8a\x19q\xef\xce\xed`2\x02\xa8\x8f\x01\xe0m\xfd\
]\xfe\xe6\xf8\xc1'\x98\xb8\xf2F\x8d\x194f\xaa\xdf\
\x94i:\x9bj\xa2i&\x02\x01\x1c\x90\x0d5\xd6\xa8\
\xc2\x84\x06\xea\x9b\xcf \x02\x10X\xa0\xb6\x06\xd0\xcb\xad\
.\xa4.|\xea\xb5\xf7<\x04.B\x11;;\xeeC\
\x83\x0e\x98\xa0\x0a.\xe0 C\x8d\x9a\x9e;\xad@\xea\
N\x1b\x90F\x9c\xd0Xc\x0d3\xb0@b\x02\x13G\
d\xab \x01\xc2\x1b\xaf\x81\x07v\xc3\xd0#\x0c\x1f\xa0\
\x88\x01\x03~s\xef\xc7\x96\x80\xa4r\xa5\xd6\xd2\x02\xf1\
\xc7\x04h\xe8!\xb06\xd2\xa0Q\xc6\x18\xc3\xe4i\x0d\
5\xd4\x00#\x8b!`\xc8\xa0\xbd*KB\x00.\x06\
\x1e\xb0\xfe\x08\xbd\xc9t\xbbP#\xf5\x1aH\xc0\x00\xd8\
\xdc\x8cRJ\xef\x04}\xb3\xd0)K$\x14\xab\xe3\x9e\
\x8a\xc1\x862\xc0\x88\x83\xab5\xca\xe8\x8f\xba\xff\x00,\
C\x8d7\xc0\xfc\xe2\x0a\x1f^\x98\xe0\xae\x86 \x14\x0e\
K\xd6\x080`\x81\x22\xefL\x92\xb7<\x99d\x00\x01\
?\xa12\xd5P[\xe9\xf3\x90 \x00\x0c\xd0U\xd1\xe0\
\x00p\xa0\x02!\x92\x10\x03M8\xf6s\xc3\xc5\x05\xcf\
HCA3\xd2\xa8\xa3\x0d/\xaep\xe2\x87\x13\x1c\xf0\
\xf5\xd6A\x15\x1a\xe0-\x0aU\x9d\x8c\xce=\x8dT\xcf\
\xb6\x0b\xfb$\x00\xb6\x86\xc4\x8b\x8d\x07\x1d\x08`\xe1\x06\
\x00 X\xc1;D\xb5\xc5w\xa8\x02 \x98\x17\x86\x1b\
NXA\x09+f\xf8\xa1\x07\x02F`\x00\x80\x04\xb6\
\x056\x81\x19H\x08\x22\x8a%\xe0\x08#\x0c7\xd8\xe0\
\x02\x8d8\xbe\xf0B\x8d-\x9e\x98A\x85\x158H8\
_\x86\xa3\x84\xad\x80\x01\x0c\x88\xd3\xb6\x04*Z`\x81\
\x06\x16H@\x81\x03\x9e\xac\xaf\x060\x90\xe8\xc2\x8eW\
\xa8\xfeA\xc5\x94oL!$\x98M\xdc`\xe4\x83\x18\
\xba\x13\xc9d\xa7\x01\xc0\xe0\x05\x17\xa0\xe0\x22\x12Q\x0a\
QD\x15U0\xf9$\x96D\x04\x91D\x8a/z\xfc\
\x80\xd0\x82&\x18\xa0\x83\x17R\x10b\x07\x18z\x08b\
\x86\x1an\x90\xa1\x02\x03&$ \xc8,\x9f\xf6p\xc8\
\x01\x0aP\xf9\xef\x01\x02\x18`p\xbdM\x98\xa2\x15h\
\xb2\xf9\xc5\x1c~\xf8\xc9\xe7q~\xe6y|\x1d~\xf4\
\xc9\x85\x9a3\x02\x11\xa1\x03\xc3\x17\x22\x95o\x95ju\
\x88\x02\x19j\x02\x04\x11V\x801&\x16Y\x86\xf1\x05\
\x16[\x84\x99\x85\x96c`\x81\x85\x97H8YC\x89\
\x0d\x00U\x08\xaa\x02\x16\x00\x80\x00l\x01h@W\xd1\
]\xbb\xb7 '\xe6\xa0\xc6r}\xf6\x91\xbc\xfa\xc7\xa9\
\xe7\x07\xfb}\xee\xe1'\x15i\x9a\xf0a\xd0\xd0\x97/\
\xca\xaf\x0a\x88\xe0\xa3\x12WB\x91%\x18_b\x81E\
\x16Y`yE\x96X\x5c\x89%\x7fYp\x81%\x97\
`L\xd1E\x1c\xf0\xb0\x01\x13\x14\x87|y\x89Ok\
\xfe,\x80\x06M\xbcC{\x92\xc3\x9e\xf5$\x08A~\
\x80c\x17i\xc0\x80Z\xc6w\xc0)9d\x00\x198\
\x02\x1a:\x81;Y\xe8\xa2\x16\xafx\x05\xfc`\xa1B\
\xfa\xe1\x8e\x85\xb8\x93\xdd,r\x91\x0bF@\xc2\x06\x0f\
H\xd4\xde8X\xbe\x0e\x1a\xc4\x03V@\x06\x05#x\
\xbd\xecM\xd0\x88\x93\xe3G$\x0a!\x00\x07\xfcj\x87\
<D\x94\x004\xf0\x822T\x82\x14\xb2\x98\x85-V\
\xb8E\x18vQ\x85*|E\x0ba\xe1\x0a\xf9\x01\xc3\
\x15\xb5\xd0\x02\x0e>D\xba'\xee\xc58\x07\x89\x00\x12\
\x16\xc1\x8d#\x12\xf1\x88C,\x22\x04\xd9\xa1\x0b(\x84\
\xa0\x8dR\xc9VA \x10\x06A\xa4\x82\x16\xba\xa0\x05\
\xfd\xe0\x17\xc6.\xba\xb0\x91.\x04#\x18i\x91\x8bX\
\x1c\xe2\x0b\x00\x10I \xff\xe8\xc6\xe0l!\x17\xe2\x88\
\x5c\x04\xf1X\xbdQZo\x94\xfb\xd8\xc74\x0c\xc1\x82\
\x0dn\xd2C\xc7\x09\x80\x0a\xfe`\x0a^\xfc\xc2~\x8e\
\x5ca\x18u\x09\xc3X\xa4\xb0\x8b)La/]\xfe\
\x18F[\xe4\x0f\x0e\x22\xc0\xe1\xc9\x5c\x89\xc0\x00\xcc`\
\x0f\xd30%\x05%H=Q\xd6Q\x82\xe3H\xc5\x0e\
Z\xe9JS\xc5\xa6\x06\x96@\xc6-\x84\xe9K1*\
\xb2\x9c\xe7$'.\xbbH\x8bW\x14C\x10Z\xe0\x97\
\x13\x97\xb9\x96\x00$\xc0\x08\xab(\xe54\xedHMR\
\xf63\x8fvtG4\x900O\x96$@\x07\x8c\x98\
\xdf\x0b\x1b\xc9Hu2\xb4\x9c\x0a}!\xfc~\xa1\x89\
.\xc4\x93\xa0\xf4|\x8f\x00t\xd0\x0ayX\xd3\xa3\x1f\
\xf5\xe7\xe5\xf0\x91\x84\x85]\xd4$\x1d\xb0\xc2&\x8aQ\
\x0ba>\xd2\xa5/\x85iLq\xb1\x09/$\xd3\xa4\
\x80<\x08\x01\x92\xb0\x0a|D\x13\xa4?\xf5(\x1ct\
\xf8\xc7\xe6\x01\x80\x01^ \x05/f\xf1\xc5\x986\xd5\
\xa9/\x9d\xa9\x17,zS\x1e\x1a`\x07\xae\xd0\x07P\
\xb5\xaaU)\x0c\xf5\xa2\x0a`\x02)n\x81B\x87>\
\xd5\xac/e*,f\xca\x85\xa9R\x15%D!\xc0\
\x10Z\xe1\x0ei\xa2r\xabw\x95&?l`\xfeR\
\x0d\x1a$\x06\x9a\x00F-xyV\xc2\xa2\x15\x97\xb8\
\xe0D\x15\x94\xe7V\x95T\xc0\x14\xfe\xcc'^\xb5\xba\
\x0fc\xa8\x80\xb1\x1f\xda\x00#\xd8Y\xd6\xc2v\xf6\x91\
\xe4\xccE&\xfcx\xd9\x93 D\x00|`\x87\x1d\xf3\
*Y\xc9\xda\xa3\x14\xa3u+\x08\x10\xb1\x0c-\xe2\x8e\
\xb3\x9e%\xacB\xe9\x97\x0bA\xbc\x87\x8d\xa4U\x08\x01\
\xa8PW\x9f\xb2\x16\xaf\xebHDI\xb9\x19\x9c\x05\x94\
\xc1\x15\xecl)nq\x1bF\xf8\xb10\x8c\xbf\x98\x82\
2\x81k\x90\x14\xc4\xe2\x8e\x915\xaeG\xb1'\x8e\x1f\
\xf0\xb5 1\xf0Du\xa5\xbb\xde\x5c\x0e\xb6\x8b\xa3\xb0\
\xac\xd9n\xea\x177\xa8#\xbc\xf7\xd5\xe7\xe3z\xd1\x9e\
m\x9a,\x01\x81\xc8\x05\x0co\xcb^\xe9\x023\x16y\
\xe8\x8e<\x81\x1b\x00\x18<#\xab\xf8\x85\xb0j\xab`\
R\x01\x08\x81\x17\x94$p\x86\x1b\xd9\xcb\xfc\xd1B\x09\
\xdb\x05\x1d\x00*\x80\x8b\x08Gx\x88\xfb\x10\x86W\x0f\
\x18\x81<hq\x97\x1a\xd6\xb00k1\x0a\xfe\xe5.\
8!F@G~K\x1c\xde}tU\x93\x1c\x94A\
(\x22\x0a\xe3\x18\xe3n\x169\x00\xf1B\x04\xd1\xd3\x90\
\xeex\xab\xd5\x5c\x86\x04\xe4K\xbe\x05\xdc\xe1\x16\x02&\
2\x8c\x19\x19\x8b?$\xd9D\x0c\x00\x86\x93\xf1;\xca\
zX\xa1\xa8\xe4cp,\x5c\xbc\xe1,O\xd7\x8b\xac\
\xa8\xc0\xb6\xfa\xbb\xbc\x004\xe1\x1d\xc5\x15\xf3]\xf9\xc9\
\x0fY\xcc\x13\x0d\xbfX\xe1\x22\xdbL`\x0e\xd3o\x16\
X\x98s\x1b\x0b\xe0\x0a\xf0\xe6\x99\xb5\xf1h\xda\x1f\x1d\
 \x89+/t\xd0\x19\x86\xdf&\x10\x90\xe8\x1d\xe2\xa0\
\x1d\x8ev2\xf5j\xc0\xe97\xa5\xa0\x14\xd1\xbd4\x81\
\xb7\xfc\x8aZ\xd4\x8b\xb4X\xf1\xc3?A\x0d\xe1}\x0c\
b\xce\xa4\x96sT\x8a\x90\x8at\xa6\x1a\xc6\xb1\xc0\x85\
\x16L\x84\xeb|!\xc4\x00\x9b\x98\xb5\x98\x8d!\x00\xd8\
\x90\xca/?\xfe\x11|\xb4[\x1c4\xbc\xd8\xd7\xece\
\xe8+f\xd1e\x10G\xc0\x16\xc9v2;.@\x95\
\xb6\xd0*\x00\xfc\x0a@&\xd78\xed\x93\xfe\x08\xe0\x10\
\xba\xbd6\xa63\xc1\xeeyf\xe0\x19\xb2\x06\xf7}\x99\
\x10\x15\xac\xb4\x07\x0318\x81\x02\x9e\xc0\x86.\xe8\x80\
\x0c:\x80\x80\x11D\x10\x00\x0f\xa8\xf8$\x138E\xa1\
\xe3-]0\xc2\x10\x155\x9e\xafAP\x10\x8e|\xef\
X\x0fSVpA\x06\xd0\x00\x00\xa8\xe0\x06\x8f\xb0\xc4\
%2\xc1\x0avT\xa3\x17\xdf\x18\x87)p\xd1\x8cG\
p\x82\x105\x08B\x00\x9a(\x15\x13`\x98\x8b\x13\xf7\
lY]\xe1\x81\xdf\xce\x93(@\xb8G\xa3;\xaeU\
E\x8c\xae \x0b\xd0\xc0\x05\xa6p\x06`P\x83\x1f\xdb\
\xc8\x06?\xec\xc1\x8er\xc8\xc3\x1e\xe3\x88\xc7=\xc4A\
Wgl#\x15\x81@C\x07\xea\xb5M\x84\xb8 \xc0\
?\x07:{\xe1\xa7F\xc6b\xa5\x0b\xf8^:^\xa9\
G\x89\x95<\xa0\x05A\xd0\x83%\xac\xe1@u\x8cC\
\x1d\xeb0\xc78\xc6A\x0e\xc5\x97\x83\xf1\xe6@\x878\
\xda\xf1\x0e\x8e\x0f\x03\x19\x8e\x10C\x03\x80W\x92\x00\xe8\
`\x17\xb6\x8d\xbb\xdcax\x05z\xb7\xfe\x91(\x87\xc8\
\xfb\x98\xf9\x11\x8a\x1e&\xc4\x0a\x8f\xf8\x858\xf8\x81\x8f\
s\x88\xa3\x1c\x8a\xc7}\xeeu\x8f{t\x8c\xc3\x1d\xf8\
\xb0\xc6=\xfc\xc0\x05(\x05*!E\xf8|\xe8\xb5|\
\x06\x1b[\x22\xf5\x10\x86\xc5P~{\x80\x15\xec\x81\x1a\
\xe5\xe0\x87;\xc6!\x8e\xddw\xdf\xfb\x8a'\x07;\xcc\
\x11\x0f^\x88\x82\x03 \xd0\xa1Z\x98\xc0\x0b\xfa\x0dX\
\xf9\x85\x0d\x03\x88\x13\xa1\xf4\xe7\x7f\xd4\x17\x1d\x0c\x80\x0c\
\xf2\xf0\x0a\xea\x99C\x1c\xdc\xff\xbe\x00T<\xee\x03\xc0\
q8\x07u\xb0\x87X\x08\x04\x1e\xe8\xa6,\xd9\x02]\
x?\x18\xe3\x82\xa2#\xa8\x00\xd0\x83\xfa3.\xeay\
\x06\x94y\x0f\x07p\x02Z\xe0\x06s0\x07p\xf0>\
\xc6\x13@\xdd\x13\x07\x13\xdc>\xc7\xc3\x07g\xa0\x86!\
`\xb75\xd0\x05\xf7\x8b\xc0\xb3z\x05*\x00\xb15\xc0\
;\x0c\x04\xaadX7)I\x00,\xd8\x85\x14T\x87\
p8\xc1#\xec>\x15t\x07t8\x87!()X\
J\x082x\xbb\x1ad\xaf\x0f+\xfe\xbd?\xda\x02\xd5\
\xe2A\xadZ\x85Q\x01\x80\x0f0\x83e\xe0\x87u\xb8\
=\x14D\xc2\xee#@\xf0\xcb=r \x87v0\x87\
4(\x99@*\x02\xfe\xa1\xc2\xf5z\x05#\x00\xb1)\
\xd8B\xd6j\x84\x10\x0b\x00\x0c`\x83e\x80\x07t \
\x87\x14\xc4\xbd\x02<\xc3\xddCDC,D\xc6\x13?\
68\x81@\x0a\x80\x12`)u\xaaC\x1b\x04\x82+\
4\xbd$\xd8C\xbc\xc2\x875`\x98\x11\xa8\x03g`\
\x87q0\xc2B\xfc>\x15L\xc4C\x1c\xc05T\x07\
sP\x84\x14\xf0\x0b\x07p\x05`\xba\xc4\xce\x92\x85\x1a\
\x089\xa3\x03\x00\x16\xa0\xbfN\xb4\x1exp\x02\xd0\xf1\
\x80>\x98\x86|(\xbcUT\xc6\x00$\x87t0\x07\
F\x90\xb2\xa1\x10\x80M\x80\xb7[l*ZH\x85\x0d\
\xd8\xae\x00X\x80q\xd8A`4\x22t\xd0\x81\x85@\
\x80;\xa0\x06\xffC\xc4eT\xc7ClFr\x98\x83\
{\x09\x80B\xa8Fk\x5c(\x15\xca\x85E\xe8\x0e\x0a\
\x5c.\x01p\x05p\x04\xaan\xfe\x80-\x83h\x82g\
\xb8\x07B\x5c\xc7\x83\xdc\xbe\xdc\x13\x87t8\x87\xf2Z\
\x086\x98\x1f\xb8\xa3G\xb4\x02\x86K\x02\xb9eB\x08\
4\xf0\xc7\x9fR\x868|\x0f\x0ah\x05g\xe4>U\
DH\x84\x5c\x87iX\x01u9\x08\x1f\x10\xac\x89\x8c\
)a\x8a\x85Z\x90EM\xfc#\x10\xd8H\x90\xe2;\
\xd6\xd0\x00Dx\x87F,I\x84\x04@\x134\x07Q\
\xe8\x80\xe0\x88\x00QpI\x98\xda2Y\xb8\x84\x04\xa3\
\xc9'\x0a\x80o\xb8Ik\xa2\x07\x1eH\x08\x04 \x03\
op\x07\x15L\xc7\x9fTF\x00,\x87l\xd8\x83H\
\x0b\x00\x01\xb0\x03Z@\xb5\xa4\xe4%m\xbb\x83\xa7<\
\xa0\xb6\xc8\x84\xa9\xbc\xa3Z\xf8\x91\x19h\x05v8\x87\
\x84\xf4\xca\x9f4\xc1u`\x06V\xc2\x8a\x17\x88H\xb5\
\xfc,XX\x85&p\xb8\x8br\x02\xee\x91K\x09\x92\
\x87.P\x0bD0\xc4\xbd\xdc\xcb\xc9|\x87I0\x15\
\x02\x18!\xc2t\xaf\xfe\x09\x85\x14\xd8\xc5\x8b\x22\x0a\x08\
\xb8\x86\xc6\xc4\xa3f\xe0\x00\xfe\x13I\x01m\xd8\xca\xae\
\xa4LuLA\x00\xe4\x06\x12P\x08,\xa8-\x5cJ\
\xcbK\x94\x85[8\x03\xa7\xac\xbb\x85\xb8\xbb_\x5c\xba\
={\x1cMx\x00\xb8\x02\x84y\xf0\xbf\xd7\xacLT\
D\x87C\xf8\x11\x90\xb4\xadB\xa3\xc1\x08\xdc\x05O \
\xbam\x1c6\x00\x18\x86&\xdbBQ\xc2\x87'\xa0\x15\
\x00 \x01e\xd0>\xe6\xdc\xcbFd\xc3p(J\xb7\
\xc0\x83\xe4\xcb\x1f\xea\x9aH\x15\xaa\x82\xe2\xfb\xcdn\xb2\
\x02\xe1\xcc;\xed\x01\x85\xc5\xd2\x82k@O\xaf\x9c\xcc\
\x02\x9c\x83u\xc3\x80Op\xb1\xdc\xbc\xc5X`\x84\x0c\
\xf2\xb2\x85X\x06\xfd\xcc7\xedY\x06\xbaK\x8bMH\
G\x92\x0c\xd03\x0cJ\xc6#\x07e 9\xach\x02\
TH+k\x84\x9fY\x08\x861\xc0\xb8\x07\x05\x80*\
\x88\x87\xc6\xe4\x87:P\x08\x1a\xc0\x86\xbc\xdc\xd0\x92\xd4\
\xd0u\x08\x02\x85\x80\x80?\xb0\x9f\xeaT\xbe\xfa!\x06\
O\x18\x01b\xe3 \xb5\x80\x80W\x88\x9co\xc4\xc0Y\
h\xb85\x02\x04y(\xfeC5\xd4\xd0\x1b\x0d@\xd7\
,\x07?X\x08\x14p\x9d\xa4t\x1dKx\x01#\xdd\
!\xb5`\x01e\x98\xcai@2\x85\xb0\x85yPD\
\xbd\xb4R$$\xc9r\xb0\x05\x10\xa9\x82[\x18\xccy\
\x8c\xbb^(\x05&\xd8<\x165\x08\x1a\x08%\xe2z\
\xbet@0\x85\x90\x00j\xe8\xbd7e\xcel 9\
\xef(\x80=\x10\xa7\x88\xda\xb2\x0c\x1b0\x85\x9a\x85V\
\x18\x83\x08\x08M\xed|\x0f,XR\x1d\xdb\xb1\xc8\xda\
\x87U\x00\x81n\xd2\x81r\x98RE\xddKv\x88\x81\
\xc7H\x81<\xc0\x85\x17\xa2\xae\xfb\xc1S\x1b|)F\
\x92\x85\x13\xba\x03\x0d(\x111\x1dS\x83p\x83\x07\xd3\
\xc2\xbc\x8b\x85\x1d \xcb\x82\xd8\x82\xc4S\xd5\xd7d\x07\
4`\x8b\x13\xc0\x83[\x98\x05K\xabU\xb3\x8a$,\
S\xa4DR\x84\x17\xf0S\x92@\x88\x04\xe0\x04a\xed\
\xb8=\xab\x87QhO\x85(\x80?\xa8\xd2e=\xc8\
r8\x05\xb39\x81<\xb0S1\x124L\xab\xc7`\
\xb2\x85Y\xb0\x84\x22\xfe\xc8\x8cne\x88\xf1\x84\x81C\
\x10\xd6\x07\xca7[\xd8\xab\xed4*PpSv-\
\xc9rx\x867*\x08\x13\x90\xd7\xa5\x12\xb0j\xcd-\
\xf9L\xa1Y\x10\x86S\xb0\x83\x1a\xc8\x1b\x7f\x0d\xb1\x1f\
\xf1\x803\xf8T&\xdd\xb1u(\x85\x12\xd8\x1b\x08\xa8\
\x05VdX\x84,\x07h\xf8\x1c':\x81:\xc8\x05\
Z@K\xd0\xcb\xb2q\xaa\x9fN\x18\x83\x80\x04\xd9\x90\
\x95\x10$\xc0\x07\xbb\x9a5\xea\xb1\x07n@\x85\xd5\x08\
Y\x09\xf0\x85\x01\x5c\xd7\x97=Csp\x06\xdf|\x8c\
\x10\x88\x02[`\x05\x08TP\xdc\xaa.\x14R\xabe\
\x10\x85)\xd8\x00\xe5\xd1\xc7\xa0E\x88!h\x86;s\
\xb4\x08\xfa\x05<\x90\x81\xc5Z\x08\x08\x10\x86\xedCE\
\xa9\x85\xcdq\x98\x86\x15e\x88!`\x84P\x004-\
k\xa1X\xf0\x85^\xa8\x85I\xe0\x81\x9d\x0b\xda\xd1\xa9\
\x81U`\x86~\xaa\xa6\xf0:\x07I\x80\x01\xbeU\x08\
\x07\xe8\x05\xbc\xe5\xcbj(\x99\x92x\x81)\xb0\x84_\
\x88\xd5D2\xa7\xfe\xc2\x1c,\x85\x0a#Z\xe0\x05\xfe\
!\x0438W\xb7\x0c\xda\x150\x02Z\x00\x07Y\x8b\
\x5cP\x0d\xa9p`\x052\xd8\xd4\x82h\x00]\xd0\x5c\
\x1c\xbd\x86&\x0a\x1d\x0a\xe0\x80J\x98\x84bh\x85]\
\x18\xcc\xe94\xaca\x8a\x85[\x90\xdeR\x88\x041p\
\x81\x0cP\x14_M2\xe2\xa9\x03G\xd8\x87x8\xb1\
\xd5\xc2;~\x9a\x07l0\x06@\xf0\x01\x9b*\x89\x06\
\xb8\x85\xc5\x0b\xdeu$\x87m\xd0\xd4\x94x\x00& \
\x83MH\x85Z\x004ZH(\xb05'\xeab$\
Z\x08\x86X-\x85M(\x03#\xc8\x00?\x91\x12\xed\
\x051\x84\xb0\x801\xb0\x05l\xe8\xa9\x07#N\x8f\x1a\
\x07e\x08\x05:\xa8\x02\xa2\xeb\xd3\x86h\x80\x96\x8d\xda\
\xf7\x15\xc0r\xb8\x86\xb6\xd2\x1b\x83@\x00\x00\x00\x82\x1d\
\xc0\x04D0\x06\xc1\x0a\x06[(\xa1\xf9\xc9WY8\
$\xc1\xca\x85d\xb8\x05QP\x84?\x98\x83$\xb8\x80\
\xcdS\xc9\xc5}\xab\x85\xd0\x01\x1b0\x05J \x07x\
\x80\x87}\xba\xfe\x1e\xeca2{X\x06Y\xb0\x03/\
\xa0\x01\x0b\x10Z\x87P\x80XHH\xd7\x14\xe1\x00T\
\x07f \x1e\xce\x13\x1f\x00\x08\x01\x13\xb8\x834 \x85\
F\xc0\x04c@\x05[\x08\x06Z`\x85\x5c\x18\x86R\
(\x05b0\x05C \x03\x22\xe0\x81\x15\x187\xe3#\
\xe2\xd2B\xd8\xb3\x11\x002\x00\x02V0\x053\x9d\x06\
o\xe0\x07t\xc81~\xa8\x86`\xf8\x86dX\x049\
x\x02 \xe8\x80\x14\xceb\x87 \x80QX\xd8/F\
\xc2w0\x85\x0e\xf6B\x85 \x88\x0c\x90\x01\x0a\x90\x02\
-\xb0\x82Hp\x838X\x84;\xe0\x02/X\x030\
\x80\x81\x08\x88\x00\x06\x88\xb4@\xae\x8a\xbe\x22\x8a\xf6\xa0\
M.\xa0\x02\x1f\xe0\x037\xb0\x02\xe4\xad\x82-\xa8\x02\
(HM\x08\xe8\xdc\x87\x806\x86\xb0\x83\x10\x06e\xef\
\xa3\x079\x10d{\x01\x11\x91\x98\x00\x0c\x00\x00\x11\xa0\
M\x00\xc8\x80g.c^\x16\x8e\x02`\x9a\x0c(\x88\
\x08\x18b\xab\xf0\x81T\xad\xe6#\x9c\x07!8\xdb\x13\
6\xa0M\xfe6g\x93\x9a\x80n\x88\xe7#d\xbcr\
\xe8\x06\xec\xcd\xe7\x81\xee\x8b\x00\x10\x06\x0f\xed\xe75L\
Gt\xe8\x05\xc7``\x82\x06\xd9\x00P\x84tHh\
3\xd4\xbdr\xe0\x84\x8b\x84\xe8\x8dv\x0f&\x88\x87\x8a\
VD\x13\x14\x87mH\x83\xde\xe5h\x8e\xc6\x0a\x0c\xe0\
\x06\x90V\xc3\x02$\x07tx\x86V=\xe9\x99.-\
N\xa0\xe6\xe0\xfd?\xc63\xc4x\xa8\x84\x1a{h\x9a\
N2\x1b\xb0\xd1\x8aV\xc1Bd\x07x \x02\xa0V\
j/D\x88L\xb8i\xcdU\xc5uH\x85]\xfe\xe9\
\xa5~5\x00\xc0\x81uX\xc3\x8a\xe6>m\xc8.\xab\
\x06k\x86\x88\x85d\xbc\xdbj\xe6\xberh\x07]x\
\xd2\xb0f\xeb\x82P\x82mxj\x86E\xc5rp\x07\
nP\x03\xb9mk\x9a\xc6\x0a\x07\x18\x05\xad\x06?/\
f\xd8\x91$\x07w\xd0\x04m\xcc\xeb\xb0&\x8a\xd5,\
\xc5\xbf\xfebq0B[\xa8\x01\xfb<\xec\x99\xae\x95\
$X\xc8V\xfcbr\x90\x87s\x00\x83\xaa\x9el/\
\xa3\x03\xfeq0\x87\xb8~SqP\x87vp\x04\x0a\
\xf8\xec\xc9\xbe\x00K0@\xc0fW\x86l\x85\xb2Y\
\xed\xc9\x9e\x81^\x10\x87\xa1\xe6\xca\xf4DA\x92\x84\x07\
wp\x85'\xd8\xe5\xdaFl\x00\xc8\xdap\xa0h\xbb\
}\xcd\x02dn\x134\xc2qp\x85)\xf0i\xe2^\
j\xb5h\x02W\x08\x87\xc2\xbb[\xd2>\xc2\xae\xfcg\
zh\x07TX\x02\x09\xf0l\xea\xb61\x83(\x02J\
\x08\x07\xbf^Vq@\x07s\xe0\x84!\x90l\xf3\xb6\
\xea\x12\x81\x01D\x00\x07wHU\xee\x16\xc0\x91\xd4K\
z8\x07M\x98\x01\xb3-o\xfa\xfeM\x830\x019\
\xf8\x86u\xd0\xbe\xc9\xe4m\x03\x84\x07z\x90\x87C\xb8\
\x81\xa6\xa9g\x03\x07j\x0a8\x02ih\x86|`C\
\xfe.A\xf03\x07v\xd0\x07j8\x05a\x83f@\
\xc6\xf0\x93V\x0b\x1b\x08\x04T\xb8\x07\x86\xbc=\xd8\x16\
\xc0S4\x87v@\x87n\xb0\x8568X{^\xf1\
\xb6\xee\x80\x0b\xd8\x04^x\x87s\x90\x87\x0f\xff>\x07\
\xd7\xfei\xc5C\x07u\x80\x87p\xf8\x06iX\x05%\
\xd0\x00\xbc\xfeq\xfa\xee\x82;H\x87d\x98\x87x\x08\
?\x0f\x05@\xe6\x1e\x07\xc7S<v\x90\x87\xbav\x86\
f\x00\x855x\x01\x87\xber\x03/\x11\x05\x90\x02,\
\xa0\x05Q\x90\x87mp\x07{ \x87u\x88\x07s@\
\xeb\xdbs\x87\xcd6\x87z\xe0\x07q\x88\x06VX\x85\
8\xc0\x82\xb5.\xf077g\x08\x88\x80\x1a\x90\x03>\
p\x06Z\x18\x07y8\x06\xec\xcb\x86t\xe0\x07v0\
\x06mP\x87`8\x85D\xe0\x03#\x98\x01MVq\
Gok,i\x0b\x82\xf8\x00\x16\xe8\x81=\xa0\x02/\
\xa8\x04>`\x84Zx\x04:8\x83>\xc0\x02\x0dh\
\x01\x14\xd0\x80\x10Q\xf5\xc9\x966\x86P\x80\x82\xa0\x80\
\xeeX\x01\xa2\x8b\x808+\x88\xe1\x8e\xb6F\x1f\xf6\x88\
v\x0fI4\xe9i\xff\xec\xfe\x22\x9d7\x82Gl\xf7\
\xf6o\x07\xf7p\x17\xf7q'\xf7r7\xf7sG\xf7\
tW\xf7ug\xf7vw\xf7w\x87\xf7x\x97\xf7y\
\x05\xa7\xf7p\x0f\x08\x00!\xf9\x04\x08\x08\x00\x00\x00!\
\xff\x0bMGK8BIM0000\xff8B\
IM\x04%\x00\x00\x00\x00\x00\x10\x00\x00\x00\x00\x00\x00\
\x00\x00\x00\x00\x00\x00\x00\x00\x00\x008BIM\x04:\
\x00\x00\x00\x00\x00\xad\x00\x00\x00\x10\x00\x00\x00\x01\x00\x00\
\x00\x00\x00\x0bprintOutput\x00\
\x00\x00\x04\x00\x00\x00\x00PstSbool\x01\
\x00\x00\x00\x00Inteenum\x00\x00\x00\x00\
Inte\x00\x00\x00\x00Clrm\x00\x00\x00\x0f\
printSixteenBitb\
ool\x00\x00\x00\x00\x0bprinterN\
ameTEXT\x00\x00\x00\x1c\x00B\x00r\x00\
o\x00t\x00h\x00e\x00r\x00 \x00M\x00F\x00\
C\x00-\x00J\x006\x007\x001\x000\x00D\x00\
W\x00 \x00P\x00r\x00i\x00n\x00t\x00e\x00\
r\x00\x00\x008BIM\x04;\x00\x00\x00\x00\x01\xb2\
\x00\x00\x00\x10\x00\x00\x00\x01\x00\x00\x00\x00\x00\x12pr\
intOutputOpti\xffon\
s\x00\x00\x00\x12\x00\x00\x00\x00Cptnboo\
l\x00\x00\x00\x00\x00Clbrbool\x00\x00\
\x00\x00\x00RgsMbool\x00\x00\x00\x00\x00\
CrnCbool\x00\x00\x00\x00\x00Cnt\
Cbool\x00\x00\x00\x00\x00Lblsbo\
ol\x00\x00\x00\x00\x00Ngtvbool\x00\
\x00\x00\x00\x00EmlDbool\x00\x00\x00\x00\
\x00Intrbool\x00\x00\x00\x00\x00Bc\
kgObjc\x00\x00\x00\x01\x00\x00\x00\x00\x00\x00\
RGBC\x00\x00\x00\x03\x00\x00\x00\x00Rd  \
doub@o\xe0\x00\x00\x00\x00\x00\x00\x00\x00\x00\
Grn doub@o\xe0\x00\x00\x00\x00\x00\
\x00\x00\x00\x00Bl  doub@o\xe0\x00\
\x00\x00\x00\x00\x00\x00\x00\x00BrdTUntF\
#Rlt\x00\x00\x00\x00\x00\x00\x00\x00\x00\x00\x00\x00\
Bld UntF#Rlt\x00\xff\x00\x00\
\x00\x00\x00\x00\x00\x00\x00\x00\x00RsltUnt\
F#Pxl@X\x1f\xa7\x80\x00\x00\x00\x00\x00\x00\
\x0avectorDatabool\x01\
\x00\x00\x00\x00PgPsenum\x00\x00\x00\x00\
PgPs\x00\x00\x00\x00PgPC\x00\x00\x00\x00\
LeftUntF#Rlt\x00\x00\x00\x00\
\x00\x00\x00\x00\x00\x00\x00\x00Top UntF\
#Rlt\x00\x00\x00\x00\x00\x00\x00\x00\x00\x00\x00\x00\
Scl UntF#Prc@Y\x00\x00\
\x00\x00\x00\x008BIM\x03\xed\x00\x00\x00\x00\x00\x10\
\x00`~\x9e\x00\x01\x00\x02\x00`~\x9e\x00\x01\x00\x02\
8BIM\x04&\x00\x00\x00\x00\x00\x0e\x00\x00\x00\x00\
\x00\x00\x00\x00\x00\x00?\x80\x00\x008BIM\x04\x0d\
\x00\x00\x00\x00\x00\x04\x00\x00\x00x8BIM\x04\x19\
\x00\x00\x00\x00\x00\x04\x00\x00\x00\x1e8BIM\x03\xf3\
\x00\x00\x00\x00\x00\x09\x00\x00\x00\x00\x00\x00\x00\xff\x00\x01\
\x008BIM'\x10\x00\x00\x00\x00\x00\x0a\x00\x01\x00\
\x00\x00\x00\x00\x00\x00\x028BIM\x03\xf5\x00\x00\x00\
\x00\x00H\x00/ff\x00\x01\x00lff\x00\x06\x00\
\x00\x00\x00\x00\x01\x00/ff\x00\x01\x00\xa1\x99\x9a\x00\
\x06\x00\x00\x00\x00\x00\x01\x002\x00\x00\x00\x01\x00Z\x00\
\x00\x00\x06\x00\x00\x00\x00\x00\x01\x005\x00\x00\x00\x01\x00\
-\x00\x00\x00\x06\x00\x00\x00\x00\x00\x018BIM\x03\
\xf8\x00\x00\x00\x00\x00p\x00\x00\xff\xff\xff\xff\xff\xff\xff\
\xff\xff\xff\xff\xff\xff\xff\xff\xff\xff\xff\xff\xff\xff\xff\x03\
\xe8\x00\x00\x00\x00\xff\xff\xff\xff\xff\xff\xff\xff\xff\xff\xff\
\xff\xff\xff\xff\xff\xff\xff\xff\xff\xff\xff\x03\xe8\x00\x00\x00\
\x00\xff\xff\xff\xff\xff\xff\xff\xff\xff\xff\xff\xff\xff\xff\xff\
\xff\xff\xff\xff\xff\xff\xff\x03\xe8\x00\x00\x00\x00\xff\xff\xff\
\xff\xff\xff\xff\xff\xff\xff\xff\xff\xff\xff\xff\xff\xff\xff\xff\
\xff\xff\xff\x03\xe8\x00\x008BIM\x04\x00\x00\x00\x00\
\x00\x00\x02\x00\x098BIM\x04\x02\x00\x00\xff\x00\x00\
\x00\x16\x00\x00\x00\x00\x00\x00\x00\x00\x00\x00\x00\x00\x00\x00\
\x00\x00\x00\x00\x00\x00\x00\x008BIM\x040\x00\x00\
\x00\x00\x00\x0b\x01\x01\x01\x01\x01\x01\x01\x01\x01\x01\x01\x00\
8BIM\x04-\x00\x00\x00\x00\x00\x06\x00\x01\x00\x00\
\x00%8BIM\x04\x08\x00\x00\x00\x00\x00\x10\x00\x00\
\x00\x01\x00\x00\x02@\x00\x00\x02@\x00\x00\x00\x008B\
IM\x04\x1e\x00\x00\x00\x00\x00\x04\x00\x00\x00\x008B\
IM\x04\x1a\x00\x00\x00\x00\x03K\x00\x00\x00\x06\x00\x00\
\x00\x00\x00\x00\x00\x00\x00\x00\x01,\x00\x00\x01,\x00\x00\
\x00\x0b\x00N\x00a\x00m\x00n\x00l\x00\xf6\x00s\
\x00t\x00-\x001\x003\x00\x00\x00\x01\x00\x00\x00\x00\
\x00\x00\x00\x00\x00\x00\x00\x00\x00\x00\x00\x00\x00\x00\x00\x01\
\x00\x00\x00\x00\x00\x00\x00\x00\x00\x00\x01,\x00\x00\x01,\
\x00\x00\x00\x00\x00\x00\x00\x00\x00\x00\x00\x00\x00\x00\x00\x00\
\x01\x00\x00\x00\x00\x00\x00\x00\x00\x00\x00\x00\x00\x00\x00\x00\
\x00\x00\x00\x00\x10\x00\x00\x00\x01\x00\x00\x00\x00\xff\x00\x00\
null\x00\x00\x00\x02\x00\x00\x00\x06boun\
dsObjc\x00\x00\x00\x01\x00\x00\x00\x00\x00\x00\
Rct1\x00\x00\x00\x04\x00\x00\x00\x00Top \
long\x00\x00\x00\x00\x00\x00\x00\x00Left\
long\x00\x00\x00\x00\x00\x00\x00\x00Btom\
long\x00\x00\x01,\x00\x00\x00\x00Rght\
long\x00\x00\x01,\x00\x00\x00\x06slic\
esVlLs\x00\x00\x00\x01Objc\x00\x00\
\x00\x01\x00\x00\x00\x00\x00\x05slice\x00\x00\x00\
\x12\x00\x00\x00\x07sliceIDlong\
\x00\x00\x00\x00\x00\x00\x00\x07groupIDl\
ong\x00\x00\x00\x00\x00\x00\x00\x06origi\
nenum\x00\x00\x00\x0cESliceO\
rigin\x00\x00\x00\x0dautoGen\
erated\x00\x00\x00\x00Typeen\
um\x00\x00\x00\x0aESliceT\xffyp\
e\x00\x00\x00\x00Img \x00\x00\x00\x06bou\
ndsObjc\x00\x00\x00\x01\x00\x00\x00\x00\x00\
\x00Rct1\x00\x00\x00\x04\x00\x00\x00\x00Top\
 long\x00\x00\x00\x00\x00\x00\x00\x00Lef\
tlong\x00\x00\x00\x00\x00\x00\x00\x00Bto\
mlong\x00\x00\x01,\x00\x00\x00\x00Rgh\
tlong\x00\x00\x01,\x00\x00\x00\x03url\
TEXT\x00\x00\x00\x01\x00\x00\x00\x00\x00\x00nu\
llTEXT\x00\x00\x00\x01\x00\x00\x00\x00\x00\x00\
MsgeTEXT\x00\x00\x00\x01\x00\x00\x00\x00\
\x00\x06altTagTEXT\x00\x00\x00\x01\
\x00\x00\x00\x00\x00\x0ecellTextIs\
HTMLbool\x01\x00\x00\x00\x08cel\
lTextTEXT\x00\x00\x00\x01\x00\x00\x00\
\x00\x00\x09horzAlignenum\
\x00\x00\x00\x0fESliceHor\xffzA\
lign\x00\x00\x00\x07default\x00\
\x00\x00\x09vertAlignenum\
\x00\x00\x00\x0fESliceVertAl\
ign\x00\x00\x00\x07default\x00\x00\
\x00\x0bbgColorTypeenu\
m\x00\x00\x00\x11ESliceBGCol\
orType\x00\x00\x00\x00None\x00\x00\
\x00\x09topOutsetlong\x00\
\x00\x00\x00\x00\x00\x00\x0aleftOutse\
tlong\x00\x00\x00\x00\x00\x00\x00\x0cbot\
tomOutsetlong\x00\x00\x00\
\x00\x00\x00\x00\x0brightOutset\
long\x00\x00\x00\x00\x008BIM\x04(\x00\
\x00\x00\x00\x00\x0c\x00\x00\x00\x02?\xf0\x00\x00\x00\x00\x00\
\x008BIM\x04\x14\x00\x00\x00\x00\x00\x04\x00\x00\x00\
&8BIM\x04\x0c\x00\x00\x00\x00\x19\x5c\xff\x00\x00\
\x00\x01\x00\x00\x00\xa0\x00\x00\x00\xa0\x00\x00\x01\xe0\x00\x01\
,\x00\x00\x00\x19@\x00\x18\x00\x01\xff\xd8\xff\xe2\x0cX\
ICC_PROFILE\x00\x01\x01\x00\x00\
\x0cHLino\x02\x10\x00\x00mntrRG\
B XYZ \x07\xce\x00\x02\x00\x09\x00\x06\x001\
\x00\x00acspMSFT\x00\x00\x00\x00IE\
C sRGB\x00\x00\x00\x00\x00\x00\x00\x00\x00\x00\
\x00\x00\x00\x00\xf6\xd6\x00\x01\x00\x00\x00\x00\xd3-HP\
  \x00\x00\x00\x00\x00\x00\x00\x00\x00\x00\x00\x00\x00\x00\
\x00\x00\x00\x00\x00\x00\x00\x00\x00\x00\x00\x00\x00\x00\x00\x00\
\x00\x00\x00\x00\x00\x00\x00\x00\x00\x00\x00\x00\x00\x00\x00\x00\
\x00\x11cprt\x00\x00\x01P\x00\x00\x003de\
sc\x00\x00\x01\x84\x00\x00\x00lwtpt\x00\x00\
\x01\xf0\x00\x00\x00\x14bkpt\x00\x00\x02\x04\x00\x00\
\x00\x14rXYZ\x00\x00\x02\x18\x00\x00\x00\x14gX\
YZ\x00\x00\x02,\x00\x00\x00\x14bXY\xffZ\x00\
\x00\x02@\x00\x00\x00\x14dmnd\x00\x00\x02T\x00\
\x00\x00pdmdd\x00\x00\x02\xc4\x00\x00\x00\x88v\
ued\x00\x00\x03L\x00\x00\x00\x86view\x00\
\x00\x03\xd4\x00\x00\x00$lumi\x00\x00\x03\xf8\x00\
\x00\x00\x14meas\x00\x00\x04\x0c\x00\x00\x00$t\
ech\x00\x00\x040\x00\x00\x00\x0crTRC\x00\
\x00\x04<\x00\x00\x08\x0cgTRC\x00\x00\x04<\x00\
\x00\x08\x0cbTRC\x00\x00\x04<\x00\x00\x08\x0ct\
ext\x00\x00\x00\x00Copyright\
 (c) 1998 Hewlet\
t-Packard Compan\
y\x00\x00desc\x00\x00\x00\x00\x00\x00\x00\x12s\
RGB IEC61966-2.1\
\x00\x00\x00\x00\x00\x00\x00\x00\x00\x00\x00\x12sRGB\
 IEC61966-2.1\x00\x00\x00\
\x00\x00\x00\x00\x00\x00\x00\x00\x00\x00\x00\x00\x00\xff\x00\x00\
\x00\x00\x00\x00\x00\x00\x00\x00\x00\x00\x00\x00\x00\x00\x00\x00\
\x00\x00\x00\x00\x00\x00\x00\x00\x00\x00\x00\x00\x00\x00\x00\x00\
XYZ \x00\x00\x00\x00\x00\x00\xf3Q\x00\x01\x00\x00\
\x00\x01\x16\xccXYZ \x00\x00\x00\x00\x00\x00\x00\x00\
\x00\x00\x00\x00\x00\x00\x00\x00XYZ \x00\x00\x00\x00\
\x00\x00o\xa2\x00\x008\xf5\x00\x00\x03\x90XYZ \
\x00\x00\x00\x00\x00\x00b\x99\x00\x00\xb7\x85\x00\x00\x18\xda\
XYZ \x00\x00\x00\x00\x00\x00$\xa0\x00\x00\x0f\x84\
\x00\x00\xb6\xcfdesc\x00\x00\x00\x00\x00\x00\x00\x16\
IEC http://www.i\
ec.ch\x00\x00\x00\x00\x00\x00\x00\x00\x00\x00\x00\
\x16IEC http://www.\
iec.ch\x00\x00\x00\x00\x00\x00\x00\x00\x00\x00\
\x00\x00\x00\x00\x00\x00\x00\x00\x00\x00\x00\x00\x00\x00\x00\x00\
\x00\x00\x00\x00\x00\x00\x00\x00\x00\x00\x00\x00\x00\x00\x00\x00\
\x00\x00\x00\x00desc\x00\x00\x00\x00\x00\xff\x00\x00\
.IEC 61966-2.1 D\
efault RGB colou\
r space - sRGB\x00\x00\
\x00\x00\x00\x00\x00\x00\x00\x00\x00.IEC 61\
966-2.1 Default \
RGB colour space\
 - sRGB\x00\x00\x00\x00\x00\x00\x00\x00\x00\
\x00\x00\x00\x00\x00\x00\x00\x00\x00\x00\x00\x00\x00des\
c\x00\x00\x00\x00\x00\x00\x00,Referen\
ce Viewing Condi\
tion in IEC61966\
-2.1\x00\x00\x00\x00\x00\x00\x00\x00\x00\x00\x00,\
Reference Viewin\
g Condition in I\
EC61966-2.1\x00\x00\x00\x00\x00\
\x00\x00\x00\x00\x00\x00\x00\x00\x00\x00\x00\x00\x00\xff\x00\x00\
\x00\x00\x00\x00\x00\x00view\x00\x00\x00\x00\x00\x13\
\xa4\xfe\x00\x14_.\x00\x10\xcf\x14\x00\x03\xed\xcc\x00\x04\
\x13\x0b\x00\x03\x5c\x9e\x00\x00\x00\x01XYZ \x00\x00\
\x00\x00\x00L\x09V\x00P\x00\x00\x00W\x1f\xe7me\
as\x00\x00\x00\x00\x00\x00\x00\x01\x00\x00\x00\x00\x00\x00\
\x00\x00\x00\x00\x00\x00\x00\x00\x00\x00\x00\x00\x02\x8f\x00\x00\
\x00\x02sig \x00\x00\x00\x00CRT cu\
rv\x00\x00\x00\x00\x00\x00\x04\x00\x00\x00\x00\x05\x00\x0a\
\x00\x0f\x00\x14\x00\x19\x00\x1e\x00#\x00(\x00-\x002\
\x007\x00;\x00@\x00E\x00J\x00O\x00T\x00Y\
\x00^\x00c\x00h\x00m\x00r\x00w\x00|\x00\x81\
\x00\x86\x00\x8b\x00\x90\x00\x95\x00\x9a\x00\x9f\x00\xa4\x00\xa9\
\x00\xae\x00\xb2\x00\xb7\x00\xbc\x00\xc1\x00\xc6\x00\xcb\x00\xd0\
\x00\xd5\x00\xdb\x00\xe0\x00\xe5\x00\xeb\x00\xf0\x00\xf6\x00\xfb\
\x01\x01\x01\x07\x01\x0d\x01\x13\x01\x19\x01\x1f\x01%\x01+\
\x012\x018\x01>\x01E\x01L\x01R\x01\xffY\x01\
`\x01g\x01n\x01u\x01|\x01\x83\x01\x8b\x01\x92\x01\
\x9a\x01\xa1\x01\xa9\x01\xb1\x01\xb9\x01\xc1\x01\xc9\x01\xd1\x01\
\xd9\x01\xe1\x01\xe9\x01\xf2\x01\xfa\x02\x03\x02\x0c\x02\x14\x02\
\x1d\x02&\x02/\x028\x02A\x02K\x02T\x02]\x02\
g\x02q\x02z\x02\x84\x02\x8e\x02\x98\x02\xa2\x02\xac\x02\
\xb6\x02\xc1\x02\xcb\x02\xd5\x02\xe0\x02\xeb\x02\xf5\x03\x00\x03\
\x0b\x03\x16\x03!\x03-\x038\x03C\x03O\x03Z\x03\
f\x03r\x03~\x03\x8a\x03\x96\x03\xa2\x03\xae\x03\xba\x03\
\xc7\x03\xd3\x03\xe0\x03\xec\x03\xf9\x04\x06\x04\x13\x04 \x04\
-\x04;\x04H\x04U\x04c\x04q\x04~\x04\x8c\x04\
\x9a\x04\xa8\x04\xb6\x04\xc4\x04\xd3\x04\xe1\x04\xf0\x04\xfe\x05\
\x0d\x05\x1c\x05+\x05:\x05I\x05X\x05g\x05w\x05\
\x86\x05\x96\x05\xa6\x05\xb5\x05\xc5\x05\xd5\x05\xe5\x05\xf6\x06\
\x06\x06\x16\x06'\x067\x06H\x06Y\x06j\x06{\x06\
\x8c\x06\x9d\x06\xaf\x06\xc0\x06\xd1\x06\xe3\x06\xf5\x07\x07\x07\
\x19\x07+\x07=\x07O\x07a\x07t\x07\x86\xff\x07\x99\
\x07\xac\x07\xbf\x07\xd2\x07\xe5\x07\xf8\x08\x0b\x08\x1f\x082\
\x08F\x08Z\x08n\x08\x82\x08\x96\x08\xaa\x08\xbe\x08\xd2\
\x08\xe7\x08\xfb\x09\x10\x09%\x09:\x09O\x09d\x09y\
\x09\x8f\x09\xa4\x09\xba\x09\xcf\x09\xe5\x09\xfb\x0a\x11\x0a'\
\x0a=\x0aT\x0aj\x0a\x81\x0a\x98\x0a\xae\x0a\xc5\x0a\xdc\
\x0a\xf3\x0b\x0b\x0b\x22\x0b9\x0bQ\x0bi\x0b\x80\x0b\x98\
\x0b\xb0\x0b\xc8\x0b\xe1\x0b\xf9\x0c\x12\x0c*\x0cC\x0c\x5c\
\x0cu\x0c\x8e\x0c\xa7\x0c\xc0\x0c\xd9\x0c\xf3\x0d\x0d\x0d&\
\x0d@\x0dZ\x0dt\x0d\x8e\x0d\xa9\x0d\xc3\x0d\xde\x0d\xf8\
\x0e\x13\x0e.\x0eI\x0ed\x0e\x7f\x0e\x9b\x0e\xb6\x0e\xd2\
\x0e\xee\x0f\x09\x0f%\x0fA\x0f^\x0fz\x0f\x96\x0f\xb3\
\x0f\xcf\x0f\xec\x10\x09\x10&\x10C\x10a\x10~\x10\x9b\
\x10\xb9\x10\xd7\x10\xf5\x11\x13\x111\x11O\x11m\x11\x8c\
\x11\xaa\x11\xc9\x11\xe8\x12\x07\x12&\x12E\x12d\x12\x84\
\x12\xa3\x12\xc3\x12\xe3\x13\x03\x13#\x13C\x13c\x13\x83\
\x13\xa4\x13\xc5\x13\xe5\x14\x06\x14'\x14I\x14\xffj\x14\
\x8b\x14\xad\x14\xce\x14\xf0\x15\x12\x154\x15V\x15x\x15\
\x9b\x15\xbd\x15\xe0\x16\x03\x16&\x16I\x16l\x16\x8f\x16\
\xb2\x16\xd6\x16\xfa\x17\x1d\x17A\x17e\x17\x89\x17\xae\x17\
\xd2\x17\xf7\x18\x1b\x18@\x18e\x18\x8a\x18\xaf\x18\xd5\x18\
\xfa\x19 \x19E\x19k\x19\x91\x19\xb7\x19\xdd\x1a\x04\x1a\
*\x1aQ\x1aw\x1a\x9e\x1a\xc5\x1a\xec\x1b\x14\x1b;\x1b\
c\x1b\x8a\x1b\xb2\x1b\xda\x1c\x02\x1c*\x1cR\x1c{\x1c\
\xa3\x1c\xcc\x1c\xf5\x1d\x1e\x1dG\x1dp\x1d\x99\x1d\xc3\x1d\
\xec\x1e\x16\x1e@\x1ej\x1e\x94\x1e\xbe\x1e\xe9\x1f\x13\x1f\
>\x1fi\x1f\x94\x1f\xbf\x1f\xea \x15 A l \
\x98 \xc4 \xf0!\x1c!H!u!\xa1!\xce!\
\xfb\x22'\x22U\x22\x82\x22\xaf\x22\xdd#\x0a#8#\
f#\x94#\xc2#\xf0$\x1f$M$|$\xab$\
\xda%\x09%8%h%\x97%\xc7%\xf7&'&\
W&\x87&\xb7&\xe8'\x18'I'z'\xab'\
\xdc(\x0d(?(q(\xa2(\xd4)\x06\xff)8\
)k)\x9d)\xd0*\x02*5*h*\x9b*\xcf\
+\x02+6+i+\x9d+\xd1,\x05,9,n\
,\xa2,\xd7-\x0c-A-v-\xab-\xe1.\x16\
.L.\x82.\xb7.\xee/$/Z/\x91/\xc7\
/\xfe050l0\xa40\xdb1\x121J1\x82\
1\xba1\xf22*2c2\x9b2\xd43\x0d3F\
3\x7f3\xb83\xf14+4e4\x9e4\xd85\x13\
5M5\x875\xc25\xfd676r6\xae6\xe9\
7$7`7\x9c7\xd78\x148P8\x8c8\xc8\
9\x059B9\x7f9\xbc9\xf9:6:t:\xb2\
:\xef;-;k;\xaa;\xe8<'<e<\xa4\
<\xe3=\x22=a=\xa1=\xe0> >`>\xa0\
>\xe0?!?a?\xa2?\xe2@#@d@\xa6\
@\xe7A)AjA\xacA\xeeB0BrB\xb5\
B\xf7C:C}C\xc0D\x03DGD\x8aD\xce\
E\x12EUE\x9aE\xdeF\x22FgF\xff\xabF\
\xf0G5G{G\xc0H\x05HKH\x91H\xd7I\
\x1dIcI\xa9I\xf0J7J}J\xc4K\x0cK\
SK\x9aK\xe2L*LrL\xbaM\x02MJM\
\x93M\xdcN%NnN\xb7O\x00OIO\x93O\
\xddP'PqP\xbbQ\x06QPQ\x9bQ\xe6R\
1R|R\xc7S\x13S_S\xaaS\xf6TBT\
\x8fT\xdbU(UuU\xc2V\x0fV\x5cV\xa9V\
\xf7WDW\x92W\xe0X/X}X\xcbY\x1aY\
iY\xb8Z\x07ZVZ\xa6Z\xf5[E[\x95[\
\xe5\x5c5\x5c\x86\x5c\xd6]']x]\xc9^\x1a^\
l^\xbd_\x0f_a_\xb3`\x05`W`\xaa`\
\xfcaOa\xa2a\xf5bIb\x9cb\xf0cCc\
\x97c\xebd@d\x94d\xe9e=e\x92e\xe7f\
=f\x92f\xe8g=g\x93g\xe9h?h\x96h\
\xeciCi\x9ai\xf1jHj\x9fj\xf7kOk\
\xa7k\xfflWl\xafm\x08m`m\xb9\xffn\x12\
nkn\xc4o\x1eoxo\xd1p+p\x86p\xe0\
q:q\x95q\xf0rKr\xa6s\x01s]s\xb8\
t\x14tpt\xccu(u\x85u\xe1v>v\x9b\
v\xf8wVw\xb3x\x11xnx\xccy*y\x89\
y\xe7zFz\xa5{\x04{c{\xc2|!|\x81\
|\xe1}A}\xa1~\x01~b~\xc2\x7f#\x7f\x84\
\x7f\xe5\x80G\x80\xa8\x81\x0a\x81k\x81\xcd\x820\x82\x92\
\x82\xf4\x83W\x83\xba\x84\x1d\x84\x80\x84\xe3\x85G\x85\xab\
\x86\x0e\x86r\x86\xd7\x87;\x87\x9f\x88\x04\x88i\x88\xce\
\x893\x89\x99\x89\xfe\x8ad\x8a\xca\x8b0\x8b\x96\x8b\xfc\
\x8cc\x8c\xca\x8d1\x8d\x98\x8d\xff\x8ef\x8e\xce\x8f6\
\x8f\x9e\x90\x06\x90n\x90\xd6\x91?\x91\xa8\x92\x11\x92z\
\x92\xe3\x93M\x93\xb6\x94 \x94\x8a\x94\xf4\x95_\x95\xc9\
\x964\x96\x9f\x97\x0a\x97u\x97\xe0\x98L\x98\xb8\x99$\
\x99\x90\x99\xfc\x9ah\x9a\xd5\x9bB\x9b\xaf\x9c\x1c\x9c\x89\
\x9c\xf7\x9dd\x9d\xd2\x9e@\x9e\xae\x9f\x1d\x9f\xff\x8b\x9f\
\xfa\xa0i\xa0\xd8\xa1G\xa1\xb6\xa2&\xa2\x96\xa3\x06\xa3\
v\xa3\xe6\xa4V\xa4\xc7\xa58\xa5\xa9\xa6\x1a\xa6\x8b\xa6\
\xfd\xa7n\xa7\xe0\xa8R\xa8\xc4\xa97\xa9\xa9\xaa\x1c\xaa\
\x8f\xab\x02\xabu\xab\xe9\xac\x5c\xac\xd0\xadD\xad\xb8\xae\
-\xae\xa1\xaf\x16\xaf\x8b\xb0\x00\xb0u\xb0\xea\xb1`\xb1\
\xd6\xb2K\xb2\xc2\xb38\xb3\xae\xb4%\xb4\x9c\xb5\x13\xb5\
\x8a\xb6\x01\xb6y\xb6\xf0\xb7h\xb7\xe0\xb8Y\xb8\xd1\xb9\
J\xb9\xc2\xba;\xba\xb5\xbb.\xbb\xa7\xbc!\xbc\x9b\xbd\
\x15\xbd\x8f\xbe\x0a\xbe\x84\xbe\xff\xbfz\xbf\xf5\xc0p\xc0\
\xec\xc1g\xc1\xe3\xc2_\xc2\xdb\xc3X\xc3\xd4\xc4Q\xc4\
\xce\xc5K\xc5\xc8\xc6F\xc6\xc3\xc7A\xc7\xbf\xc8=\xc8\
\xbc\xc9:\xc9\xb9\xca8\xca\xb7\xcb6\xcb\xb6\xcc5\xcc\
\xb5\xcd5\xcd\xb5\xce6\xce\xb6\xcf7\xcf\xb8\xd09\xd0\
\xba\xd1<\xd1\xbe\xd2?\xd2\xc1\xd3D\xd3\xc6\xd4I\xd4\
\xcb\xd5N\xd5\xd1\xd6U\xd6\xd8\xd7\x5c\xd7\xe0\xd8d\xd8\
\xe8\xd9l\xd9\xf1\xdav\xda\xfb\xdb\x80\xdc\x05\xff\xdc\x8a\
\xdd\x10\xdd\x96\xde\x1c\xde\xa2\xdf)\xdf\xaf\xe06\xe0\xbd\
\xe1D\xe1\xcc\xe2S\xe2\xdb\xe3c\xe3\xeb\xe4s\xe4\xfc\
\xe5\x84\xe6\x0d\xe6\x96\xe7\x1f\xe7\xa9\xe82\xe8\xbc\xe9F\
\xe9\xd0\xea[\xea\xe5\xebp\xeb\xfb\xec\x86\xed\x11\xed\x9c\
\xee(\xee\xb4\xef@\xef\xcc\xf0X\xf0\xe5\xf1r\xf1\xff\
\xf2\x8c\xf3\x19\xf3\xa7\xf44\xf4\xc2\xf5P\xf5\xde\xf6m\
\xf6\xfb\xf7\x8a\xf8\x19\xf8\xa8\xf98\xf9\xc7\xfaW\xfa\xe7\
\xfbw\xfc\x07\xfc\x98\xfd)\xfd\xba\xfeK\xfe\xdc\xffm\
\xff\xff\xff\xed\x00\x0cAdobe_CM\x00\x01\
\xff\xee\x00\x0eAdobe\x00d\x80\x00\x00\x00\x01\
\xff\xdb\x00\x84\x00\x0c\x08\x08\x08\x09\x08\x0c\x09\x09\x0c\x11\
\x0b\x0a\x0b\x11\x15\x0f\x0c\x0c\x0f\x15\x18\x13\x13\x15\x13\x13\
\x18\x11\x0c\x0c\x0c\x0c\x0c\x0c\x11\x0c\x0c\x0c\x0c\x0c\x0c\x0c\
\x0c\x0c\x0c\x0c\x0c\x0c\x0c\x0c\x0c\x0c\x0c\x0c\x0c\x0c\x0c\x0c\
\x0c\x0c\x0c\x0c\x0c\x01\x0d\x0b\x0b\x0d\x0e\x0d\x10\x0e\x0e\x10\
\x14\x0e\x0e\x0e\x14\x14\x0e\x0e\x0e\x0e\x14\x11\x0c\xff\x0c\x0c\
\x0c\x0c\x11\x11\x0c\x0c\x0c\x0c\x0c\x0c\x11\x0c\x0c\x0c\x0c\x0c\
\x0c\x0c\x0c\x0c\x0c\x0c\x0c\x0c\x0c\x0c\x0c\x0c\x0c\x0c\x0c\x0c\
\x0c\x0c\x0c\x0c\x0c\x0c\x0c\xff\xc0\x00\x11\x08\x00\xa0\x00\xa0\
\x03\x01\x22\x00\x02\x11\x01\x03\x11\x01\xff\xdd\x00\x04\x00\x0a\
\xff\xc4\x01?\x00\x00\x01\x05\x01\x01\x01\x01\x01\x01\x00\x00\
\x00\x00\x00\x00\x00\x03\x00\x01\x02\x04\x05\x06\x07\x08\x09\x0a\
\x0b\x01\x00\x01\x05\x01\x01\x01\x01\x01\x01\x00\x00\x00\x00\x00\
\x00\x00\x01\x00\x02\x03\x04\x05\x06\x07\x08\x09\x0a\x0b\x10\x00\
\x01\x04\x01\x03\x02\x04\x02\x05\x07\x06\x08\x05\x03\x0c3\x01\
\x00\x02\x11\x03\x04!\x121\x05AQa\x13\x22q\x81\
2\x06\x14\x91\xa1\xb1B#$\x15R\xc1b34r\
\x82\xd1C\x07%\x92S\xf0\xe1\xf1cs5\x16\xa2\xb2\
\x83&D\x93TdE\xc2\xa3t6\x17\xd2U\xe2e\
\xf2\xb3\x84\xc3\xd3u\xe3\xf3F'\x94\xa4\x85\xb4\x95\xc4\
\xd4\xe4\xf4\xa5\xb5\xc5\xd5\xe5\xf5Vfv\x86\x96\xa6\xb6\
\xc6\xd6\xe6\xf67GWgw\x87\x97\xa7\xb7\xff\xc7\xd7\
\xe7\xf7\x11\x00\x02\x02\x01\x02\x04\x04\x03\x04\x05\x06\x07\x07\
\x06\x055\x01\x00\x02\x11\x03!1\x12\x04AQaq\
\x22\x13\x052\x81\x91\x14\xa1\xb1B#\xc1R\xd1\xf03\
$b\xe1r\x82\x92CS\x15cs4\xf1%\x06\x16\
\xa2\xb2\x83\x07&5\xc2\xd2D\x93T\xa3\x17dEU\
6te\xe2\xf2\xb3\x84\xc3\xd3u\xe3\xf3F\x94\xa4\x85\
\xb4\x95\xc4\xd4\xe4\xf4\xa5\xb5\xc5\xd5\xe5\xf5Vfv\x86\
\x96\xa6\xb6\xc6\xd6\xe6\xf6'7GWgw\x87\x97\xa7\
\xb7\xc7\xff\xda\x00\x0c\x03\x01\x00\x02\x11\x03\x11\x00?\x00\
\xf2\xa4\x92I%)$\x92IJI$\x92R\x92I\
$\x94\xa5&\xd7c\xbe\x8bI\x1e*\xc5\x18\xe0\x00\xfb\
\x04\x93\xc3Oo\x8a:Jh\xba\x9b[\xa9i\x85\x05\
\xa2\x87m\x0d\xb0H\xd1\xfe>?\xd6IM$\x92 \
\x83\x07B9\x09$\xa5$\x92I)I$\x92JR\
I$\x92\x9f\xff\xd0\xf2\xa4\x92I%)$\x94\xeb\xae\
u<$\xa6\x01\xa4\xf0%K\xd3\x7f\x827\xff\x97d\
\x92S]N\x86\x07\xda\xd0x\xe4\xfc\x91\x5c\xd0\xe1\x07\
\xefQ\xa0l\xbc\x03\xde@\xfb\x92Sm$\x92IJ\
I$\x92SW-\xb1`w\xef\x0d~!\x01Z\xc9\
k\xac\xb2\xba\xd8%\xe7\x81\xf1+C\x17\x0a\xacp\x0c\
\x07\xdb\xdd\xe7X\xfe\xa2Jr[\x8b\x92\xe1-\xa9\xe4\
x\xed*/\xaa\xca\xccX\xc70\xff\x00(\x11\xf9W\
A$\xf2\x98\x80\xe6\x96\xb8\x074\xf2\xd3\xa8IO<\
\x92\xbd\x9f\x80\xda\x87\xadO\xf3\x7f\x9c\xdf\xdd\x9f\x0f\xe4\
\xaa))I$\x92J\x7f\xff\xd1\xf2\xa4\x92I%)\
X\x02\x04x*\xe3\x95e%,\x92I$\xa5(\xd9\
 \x07\x0eZtRQ\xb4\xfb>))\xb3]\x8d\xb1\
\xbb\x87\xccx\x15%\x9e\xc7\xb9\x87sL\x15a\xb9\x9f\
\xbc\xdd|BJl&$4\x178\xc0\x1c\x94\x03\x98\
\xdf\xcdi?\x12\x83e\xaf\xb0\xfb\x8e\x9d\x80\xe1%7\
\xfah\xf5n\xb6\xf3\xf9\xa05\xa3\xc2\x7f\xf3\x16\xad\x05\
\x9f\xd2\x1c6\xda\xce\xe0\xb5\xdf\x94-\x04\x94\xff\xa4\x92\
I%,Z\xd7\x02\xc7j\xd7\x0d\xae\x1eEs\xefa\
c\xdc\xc3\xcbI\x07\xe4\xba\x11\xa9\x0b\x02\xf7\x07\xddc\
\xc7\x0eq#\xe6RS\x04\x92I%?\xff\xd2\xf2\xa4\
\x92I%)\x16\xb7\xc8\x83\xc8\xfc\x8b\xaf\xe8_\xe2\x9f\
\xebGU\xad\xb9\x19\x0dgM\xa1\xd0G\xdag\xd5-\
?\x9c\xdcf\x07=\xbf\xd5\xc8\xfb:\xde\xb3\xfcF\xda\
\xd6\x13WYk\xac\x03\xda\xd7c\x16\x82|\xde\xdc\x9b\
\x1c\xdf\xf3\x12S\xe6\xa9-\xef\xac\x7fQ\xbe\xb2\xfd[\
\xac\xdf\x9dCo\xc3l\x03\x99\x8eK\xeb\x05\xda\x0fR\
Z\xcbj\xf7;f\xebjc=E\xcfz\xc3\xc1%\
3A\xb1\xfb\x8c\x0e\x02N\xb1\xce\xd3\x81\xe0\xa2\x92\x94\
\x92I$\xa5$\x92I)6&A\xc7\xb8Y\xcbx\
p\xf1\x05m\xb5\xcd{C\xd8w1\xda\x82\x17<\x8b\
\x8f\x95v9\xfd\x1b\xbd\xa7\x96\x9dA\xf9$\xa7u%\
\x9c\xde\xaf\xa7\xba\x9d{\xc3\xa3\xf2\x87\x22\xd3~~l\
\x8cJ\x83\x1a4u\xae2\x07\xf6\x9d\xed\xff\xff\x00\xa2\
\x92\x99g\xe5\x0a*,\x07\xf4\xaf\x10\x07\x80<\xbb\xff\
\x00\x22\xb1\xd6\xd0\xfa\xbdc\xbd\xd6\xe4\x8d\xe7RCK\
\xbf\xe98\xb1\x06\xff\x00\xab\xf9l\x04\xd2\xe6\xde?t\
{]\xfek\xbd\xbf\xf4\xd2S\x96\x92Nk\x9a\xe2\xd7\
\x02\x1c\x0c\x10t \x84\x92S\xff\xd3\xf2\xa5\xea\xff\x00\
\xe2\x9b\xeaE\x06\x86}g\xeaU\xef\xb1\xce?\xb3\xa9\
p\x1bZ\x1av\xfd\xb1\xc3\xfd/\xa8\xd77\x1f\xfd\x17\
\xf3\xfe\xff\x00R\x97\xd5\xe5\x0b\xea\x1e\x9b\x85^\x07O\
\xc6\xc1\xa8Ex\xb52\x96\x0etcEc\xfe\xa5%\
6RI$\x94\xc6\xca\xd9c\x1d]\x8d\x0fc\xc1k\
\xd8\xe1 \x83\xa3\x9a\xe6\x9f\xa4\xd7/\x09\xff\x00\x19\x7f\
SY\xf5s\xa9\xb3'\x05\xa4t\xcc\xfd\xce\xa9\xbd\xaa\
\xb0\x7f9\x8d\xbb\xf75\xf5(\xdd\xff\x00\x17\xfe\x03\xd4\
^\xf0\xb8\xef\xf1\xb1\x89VG\xd4\x9c\xbb^%\xf8\x96\
Su^N67\x18\x9f\xfbk\x22\xd4\x94\xf82I\
$\x92\x94\x92I$\xa5$\x92I)I$\xff\x92J\
mt\xec#\x9b\x92*$\xb6\xb6\xfb\xacp\xec\xd1\xe1\
\xfc\xa7}\x15\xd41\x8c\xad\x8d\xae\xb6\x86V\xc1\x0dh\
\xe0\x05\x97\xf5u\x80c\xddg\xe79\xe1\xb3\xe4\xd1\xbb\
\xfe\xfc\xb5RR\x92I$\x94\xe7\xf5\x8e\x9e\xdc\xaa]\
{\x07\xeb\x15\x09\x91\xf9\xed\x1fI\xae\xfeS[\xf4\x17\
8\xbbF\xe8\xe0\xb8\xfc\xaa\xdbVM\xb5\xb7\xe8\xb1\xee\
h\xf8\x02BJ\x7f\xff\xd4\xf2\xa5\xf4\xc7\xd5\xce\xa9_\
W\xe8X=I\x84\x1f\xb4\xd2\xc7<7P,\x03e\
\xf5\xff\x00\xd6\xeem\x95\xaf\x99\xd7q\xfe-\xfe\xbf\x0f\
\xab\x97;\xa7u\x22OI\xc8v\xfd\xe0nu6\x10\
\x1am\x01\xbe\xf7\xd3c[\xfaZ\xff\x00\xeb\x94\xff\x00\
\x84\xf5\x92\x9frI\x0f\x1f#\x1f*\x96dcZ\xcb\
\xe8\xb0n\xae\xda\xdc\x1c\xc7\x0f\xdec\xd9-r\x22J\
R\xe1\xbf\xc7\x07T\xab\x13\xea\xa1\xc1$\x1b\xba\x95\xac\
\xad\xac\x9fv\xca\x9c\xdc\x9b-h\xfd\xd6>\xbak\xff\
\x00\xaf.\xa7\xadu\xde\x97\xd0\xb0]\x9d\xd4\xff\xefm\
\x14\xb7F\x83\xab\xde\xee\xd5\xd3X\xf7\xd9g\xf5\x7f\xaf\
\xfc\xda\xf0\x1f\xae\x1fZ\xb2\xbe\xb4uwg\x5c\x0dx\
\xf5\x8fO\x12\x8f\xdc\xac\x19\xf7~\xf5\xb6};_\xff\
\x00\xa2\xd9ZJp\xd2I$\x94\xa4\x92I%)$\
\x92IJI$\x92S\xb7\xf5v\xe1\xb6\xfcs\xce\x96\
7\xe1\xf4\x1f\xff\x00|[\x0b\x90\xc6\xc8\xb3\x1a\xf6_\
Q\x87\xb0\xc8\x9e\x0f\x8bO\xf5\x97Q\x87\x9bFm{\
\xa90\xf0=\xf5\x1f\xa4\xdf\xfc\x9b?\x96\x92\x93\xa4\x92\
]\x89\xe0\x0dI:\x01\xf1))[\x9a\xd0^\xf3\x0d\
`.q\xf0\x03\xdc\xe5\xc7\xdda\xb6\xe7\xdaD\x1b\x1c\
\x5cG\xc4\xca\xd5\xeb\x1dU\x960\xe2\xe3;s\x0f\xf3\
\xb6\x0e\x0c~c?\x91\xfc\xa5\x8e\x92\x9f\xff\xd5\xf2\xa4\
\x92I%7\xfaW_\xeb]\x19\xe5\xdd/6\xecM\
\xc6\x5c\xca\xdcv8\x8e\xf6R\x7fEg\xf6\xd8\xba\x8e\
\x93\xf5\xd3\xfce\xfd`\xcc\x1d7\xa7\xe7:\xdbl\x05\
\xce-\xaa\x86\x060};\xad\xb8P\xdfF\xff\xb6~\
\xfe\xef\xf8?\xe7\x1e\xb8\x85\xef?Q\xbe\xaeW\xf5\x7f\
\xa0SS\x99\x19\xd9\x8dnFk\x88\x87np\xddV\
;\xbf;f+\x1d\xb3\xfe;\xd6\xb3\xf3\xd2S\x97\x87\
\xfe,\xb0o\xb0f}f\xce\xc9\xebY\xce\x00XM\
\x8eecO\xe6\xda\xf7n\xca\xb1\xacv\xed\x9e\xfa?\
\xe2U\xeb\x7f\xc5\xaf\xd4\x8b+s\x1b\xd3MN\x22\x05\
\x8c\xbe\xfd\xc3\xcd\xbe\xad\xb6\xd7\xfeuk\xa6I%>\
S\xf5\x9b\xfcR\xe4bT\xfc\xbf\xab\xf6\xbf6\xb6\x02\
\xe7aZ\x07\xaf\x00K\xbd\x07\xd7\xb5\x99_\x9d\xfa/\
N\xab\xbf\xd1\xfa\xcb\xcf\x17\xd3+\xc9\xbf\xc6\xd7\xd5\xba\
\xf0\xf3j\xeb\xb8\xac\x0c\xa7=\xc5\x99Mh\x802\x07\
\xe9=_\xfd\x0a\xaf\xde\xefo\xf3\xb5]g\xf8T\x94\
\xf9\xfaI$\x92\x94\x92I$\xa5-~\x97\xf5w#\
1\x8d\xbe\xf7}\x9f\x1d\xda\xb4\x91/x\xf1\xad\x9f\xbb\
\xff\x00\x08\xff\x00\xfah\x7fW\xfas3\xb3f\xd1\xba\
\x8a\x07\xa9`\xfd\xee\xcc\xaf\xfbO\xff\x00\xa0\xff\xbb\x12\
d\xcaJr\xeb\xfa\xb7\xd2\x18!\xd5\xbe\xd3\xfb\xcfy\
\x1f\xf9\xec1\x0a\xff\x00\xaa\xf8n\xf7b[f=\xa3\
V\x97\x1d\xed\x9f\x96\xcb\x19\xff\x00\x82-\x94\x92S\xc7\
e\xe4\xf5\xbe\x9do\xd9\xf2-p<\xb5\xc6\x1e\x1c?\
}\x968;sU+\xf3r\xf24\xbe\xd7<s\xb4\
\x9d?\xcd\xfa+\xb4\xeaX\x0c\xea\x18o\xc7 z\x82\
]C\xbb\x87\xc7\xfdM\xbfA\xeb\x85 \x83\x07B\x12\
R\x92I$\x94\xff\x00\xff\xd6\xf2\xa4\x92I%6z\
]u\xdb\xd4\xf1*\xb7J\xec\xbe\xb6\xbc\xff\x00$\xbd\
\xadw\xfd\x15\xf4\x95\x9f\xce?\xfa\xc7\xf2\xaf\x99Z\xe7\
1\xc1\xcd0\xe6\x99\x04r\x08_Et.\xb1O[\
\xe9\x18\xbdV\x98\x8c\x9a\xc1\xb1\xa3\xf3mo\xb3\x22\xbf\
\xec\x5c\xd7$\xa6\xf2I$\x92\x94\xb9?\xf1\xa5]o\
\xfa\x9b\x90\xe7\xc6\xea\xaf\xa1\xf5\xcf\xef\x17:\xbfo\xf2\
\xbd7\xbdu\x8b\x82\xff\x00\x1a\x19\x879\xfd3\xea\xa6\
#\x9ar\xf3\xafm\xd7s\xecf\xb4\xe3\xef\xff\xfc\xdd\
\xb6:\xcb\xae\xff\x00\xac\xa4\xa7\xcf\xbe\xad}S\xcf\xeb\
\xefs\xd8\xe1\x8d\x85Q\x8br\x9e\x09\x1b\xb9\xf4\xa9g\
\xb7\xd6\xbbo\xbbf\xef\xd1\xff\x00\x85\xb2\xbf\xd1\xae\xfb\
\x0b\xea7\xd5\x8cF\x00\xecS\x96\xfe\xf6d\xbd\xc4\x9f\
\xfa\xdd\x06\x9a\x9b\xfek\xd6\xce.&6\x0e-XX\
\x8d\xd9\x8d\x8c\xdd\x957\xcb\x97X\xef\xf8K_\xfa[\
?\x96\x8a\x92\x9c|\x9f\xa9\xdfU\xf2XZ\xee\x9e\xca\
\x89\xfc\xfa\x1c\xfa\xdc?\xab\xef}_\xe7T\xb8\xbf\xac\
\xdfP\xf2zUO\xce\xe9\xefv^\x0b5\xb5\xae\x1f\
\xa6\xa8~\xf5\xado\xb2\xda\x7f\xe1\xeb\xff\x00\xae\xd5R\
\xf4\xc4\x81\x8e\xc0\x8dA\x04H \xe8\xe6\xb9\xbf\x9c\xd7\
5%>_\xf5I\xad\x18\xb9.\xfc\xe3c\x01\xf1\x80\
\x1cG\xfdR\xddTn\xc1\xa7\xa0\xfdg\xc9\xe9\xb5\xfb\
13\xd8\xdb\xf0\x812D\x97m\xa6\x7f\x90\xef\xb4Q\
\xee\xfa~\x9dj\xf2JRI$\x92\x94\x0c\x10B\xe1\
:\xa3Z\xde\xa5\x96\xd6\xf0.\xb2?\xce+\xff\xb8\xba\
\xfa\xf1\xa9\xb3&\xdf\xe6\xe9n\xf7y\xc7\xd1g\xf6\xdf\
\xec\x5c\x05\xb6>\xdb\x1fk\xcc\xbd\xee.q\xf3&J\
Jb\x92I$\xa7\xff\xd7\xf2\xa4\x92I%)t\xbf\
R\xbe\xbbe\xfdX\xcauoi\xc9\xe9y\x04\x1c\x9c\
Y\x82\x1d\xf4~\xd3\x8d\xbb\xda\xcc\x86\xb7\xfb\x19\x15\xfe\
\x8a\xdf\xf0V\xd3\xcd$\x92\x9f\xa1\xfa?\xd6>\x87\xd6\
\xebk\xfafew9\xdc\xd0He\xc0\xc7\x0e\xc6\xb3\
m\xbf\xdaf\xfa\xd6\xa3\x98\xe6\xb4\xb9\xc3kF\xa5\xce\
\xd0\x0f\xed9|\xc8\xa4\xeb,p\x0ds\x8b\x80\xd4\x02\
I\x09)\xf6\xaf\xac\xdf\xe3#\xa1\xf4j\x9fV\x0d\x95\
\xf5>\xa3\x11]U\x1d\xd4\xb1\xc7\xf3\xb2r\x19\xecv\
\xcf\xf4\x14?\xd4\xff\x00\x06\xff\x00C\xe9\xaf;\xfa\xa3\
\x9f\x97\xd5>\xbc\xe3\xe7\xf5\x0bNFU\xe6\xe7\xbe\xc7\
\xf2\x5c)\xb7d~kZ\xcd\xbbjc}\x95\xff\x00\
\x83\x5c\xba\xb7\xd2z\x85\x9d3\xa9\xe2\xf5\x0a\xc6\xe7c\
X\xdb6\xfe\xf0\x07\xde\xcf\xed\xb3\xd8\x92\x9f\xfflI\
F\xab\xa8\xc8\xa6\xbc\x9cg\x8b1\xefh\xb2\x9b\x07v\
;\xe8\xff\x00k\xf3_\xfc\xb5$\x94\xa4\x92N\xd6\x97\
\x10\xd6\x89'@\x12S\xc0\xff\x00\x8d\x02\xd6d\xf4\xbb\
\x18v\xdc*\xb3\xdc4p\x02\xc9\xaf\xfe\x9f\xa8\xb3\xba\
g\xd6\x5c{\x98\xda\xb3\xcf\xa5x\xd3\xd6\x8fc\xfc\xdf\
\xb7\xf9\xb7\xff\x00\xe0\x7f\xf1j\xaf\xd7\x8e\xb1WU\xeb\
\xd6;\x19\xc2\xcc\x5cV\x8cz,o\x0f\x0c.u\x96\
\xb7\xf96\x5c\xfb6\x7f\xc1zk\x01%>\x87[\xd9\
kwT\xf6\xd8\xdf\xdec\x83\x87\xfd\x12\x81\x93\x9f\x83\
\x88\xd2r/c\x08\xfc\xc0C\x9f\xf2\xad\x92\xe5\xc1\xa4\
\x92\x9d>\xb3\xd6\xdf\xd4H\xaa\xb6\x9a\xb1Xe\xac?\
I\xc7\x8fR\xdf\xfb\xeb?\xc1\xac\xc4\x92IJI$\
\x92S\xff\xd0\xf2\xa4\x92I%)$\x92IJI$\
\x92R\x92I$\x94\xf4\x9fU~\xb9\xe4t1\xf6L\
\x96\x1c\xae\x9c\xe3\xbb\xd2\x06\x1fS\x8f\xd3\xb3\x1d\xce\xfd\
\xef\xcf\xa1\xdf\xa3\xb3\xfe\x0b\xf9\xc5\xe8\x18\x7f\xebZ>\
\xae\xe6\xb3}\x1dB\x96q5\xde\xefA\xe0\x9f\xcd\xdb\
~\xc6;\xfe\xb5e\xab\xc6\xd2IO\xb4\xe4\xf5\xee\x85\
\x8a\xc7?#\xa8\xe347\x90\xdb\x1bc\xbeUc\xfa\
\xb6\xbb\xfc\xc5\xc5\xfdh\xfa\xff\x00\xf6\xbal\xe9\xfd\x14\
>\xaa,\x05\x97\xe5\xbf\xdbe\x8c>\xd7WK?\xc0\
Sg\xe7\xff\x00\x86\xb5\x9f\xe8\x7fI[\xf8\xa4\x92R\
\x92I$\x94\xa4\x92I%)$\x92IJI$\x92\
S\xff\xd98BIM\x04!\x00\x00\x00\x00\x00U\x00\
\x00\x00\x01\x01\x00\x00\x00\x0f\x00A\x00d\x00o\x00b\
\x00e\x00 \x00P\x00h\x00o\x00t\x00o\x00s\
\x00h\x00o\x00p\x00\x00\x00\x13\x00A\x00d\x00o\
\x00b\x00e\x00 \x00P\x00h\x00o\x00t\x00o\
\x00s\x00h\x00o\x00p\x00 \x00C\x00S\x005\
\x00\x00\x00\x01\x008BIM\x04\x06\x00\x00\x00\x00\x00\
\x07\x00\x08\x00\x00\x00\x01\x01\x00\x00!\xff\x0bICC\
RGBG1012\xff\x00\x00\x0cHLin\
o\x02\x10\x00\x00mntrRGB XYZ\
 \x07\xce\x00\x02\x00\x09\x00\x06\x001\x00\x00acs\
pMSFT\x00\x00\x00\x00IEC sRG\
B\x00\x00\x00\x00\x00\x00\x00\x00\x00\x00\x00\x01\x00\x00\xf6\
\xd6\x00\x01\x00\x00\x00\x00\xd3-HP  \x00\x00\x00\
\x00\x00\x00\x00\x00\x00\x00\x00\x00\x00\x00\x00\x00\x00\x00\x00\
\x00\x00\x00\x00\x00\x00\x00\x00\x00\x00\x00\x00\x00\x00\x00\x00\
\x00\x00\x00\x00\x00\x00\x00\x00\x00\x00\x00\x00\x11cpr\
t\x00\x00\x01P\x00\x00\x003desc\x00\x00\x01\
\x84\x00\x00\x00lwtpt\x00\x00\x01\xf0\x00\x00\x00\
\x14bkpt\x00\x00\x02\x04\x00\x00\x00\x14rXY\
Z\x00\x00\x02\x18\x00\x00\x00\x14gXYZ\x00\x00\x02\
,\x00\x00\x00\x14bXYZ\x00\x00\x02@\x00\x00\x00\
\x14dmnd\x00\x00\x02T\x00\x00\x00pdmd\
d\x00\x00\x02\xc4\x00\x00\x00\x88vued\x00\x00\x03\
L\x00\x00\x00\x86vie\xffw\x00\x00\x03\xd4\x00\x00\
\x00$lumi\x00\x00\x03\xf8\x00\x00\x00\x14me\
as\x00\x00\x04\x0c\x00\x00\x00$tech\x00\x00\
\x040\x00\x00\x00\x0crTRC\x00\x00\x04<\x00\x00\
\x08\x0cgTRC\x00\x00\x04<\x00\x00\x08\x0cbT\
RC\x00\x00\x04<\x00\x00\x08\x0ctext\x00\x00\
\x00\x00Copyright (c) \
1998 Hewlett-Pac\
kard Company\x00\x00de\
sc\x00\x00\x00\x00\x00\x00\x00\x12sRGB I\
EC61966-2.1\x00\x00\x00\x00\x00\
\x00\x00\x00\x00\x00\x00\x12sRGB IEC6\
1966-2.1\x00\x00\x00\x00\x00\x00\x00\x00\
\x00\x00\x00\x00\x00\x00\x00\x00\x00\x00\x00\x00\x00\x00\x00\x00\
\x00\x00\x00\x00\x00\x00\x00\x00\x00\x00\x00\x00\x00\x00\x00\x00\
\x00\x00\x00\x00\x00\x00\x00\x00\x00\x00XYZ \x00\x00\
\x00\x00\x00\x00\xf3Q\x00\x01\xff\x00\x00\x00\x01\x16\xccX\
YZ \x00\x00\x00\x00\x00\x00\x00\x00\x00\x00\x00\x00\x00\
\x00\x00\x00XYZ \x00\x00\x00\x00\x00\x00o\xa2\x00\
\x008\xf5\x00\x00\x03\x90XYZ \x00\x00\x00\x00\x00\
\x00b\x99\x00\x00\xb7\x85\x00\x00\x18\xdaXYZ \x00\
\x00\x00\x00\x00\x00$\xa0\x00\x00\x0f\x84\x00\x00\xb6\xcfd\
esc\x00\x00\x00\x00\x00\x00\x00\x16IEC h\
ttp://www.iec.ch\
\x00\x00\x00\x00\x00\x00\x00\x00\x00\x00\x00\x16IEC \
http://www.iec.c\
h\x00\x00\x00\x00\x00\x00\x00\x00\x00\x00\x00\x00\x00\x00\x00\
\x00\x00\x00\x00\x00\x00\x00\x00\x00\x00\x00\x00\x00\x00\x00\x00\
\x00\x00\x00\x00\x00\x00\x00\x00\x00\x00\x00\x00\x00\x00\x00d\
esc\x00\x00\x00\x00\x00\x00\x00.IEC 6\
1966-2.1 Default\
 RGB colour spac\
e - sRGB\xff\x00\x00\x00\x00\x00\x00\x00\
\x00\x00\x00\x00.IEC 61966-2\
.1 Default RGB c\
olour space - sR\
GB\x00\x00\x00\x00\x00\x00\x00\x00\x00\x00\x00\x00\x00\x00\
\x00\x00\x00\x00\x00\x00\x00\x00desc\x00\x00\x00\x00\
\x00\x00\x00,Reference Vi\
ewing Condition \
in IEC61966-2.1\x00\
\x00\x00\x00\x00\x00\x00\x00\x00\x00\x00,Refer\
ence Viewing Con\
dition in IEC619\
66-2.1\x00\x00\x00\x00\x00\x00\x00\x00\x00\x00\
\x00\x00\x00\x00\x00\x00\x00\x00\x00\x00\x00\x00\x00\x00\x00\x00\
view\x00\x00\x00\x00\x00\x13\xa4\xfe\x00\x14_.\
\x00\x10\xcf\x14\x00\x03\xed\xcc\x00\x04\x13\x0b\x00\x03\x5c\x9e\
\x00\x00\x00\x01XYZ \xff\x00\x00\x00\x00\x00L\x09\
V\x00P\x00\x00\x00W\x1f\xe7meas\x00\x00\x00\
\x00\x00\x00\x00\x01\x00\x00\x00\x00\x00\x00\x00\x00\x00\x00\x00\
\x00\x00\x00\x00\x00\x00\x00\x02\x8f\x00\x00\x00\x02sig\
 \x00\x00\x00\x00CRT curv\x00\x00\x00\
\x00\x00\x00\x04\x00\x00\x00\x00\x05\x00\x0a\x00\x0f\x00\x14\x00\
\x19\x00\x1e\x00#\x00(\x00-\x002\x007\x00;\x00\
@\x00E\x00J\x00O\x00T\x00Y\x00^\x00c\x00\
h\x00m\x00r\x00w\x00|\x00\x81\x00\x86\x00\x8b\x00\
\x90\x00\x95\x00\x9a\x00\x9f\x00\xa4\x00\xa9\x00\xae\x00\xb2\x00\
\xb7\x00\xbc\x00\xc1\x00\xc6\x00\xcb\x00\xd0\x00\xd5\x00\xdb\x00\
\xe0\x00\xe5\x00\xeb\x00\xf0\x00\xf6\x00\xfb\x01\x01\x01\x07\x01\
\x0d\x01\x13\x01\x19\x01\x1f\x01%\x01+\x012\x018\x01\
>\x01E\x01L\x01R\x01Y\x01`\x01g\x01n\x01\
u\x01|\x01\x83\x01\x8b\x01\x92\x01\x9a\x01\xa1\x01\xa9\x01\
\xb1\x01\xb9\x01\xc1\x01\xc9\x01\xd1\x01\xd9\x01\xe1\x01\xe9\x01\
\xf2\x01\xfa\x02\x03\x02\x0c\x02\xff\x14\x02\x1d\x02&\x02/\
\x028\x02A\x02K\x02T\x02]\x02g\x02q\x02z\
\x02\x84\x02\x8e\x02\x98\x02\xa2\x02\xac\x02\xb6\x02\xc1\x02\xcb\
\x02\xd5\x02\xe0\x02\xeb\x02\xf5\x03\x00\x03\x0b\x03\x16\x03!\
\x03-\x038\x03C\x03O\x03Z\x03f\x03r\x03~\
\x03\x8a\x03\x96\x03\xa2\x03\xae\x03\xba\x03\xc7\x03\xd3\x03\xe0\
\x03\xec\x03\xf9\x04\x06\x04\x13\x04 \x04-\x04;\x04H\
\x04U\x04c\x04q\x04~\x04\x8c\x04\x9a\x04\xa8\x04\xb6\
\x04\xc4\x04\xd3\x04\xe1\x04\xf0\x04\xfe\x05\x0d\x05\x1c\x05+\
\x05:\x05I\x05X\x05g\x05w\x05\x86\x05\x96\x05\xa6\
\x05\xb5\x05\xc5\x05\xd5\x05\xe5\x05\xf6\x06\x06\x06\x16\x06'\
\x067\x06H\x06Y\x06j\x06{\x06\x8c\x06\x9d\x06\xaf\
\x06\xc0\x06\xd1\x06\xe3\x06\xf5\x07\x07\x07\x19\x07+\x07=\
\x07O\x07a\x07t\x07\x86\x07\x99\x07\xac\x07\xbf\x07\xd2\
\x07\xe5\x07\xf8\x08\x0b\x08\x1f\x082\x08F\x08Z\x08n\
\x08\x82\x08\x96\x08\xaa\x08\xbe\x08\xd2\x08\xe7\x08\xfb\x09\x10\
\x09%\x09:\x09O\x09d\xff\x09y\x09\x8f\x09\xa4\x09\
\xba\x09\xcf\x09\xe5\x09\xfb\x0a\x11\x0a'\x0a=\x0aT\x0a\
j\x0a\x81\x0a\x98\x0a\xae\x0a\xc5\x0a\xdc\x0a\xf3\x0b\x0b\x0b\
\x22\x0b9\x0bQ\x0bi\x0b\x80\x0b\x98\x0b\xb0\x0b\xc8\x0b\
\xe1\x0b\xf9\x0c\x12\x0c*\x0cC\x0c\x5c\x0cu\x0c\x8e\x0c\
\xa7\x0c\xc0\x0c\xd9\x0c\xf3\x0d\x0d\x0d&\x0d@\x0dZ\x0d\
t\x0d\x8e\x0d\xa9\x0d\xc3\x0d\xde\x0d\xf8\x0e\x13\x0e.\x0e\
I\x0ed\x0e\x7f\x0e\x9b\x0e\xb6\x0e\xd2\x0e\xee\x0f\x09\x0f\
%\x0fA\x0f^\x0fz\x0f\x96\x0f\xb3\x0f\xcf\x0f\xec\x10\
\x09\x10&\x10C\x10a\x10~\x10\x9b\x10\xb9\x10\xd7\x10\
\xf5\x11\x13\x111\x11O\x11m\x11\x8c\x11\xaa\x11\xc9\x11\
\xe8\x12\x07\x12&\x12E\x12d\x12\x84\x12\xa3\x12\xc3\x12\
\xe3\x13\x03\x13#\x13C\x13c\x13\x83\x13\xa4\x13\xc5\x13\
\xe5\x14\x06\x14'\x14I\x14j\x14\x8b\x14\xad\x14\xce\x14\
\xf0\x15\x12\x154\x15V\x15x\x15\x9b\x15\xbd\x15\xe0\x16\
\x03\x16&\x16I\x16l\x16\x8f\x16\xb2\x16\xd6\x16\xfa\x17\
\x1d\x17A\x17e\x17\x89\x17\xff\xae\x17\xd2\x17\xf7\x18\x1b\
\x18@\x18e\x18\x8a\x18\xaf\x18\xd5\x18\xfa\x19 \x19E\
\x19k\x19\x91\x19\xb7\x19\xdd\x1a\x04\x1a*\x1aQ\x1aw\
\x1a\x9e\x1a\xc5\x1a\xec\x1b\x14\x1b;\x1bc\x1b\x8a\x1b\xb2\
\x1b\xda\x1c\x02\x1c*\x1cR\x1c{\x1c\xa3\x1c\xcc\x1c\xf5\
\x1d\x1e\x1dG\x1dp\x1d\x99\x1d\xc3\x1d\xec\x1e\x16\x1e@\
\x1ej\x1e\x94\x1e\xbe\x1e\xe9\x1f\x13\x1f>\x1fi\x1f\x94\
\x1f\xbf\x1f\xea \x15 A l \x98 \xc4 \xf0\
!\x1c!H!u!\xa1!\xce!\xfb\x22'\x22U\
\x22\x82\x22\xaf\x22\xdd#\x0a#8#f#\x94#\xc2\
#\xf0$\x1f$M$|$\xab$\xda%\x09%8\
%h%\x97%\xc7%\xf7&'&W&\x87&\xb7\
&\xe8'\x18'I'z'\xab'\xdc(\x0d(?\
(q(\xa2(\xd4)\x06)8)k)\x9d)\xd0\
*\x02*5*h*\x9b*\xcf+\x02+6+i\
+\x9d+\xd1,\x05,9,n,\xa2,\xd7-\x0c\
-A-v-\xab-\xe1\xff.\x16.L.\x82.\
\xb7.\xee/$/Z/\x91/\xc7/\xfe050\
l0\xa40\xdb1\x121J1\x821\xba1\xf22\
*2c2\x9b2\xd43\x0d3F3\x7f3\xb83\
\xf14+4e4\x9e4\xd85\x135M5\x875\
\xc25\xfd676r6\xae6\xe97$7`7\
\x9c7\xd78\x148P8\x8c8\xc89\x059B9\
\x7f9\xbc9\xf9:6:t:\xb2:\xef;-;\
k;\xaa;\xe8<'<e<\xa4<\xe3=\x22=\
a=\xa1=\xe0> >`>\xa0>\xe0?!?\
a?\xa2?\xe2@#@d@\xa6@\xe7A)A\
jA\xacA\xeeB0BrB\xb5B\xf7C:C\
}C\xc0D\x03DGD\x8aD\xceE\x12EUE\
\x9aE\xdeF\x22FgF\xabF\xf0G5G{G\
\xc0H\x05HKH\x91H\xd7I\x1dIcI\xa9I\
\xf0J7J}J\xc4K\x0cKSK\x9aK\xe2L\
*LrL\xbaM\x02M\xffJM\x93M\xdcN%\
NnN\xb7O\x00OIO\x93O\xddP'Pq\
P\xbbQ\x06QPQ\x9bQ\xe6R1R|R\xc7\
S\x13S_S\xaaS\xf6TBT\x8fT\xdbU(\
UuU\xc2V\x0fV\x5cV\xa9V\xf7WDW\x92\
W\xe0X/X}X\xcbY\x1aYiY\xb8Z\x07\
ZVZ\xa6Z\xf5[E[\x95[\xe5\x5c5\x5c\x86\
\x5c\xd6]']x]\xc9^\x1a^l^\xbd_\x0f\
_a_\xb3`\x05`W`\xaa`\xfcaOa\xa2\
a\xf5bIb\x9cb\xf0cCc\x97c\xebd@\
d\x94d\xe9e=e\x92e\xe7f=f\x92f\xe8\
g=g\x93g\xe9h?h\x96h\xeciCi\x9a\
i\xf1jHj\x9fj\xf7kOk\xa7k\xfflW\
l\xafm\x08m`m\xb9n\x12nkn\xc4o\x1e\
oxo\xd1p+p\x86p\xe0q:q\x95q\xf0\
rKr\xa6s\x01s]s\xb8t\x14tpt\xcc\
u(u\x85u\xe1v>\xffv\x9bv\xf8wVw\
\xb3x\x11xnx\xccy*y\x89y\xe7zFz\
\xa5{\x04{c{\xc2|!|\x81|\xe1}A}\
\xa1~\x01~b~\xc2\x7f#\x7f\x84\x7f\xe5\x80G\x80\
\xa8\x81\x0a\x81k\x81\xcd\x820\x82\x92\x82\xf4\x83W\x83\
\xba\x84\x1d\x84\x80\x84\xe3\x85G\x85\xab\x86\x0e\x86r\x86\
\xd7\x87;\x87\x9f\x88\x04\x88i\x88\xce\x893\x89\x99\x89\
\xfe\x8ad\x8a\xca\x8b0\x8b\x96\x8b\xfc\x8cc\x8c\xca\x8d\
1\x8d\x98\x8d\xff\x8ef\x8e\xce\x8f6\x8f\x9e\x90\x06\x90\
n\x90\xd6\x91?\x91\xa8\x92\x11\x92z\x92\xe3\x93M\x93\
\xb6\x94 \x94\x8a\x94\xf4\x95_\x95\xc9\x964\x96\x9f\x97\
\x0a\x97u\x97\xe0\x98L\x98\xb8\x99$\x99\x90\x99\xfc\x9a\
h\x9a\xd5\x9bB\x9b\xaf\x9c\x1c\x9c\x89\x9c\xf7\x9dd\x9d\
\xd2\x9e@\x9e\xae\x9f\x1d\x9f\x8b\x9f\xfa\xa0i\xa0\xd8\xa1\
G\xa1\xb6\xa2&\xa2\x96\xa3\x06\xa3v\xa3\xe6\xa4V\xa4\
\xc7\xa58\xa5\xa9\xa6\x1a\xa6\x8b\xa6\xfd\xa7n\xa7\xe0\xa8\
R\xa8\xc4\xa97\xa9\xa9\xaa\xff\x1c\xaa\x8f\xab\x02\xabu\
\xab\xe9\xac\x5c\xac\xd0\xadD\xad\xb8\xae-\xae\xa1\xaf\x16\
\xaf\x8b\xb0\x00\xb0u\xb0\xea\xb1`\xb1\xd6\xb2K\xb2\xc2\
\xb38\xb3\xae\xb4%\xb4\x9c\xb5\x13\xb5\x8a\xb6\x01\xb6y\
\xb6\xf0\xb7h\xb7\xe0\xb8Y\xb8\xd1\xb9J\xb9\xc2\xba;\
\xba\xb5\xbb.\xbb\xa7\xbc!\xbc\x9b\xbd\x15\xbd\x8f\xbe\x0a\
\xbe\x84\xbe\xff\xbfz\xbf\xf5\xc0p\xc0\xec\xc1g\xc1\xe3\
\xc2_\xc2\xdb\xc3X\xc3\xd4\xc4Q\xc4\xce\xc5K\xc5\xc8\
\xc6F\xc6\xc3\xc7A\xc7\xbf\xc8=\xc8\xbc\xc9:\xc9\xb9\
\xca8\xca\xb7\xcb6\xcb\xb6\xcc5\xcc\xb5\xcd5\xcd\xb5\
\xce6\xce\xb6\xcf7\xcf\xb8\xd09\xd0\xba\xd1<\xd1\xbe\
\xd2?\xd2\xc1\xd3D\xd3\xc6\xd4I\xd4\xcb\xd5N\xd5\xd1\
\xd6U\xd6\xd8\xd7\x5c\xd7\xe0\xd8d\xd8\xe8\xd9l\xd9\xf1\
\xdav\xda\xfb\xdb\x80\xdc\x05\xdc\x8a\xdd\x10\xdd\x96\xde\x1c\
\xde\xa2\xdf)\xdf\xaf\xe06\xe0\xbd\xe1D\xe1\xcc\xe2S\
\xe2\xdb\xe3c\xe3\xeb\xe4s\xe4\xfc\xe5\x84\xe6\x0d\xe6\x96\
\xe7\x1f\xe7\xa9\xe82\xe8\xbcT\xe9F\xe9\xd0\xea[\xea\
\xe5\xebp\xeb\xfb\xec\x86\xed\x11\xed\x9c\xee(\xee\xb4\xef\
@\xef\xcc\xf0X\xf0\xe5\xf1r\xf1\xff\xf2\x8c\xf3\x19\xf3\
\xa7\xf44\xf4\xc2\xf5P\xf5\xde\xf6m\xf6\xfb\xf7\x8a\xf8\
\x19\xf8\xa8\xf98\xf9\xc7\xfaW\xfa\xe7\xfbw\xfc\x07\xfc\
\x98\xfd)\xfd\xba\xfeK\xfe\xdc\xffm\xff\xff\x00,\x00\
\x00\x00\x00,\x01,\x01\x87\x00\x00\x00\x01\x01\x01\x02\x02\
\x02\x03\x03\x03\x04\x04\x04\x05\x05\x05\x06\x06\x06\x07\x07\x07\
\x08\x08\x08\x09\x09\x09\x0a\x0a\x0a\x0b\x0b\x0b\x0c\x0c\x0c\x0d\
\x0d\x0d\x0e\x0e\x0e\x0f\x0f\x0f\x10\x10\x10\x11\x11\x11\x12\x12\
\x12\x13\x13\x13\x14\x14\x14\x15\x15\x15\x16\x16\x16\x17\x17\x17\
\x18\x18\x18\x19\x19\x19\x1a\x1a\x1a\x1b\x1b\x1b\x1c\x1c\x1c\x1d\
\x1d\x1d\x1e\x1e\x1e\x1f\x1f\x1f   !!!\x22\x22\
\x22###$$$%%%&&&'''\
((()))***+++,,,-\
--...///00011122\
2333444555666777\
888999:::;;;<<<=\
==>>>???@@@AAABB\
BCCCDDDEEEFFFGGG\
HHHIIIJJJKKKLLLM\
MMNNNOOOPPPQQQRR\
RSSSTTTUUUVVVWWW\
XXXYYYZZZ[[[\x5c\x5c\x5c]\
]]^^^___```aaabb\
bcccdddeeefffggg\
hhhiiijjjkkklllm\
mmnnnooopppqqqrr\
rssstttuuuvvvwww\
xxxyyyzzz{{{|||}\
}}~~~\x7f\x7f\x7f\x80\x80\x80\x81\x81\x81\x82\x82\
\x82\x83\x83\x83\x84\x84\x84\x85\x85\x85\x86\x86\x86\x87\x87\x87\
\x88\x88\x88\x89\x89\x89\x8a\x8a\x8a\x8b\x8b\x8b\x8c\x8c\x8c\x8d\
\x8d\x8d\x8e\x8e\x8e\x8f\x8f\x8f\x90\x90\x90\x91\x91\x91\x92\x92\
\x92\x93\x93\x93\x94\x94\x94\x95\x95\x95\x96\x96\x96\x97\x97\x97\
\x98\x98\x98\x99\x99\x99\x9a\x9a\x9a\x9b\x9b\x9b\x9c\x9c\x9c\x9d\
\x9d\x9d\x9e\x9e\x9e\x9f\x9f\x9f\xa0\xa0\xa0\xa1\xa1\xa1\xa2\xa2\
\xa2\xa3\xa3\xa3\xa4\xa4\xa4\xa5\xa5\xa5\xa6\xa6\xa6\xa7\xa7\xa7\
\xa8\xa8\xa8\xa9\xa9\xa9\xaa\xaa\xaa\xab\xab\xab\xac\xac\xac\xad\
\xad\xad\xae\xae\xae\xaf\xaf\xaf\xb0\xb0\xb0\xb1\xb1\xb1\xb2\xb2\
\xb2\xb3\xb3\xb3\xb4\xb4\xb4\xb5\xb5\xb5\xb6\xb6\xb6\xb7\xb7\xb7\
\xb8\xb8\xb8\xb9\xb9\xb9\xba\xba\xba\xbb\xbb\xbb\xbc\xbc\xbc\xbd\
\xbd\xbd\xbe\xbe\xbe\xbf\xbf\xbf\xc0\xc0\xc0\xc1\xc1\xc1\xc2\xc2\
\xc2\xc3\xc3\xc3\xc4\xc4\xc4\xc5\xc5\xc5\xc6\xc6\xc6\xc7\xc7\xc7\
\xc8\xc8\xc8\xc9\xc9\xc9\xca\xca\xca\xcb\xcb\xcb\xcc\xcc\xcc\xcd\
\xcd\xcd\xce\xce\xce\xd0\xd0\xd0\xd1\xd1\xd1\xd2\xd2\xd2\xd3\xd3\
\xd3\xd4\xd4\xd4\xd6\xd6\xd6\xd8\xd8\xd8\xd9\xd9\xd9\xda\xda\xda\
\xdb\xdb\xdb\xdc\xdc\xdc\xdd\xdd\xdd\xde\xde\xde\xdf\xdf\xdf\xe0\
\xe0\xe0\xe1\xe1\xe1\xe2\xe2\xe2\xe3\xe3\xe3\xe4\xe4\xe4\xe5\xe5\
\xe5\xe6\xe6\xe6\xe7\xe7\xe7\xe8\xe8\xe8\xe9\xe9\xe9\xea\xea\xea\
\xeb\xeb\xeb\xec\xec\xec\xed\xed\xed\xee\xee\xee\xef\xef\xef\xf0\
\xf0\xf0\xf1\xf1\xf1\xf2\xf2\xf2\xf3\xf3\xf3\xf4\xf4\xf4\xf5\xf5\
\xf5\xf6\xf6\xf6\xf7\xf7\xf7\xf8\xf8\xf8\xf9\xf9\xf9\xfa\xfa\xfa\
\xfb\xfb\xfb\xfc\xfc\xfc\xfd\xfd\xfd\xfe\xfe\xfe\xff\xff\xff\x00\
\x00\x00\x00\x00\x00\x00\x00\x00\x08\xfe\x00\x01\x08\x1cH\xb0\
\xa0\xc1\x83\x08\x13*\x5c\xc8\xb0\xa1\xc3\x87\x10#J\x9c\
H\xb1\xa2\xc5\x8b\x183j\xdc\xc8\xb1\xa3\xc7\x8f C\
\x8a\x1cI\xb2\xa4\xc9\x93(S\xaa\x5c\xc9\xb2\xa5\xcb\x97\
0c\xca\x9cI\xb3\xa6\xcd\x9b8s\xea\xdc\xc9\xb3\xa7\
\xcf\x9f@\x83\x0a\x1dJ\xb4\xa8Q\x98\x01.&=\xca\
\xb4\xa9S\x89K\x9fJ\x9dj2*T\xaaX\xb3\xd6\
\x0c `\x00\x00\xabV\xb5\x8a\x1d\xfbq\xa9\x01\x06\x0e\
\x22P\xb8\x90A\x83\x86\x0d\x19*L\x80\xd0@\x81\x01\
\xb2x\xf36\x04k\xf0@\x04\x0c\x1b\xdc\x0a\x1e\xec6\
\xb0`\x0b\x0f\x0a\xe8]\xcc\x18!\xd7\x03\x100\x10\x9e\
LY\xf0\x86\x0d\x17\x127\xde\xac7\x00\x82\x0b\x97\xdb\
j\xc8`\xb8\xb2\xe9\xc2\x13\x14s^\x8d\xb5\xc0\x84\xd2\
\xa7cW\x86\xe0U`X\xd6\xb8s\x86%\x10A\xb4\
\xec\xdf\x949d`p;\xb7\xf1\x98I\xf9\x02X\x00\
\xba0\xf0\xe7\x849T\xb8KP\xf9\xf1\xebU\xab\x7f\
\x95\x10\x186\xf4\xefm7\xfe((\xb8\xb48\xf6\xf3\
e\x09\x0a\x90\xd0V\xb4\xf7\xef\xbf\x0dsp\x90\x1c\xbd\
\xfd\x94I\x09\xbc\x1e\xfd\x16\xbe\xff\xc1\x1b\xd0w\xdf\x80\
%%e\x80\x05\xb0\x85\xe7\xdb\x7f\xa7y\xb7\xc1\x03\x02\
|e\x1b\x81\x14j\x94\xd4\x01\x15\x98\xf6\x1e\x83\x95-\
\xc8\x81\x04\xaaMX\xe1\x88\x15\x11@\xc1e\x1c\xa6\x18\
\xdd\x03\xf5\x91\xe8\x22T\x11\xa0\xa8\xe2\x8cmq\xb0@\
\x8b/\xe6\x98\xd0R\x0c\x88\xb6\xe0\x8c\xff)h\x80y\
:\x16)\x10\x02\x92\xfd\x08$\x83pu0AmF\
\x16i\x95\x00\xfb\xc1\xd5\xdf\x92\x1cZ\xe9@\x84Q\xea\
\x18U\x00\x0f\x18\x16\x1a\x963n\xc0A\x02]v\xf9\
\x99a\xa4]I&\x87\x1cL@@\x9a.Z\x05A\
iV\xbe\xc9\xa4e\xe3\xd1\x99\xa3\x01\x14\xe8\x89\xa5|\
\x12p\xe9'\x85K9\xb0\xa1\xa0)\xc2u\xc0\xa1$\
\x9a\xb8(\xa3\xf0\xb5\xa9\x01\x07,\x0eD$\xa4\xb8\xf5\
H\xa9\x8a\x96\x16\x86\x01u\x9c\xdeG\xe5\xa4\x9f2\xc9\
@\xa9\xf7\x05p \xaa\xfe\xa9\xca\xf6\xde\x87P\xb2\x8a\
]\x8f\xb0\xc6\xda\xa0s\x85]@\xaa\xad\xd7\x85\xa9\xeb\
\x9b\x08\x00{\x5cr\x12p0,\x96\x1c\xac\xca\x90u\
!m\xda%X\x03\x10P\x80\x01\x05\x10 \x80\xb4\x13\
\x99\xa8\xec\xb2@bj\xa8B\xd0Z\xc4-\x89\xe7v\
\x85\xc0\x02\x0d\xb4\xeb\xee\xbb\x0d,\xa0\x00\x02\x05\x8c[\
\xd1\x9a\xe0\x86+\xa7C8Zg\xc0\x03\x17hp\x01\
\x05\x118\xc0@\x02!Vwn\x94\x03\x18\x90\x00\x03\
\xf0F\x1c\xb1\x03u\x15`^\x00\xdc.\xa0d\xbe\xff\
a\xf6\xe8\xb3_N\x18@\x03\x19\x84\x90B\x0c3\xd0\
@\xc3\x0c2\xcc\x90\xf2\xcb+x\xf0@\xad\xb6b\x5c\
\x80\x02\x12\xb7Kq\xce\x11\x1f<\xe7D\x10|\xcbq\
\xa3\x19\x14\xcboA\x08h\xd0\xc2\xca.\xbf\xdc4\xd3\
2\xb4\xdc\xb4\x0c(h\x90@y\x90\x06@\xc0\x02\x10\
O\xbc\xb3\xce<\xbfk\xf0\x02\x16\x93\xb7P\xd0C\xab\
\x18\x98\xd1\x0bM)\x01\x0a0\xbc,\xb5\xcbR\xcf\xdd\
\xf4\xdd,\xd3@\xc2\xfe\x02fk:by\x03 \xf0\
u\xce]\x87\x0d/\xc4\x0e8\x80@m\xe7\xa2\x9dv\
\x96EC4@\x060\xd0P\xb7\xcbL\xdf\xddr\xe6\
xc\x9e\xf2\xde\x12F)@\x02\x0d\x0c\xee5\xbc\xa6\
\x1b\xde\xee\x01\x0b;\xfex\xc7\x19|\xdc\x90\x03)\xd4\
\xc0y\xe7\xb8\xe7\xce2\xdd.\x8b\x80\xc0\xc2\xe8\x11\x80\
\x96\xea\xc4\x13\xef\xc0\x02?\x8bh\x90\xeb\xaf\xc3\xb7\x01\
\x06l+4\x00\x071\xa8\xac\xfb\xf5\xd8\xdfMC\x06\
\x18\xf7m\x9cr\x06\xb0[\xfc\xf8\x12\x17\xde\x00\x03\xbf\
vo\xa7\xd0\xcd\x7f\x07W\xf4\x06E\x08\x81\x0a\xb7g\
o\x7f\xee6\x880'\xf0\xb8\x1d0\xbc\xbb\xa9#_\
\xd8\x10w>\x83=\x0ak\x05a^\xfb\x9e\xb36\xf2\
`\xad\x03N[\x99\xe5\xeeGA\xcd\xd5\x00\x05|\xab\
\xd0\xe8\x04\xc8A\xd4\xb9\xabp\xac3\xcf\x03\xd8\xb7@\
\xe08J;\xa1\xe3\x80\xd36'\x83\xfaU\xf0z-\
\x94\x81\x0d\x5c\x00\x81\x1d\x19G\x00\x0a\x08`\x07w\xe8\
.\xd9\x85N \xfe\x1a+\xa1\xfb,\x90\xb0\x82\xa8\xd0\
i/L\xa2\xe7<g\x81\x08\xf1//\x01H\x00\xc5\
\xcc\xc7\xc3*\x96\xce\x87Q9\x00\x82\x84\xf8\x1cZ!\
\xc4\x03H\xc4\x9b\x0b\x95\xd89\xa9I\x90\x06\x148\xcf\
R\x04GE\x1dZ\xb1x\x0e\xf0\xe1@\xbc\xc5E\xe0\
t@@\x06\x81`\xe6Z\xb8\xbb>\x92\xd1~-\x5c\
\x19\x0c2\x85\x1d\x03\x84\xcd\x8do,\xdf\xf9\xce\x97<\
\x82\xc4\xa8\x8e\xbf\xe9@\x9f\x0a\xb2\x810\xfa\xf1\x8f/\
4c\x0a&i\x9c\xad%\xf2\x93bS\x80\xbd\x00\xe0\
\x00\x12B\xd22\xa39aA$\xe0\x82=b\xf2\x95\
M\xab\xc1\x08~\xc5\x9a\x01\xe4\x10\x94\x9f$ \xfc\x00\
\xa0\x00\xc9\x9cRC\x15PLT\x08P\x02\x1b@\x0d\
\x96\xc8\x9c\xc1\x0d8\x80#\xce\x1c\xa0t\xb8Ld\xd7\
(V\xc4Wm\xec\x97\x1b\x90\x00\xcd*9\xc1dz\
\xb3\x06\x15P^c\x08\x10\xcdr\x96n\x01\xb5Z\x8f\
)\x85\xb8\xa0\xc04\xeb\x87\x0f`A\x0d,\xe9ML\
\xda\xc0\x04\xbf\xfec\xcd\x01\xbeFEsr\x10q\xf0\
S@\xa8\xb8\x98'\xcbX\x80:\xf91\x811\xebY\
O\x19\xdc \x9c\xab\xf1d\xbb\xfa\xe9\xcf\x1d2\x80q\
\x00\x18\xc0\x04\xd6\xc9N\xc1\xccGd\x1aP\xd9\xe6\xc6\
\xc8\xd0\x17\xde\xe0\x04\xbb\xcc\x8b\x00\x04'\xb6\x8a\x0a0\
u\x0e\x18\x12A\x18\xf0\xcb\xc9p\x00\x03\xac\x1b\x88\x01\
\x14\xea9\x16\x96\xf4\x8f4\xb8\x81\x05\x9e\xe8\x94\x01p\
\xedp.\xad\xa2\x03DI\x10\x13\xd5\xf4J\x98j\xd1\
\x04^@\xd2\x9f\x92\xd1\x06(\xb8Zc\x10\x90\xd4r\
:\x80\x00vB\xd15\xd3\xf6\xa3\xe8\x05\xe0\x036\xb0\
jImp\x01\xefi\xc5\xa8\x88\xec*\x07\x15g\x15\
\x03d\xe8-c\xe5Xi8\x10\x81Z1@\x05i\
Uk=o@\x82\x94\x8a\xa5\x00\xff\x93k\x22\x0dF\
\xb3\x06\xf0\x8a?\xed\x13RA2@O\xc1b\xb2\x06\
/h\x00c\x9eIQ\xc5\xee0\x8eX\x0b\xc0#!\
\xdb\xbc\xee\xbc\xe5FM\x1d\x81\x0d\xecfY\xa0\xa6\xec\
\x06i\xec\xfe\x8c\x14=\x0bJ\xbaV\xa7\x00w\xcd\xd5\
\xb0\xba\x13\x81\xb08@\x9e\xad\xc5$\xe7\x1c\xca\x81Q\
\xbeu\x01q\xa5\xed\xf8\x96:\xca^\x06f\xa0C\x0b\
\x0f\x11\xed\x85\x81\xca\x06\xf7\xaa(\xd5\xcbY\x94\x0b\xca\
\x8b\x9a\xcd\x01\x5cl\x0b\x9a\x0c\xe2\x81y^7\x994\
\x88A\x0d\xf3\xf2L\xeeJ\xb3\x01\x8d\x1c\x08\x95\x84\xc8\
\x81\x06\x14\x07\x04ie\xedy)\xd8\xcd\x19\xe0\xc0\x02\
z\x99\xad{\xab\x888Z\x0e\xc45b\xca+\x96\xda\
\x03 \x08\x99\x8d\x00$\x08\xec~ay\x03\x0d\x10u\
(QL\xee\x80U\x17\xc7\x83$e=x\xd2-\x99\
\x02\x14\xa1Q. \x05\xab\x9d0\x85EP\xc4\xac\x04\
\xe0\x96\x1bVj\x02\xecU\x1f\x01D@8\xa8dT\
A\xdb\xe2,\xbfI\x08\x02K\xb3\xae\x8a\xef\x97?\xd5\
t/+8\xd4p\x8cy\xe6\x80\x19\x1b\x04k\x0fp\
K\x9bD\xdc\xb1\xc2d`\xbc\xe6\xb9\x00\x1f\x87lO\
\x11\x18\x18+I^2\x0f\x9b\x1c\x16\x04\x8e\x0c09\
~\x93\xfe\x98p\xca\x10\x0cl\x99\xcbW\xf52^\xc2\
,\xe6\x0e\x92\xb9!\x08\xb0\x00i\x05u\x99}y\x98\
 Z6/\x9c\x95X\x03\x15dp,t\xae\xf3K\
\xb5\xba\x17\xe6\xb8i\xc4\x15\x18\xaf\xdf\xca\x0c\x00\x09\x04\
y\xd0\x846\xb4m.\xec\x93\x17+Y\xd1\xa1,\x97\
v\x04\xf0\x00\x053\x08\xb5\x0b\x8b\xc0\xa51\xfd\xc2B\
\x1fZ,\x89\x065\x87K\xc7\xe8\x87\x04\xc05RV\
\x9b\x06h#\x11UW\x95\xd5}\x8c\xa12\xf1\x89\x97\
\x0c\xcb\x9a|\x8a\x83\x08\xd6l\x19\xa8\xd8\x8c\x15\x03\x12\
H\x00\xcd\x1e\xf2[A\x03\xdb~4\xb0\x01\x08\xa6\x9d\
\x15\x96\x1e\xbbx\x0f\x90\xa3\xad\xe5\xab\x80fw\x880\
\xd0v\xb2\x8f!\x92\x00\x14\xf4\xf7\xda\xd9\xc3\x81\x06\xf4\
\xd2\xdeo\x1b\xef\xcbms\xcc\x01\x1e\xf6\x00\xb5\xb0\xc5\
\x02\x13(\xd8\x02\xe8u\xe4#O\xa4\x00&\xb8\x01\xbc\
)\x88\x83\xd8\xe2e\xbb\xf6V\x1d\x03\xe2;\xee\xbeq\
\x9a\xa8\x01\x08\x81\xc2/\xb9p1\xa6\xf7\x01z\x91h\
\xc4\xfe\x99\xcc\xd4\x8a\x18\x9c%n\xfeu\xc7k\xc0\x02\
\xcd\xaa\x14\xc6#\x97\x98m\xcdE\x11N\x1b\xa4\x01+\
\xb0v\xc7qw\xd2|\x16;\x01\x0f\x88y\xce\x1c\xd0\
b\xa1\x10S\xc2;\xc7[\xcbn\xb0\x01\x9b\x0f\xc5\x90\
\x1e\x94\xb5\xf9\xa6H\xf1\xa1\xa05\xe9\xda{\x9a\x0c\x22\
\xc0\x18\xa3\xbe\xab\xb3\xb2fnS*\x802\xackN\
\x86\x85\xdd\xea\xd7\x85~E\xa7\xcf$\x01\xb53;\xde\
n\xd0\xd6q&V\xe8\xc7\xe36P\xca\xb3\x01\x95\x03\
\xbb\x06-\xe8\xf1b\x8c=\xf2\xc2\x81\xb6)IQ@\
\xdc\xe5\xae\xcc\x0f\xe8],\x06\x12z\xe1\xbc+\x15\xca\
\xfa}\xc8\x96K+\x04\xdc^\x94X\x8f\x5c\xdcD\xa9\
\x8f\x02N`=\xack\xfb\xf1x\xa9w\xcc)/N\
\xa1D%\xa4\x97W1\xcbQ\xcb\x1a\xae2\x00\xec1\
\xa6\x98a\x8f\xe2\x19\x14\x08:\xf6\xdel\xd9\xdc\xea\x06\
\xce\x1b\xc2\xfc\xd3rm\xb2q\x11?\xd5\xfe\x02\x1f\x99\
\xc2_\xe2\x0d@@*\xce\x1b\x05\xb1\x05\x045Z&\
\xfe\xee\x14\xebh`\xcb\xfa\xdd\xaf\xe5h\x80Y\x07\xb4\
\xde\x99\xdf6X\xd1\xa5\x92\x94\x0f\xc8m\xc2\xefv\x19\
[C\x86\x1b\x1c\x06\xbd\xce\x88\x03=U\xb4F\x02\x09\
b~w\xd9\xc6\x01^a}\x88\x97Q0\xb7d\x8a\
\xe3D\x90'\x10\x8a\xa7s\xfb%56\xd0\x01\xb5B\
\x80M\xe1y\x03\xb6\x00\x86B\x818\x91\x14\x0e\xd0\x02\
\x0e\xd8Z\xddd\x03\xc5\xf5C\xdfCnb\xa6\x00\x1a\
x\x13\xb7\x11E\x8b'~3P\x03\x1b\xa0\x80)(\
\x150\x87{\xb8\x84\x16\xc9\xb6\x1a\x05 \x02\xb0\x14{\
\xc2W\x03\x1a\xb0|\xe8\xf1b\x0f08\xc8'qk\
g@\xac\x91\x1c\x1c\xf0fS\x93u\xd7\xe3B\xfaE\
\x030P\x01\xcdD \x01\xf0L;c\x83\x16\xf5.\
d\x93\x1bKA\x01.0O|T\x86\xe1\x07\x85\xb9\
\xb32R#K\xf9t\x85\x042\x00\xa4\xe3O_\xf3\
\x00\xe8\x84\x1b`\x91\x00#\x80Dvs\x86\xbc\xa3;\
\x81\xe4\x02\x13\xe0V$\x12>\x8b\x953_\xa8>\xfe\
\x8dA$\x0bP\x02e\xd4\x87~\xb8\x87.c;^\
\x86@F\xb2R\xd0\xb4v\x04&S%\xa8\x1dI\xc1\
\x00'\xb0ej\xf8|/\x08\x03!`_\xa5\x22\x00\
\xfe\x03J\xfa\x97\x886d\x1b\x0e0\x02q\x93D\xe3\
\x97\x02\x15\xb0?OF\x82F\x128\xdb\xf7O\x08\x00\
V\xc7r~\x8e\xa11(\xc0\x87{\xa8\x02\x1d\xe0s\
\xf96\x15\xdc\x122\x15\xa0\x04h\xa0\x06i\x10\x8di\
\xb0\x06b0\x03eC$\xb7\x96\x00\x0a@@C\x17\
/\x06\xc0%3\xb8\x19\x04\x10e\x1c\x00\x02#`\x02\
(\xb0\x02-\x80\x02\x1fp\x01\x10p@\xb7(N\x0c\
\xb0\x01 \x00\x02\x1fP\x8f\xf5h5(t4-!\
-kt\x03o@\x0a\xdb\xb0\x0f\xfcP\x90\x06y\x90\
\xf5\x80\x0c\x90\x80\x05\x1e\x90\x81\xfb\xc8\x15\xd7r\x00\x12\
y\x00\xd92\x00\x03\x10\x8e\x88\xb2n\x93&\x10\x07p\
\x01'p\x03H\xe0\x04M0\x92$\xd9\x04\x22\xf9\x04\
EP\x03%@\x01!\xb2)'\xd7\x8f\x09!\xfe\x00\
I\xb0\x0b\xf7p\x90\x04y\x90\xfcp\x938\xc9\x0f\xe8\
\x00\x09!\xf0\x90\xb8h,A\xf9g\x16w`!\x10\
\x04&\xc9\x04%\xb9\x94LI\x92>\xb0\x01\xa8G\x89\
*\xb1)\x0cp\x06\xd5P\x90:i\x907\xb9\x95;\
i\x90\xf9\xe0\x0a9\xb0\x82\xc0\xc8)D\x05\x8e\x05\xb1\
\x00(p\x04\x22i\x92#\xe9\x04k\xd9\x94L\xe9\x04\
O`\x04&\x00\x8f\x1a\x89\x91\xfc\xf8C\x1f\x90\x08\xe9\
\x80\x93Y\xf9\x97;\xb9\x0fY\x99\x93\xca@\x05\xe2F\
\x7fB\xf9\x15\x18\x07\x014\x90\x04O\x00\x97\x90\xd9\x94\
Ji\x92K\xe0\x02\x82'2C\xc9\x12\x06\x80\x08\xf4\
\x90\x93X\xe9\x99]9\x98]i\x93\xfcp\x0dE\x80\
Bx\xe9%\x06\x81\x006\xb0\x96L \x92J9\x99\
\xaf\x19\x99%9\x99$)\x92.\xf01\xa9\x19\x11V\
\xa1\x02\xbe\xf0\x99\xa0I\x9a\xa0\xc9\x95\x81\xd9\x95\xf9\xc0\
\x07\x92\x06\x00B\xc8*\xfc\x93\x14\x190\x04\x8f\xc9\x94\
\xb6\xe9\x04\xb6\x09\x97\xd3Y\x9dM\x00\x05@\xfe\x10\x88\
\x1a\x09\x13cP\x0e\xa3\x19\x9e\xe29\x9e\x04\x99\x0b(\
\xb0\x8f\x89\x89\x9e\x1e&\x00+0\x9bM\xf9\x96lI\
\x9b%\x09\x9fm\xb9\x04#\xb0\x9cS\xf9\x00\x9c \x9a\
\xe3\xd9\x9f\xfei\x0eW\x10\x8f\xe9\xd9\x8a\x00\xf0\x00:\
\x10\x9d\xf2\x99\xa0\x0a\x0a\x056\xc0IA\xb9\x9bKQ\
\x03\xcb\x10\x9c\xfeY\xa1\xfe\xb9\x0f\x88\xd0c\xf5!\x95\
\xc0\x22\x95\x1f\x80\x04\x8fI\x9f\x0a:\xa2M\xf9\x04D\
\x00`\xde\x83\x91a\xf1\x02\xcc \x98\x14j\xa10\x1a\
\x9e\x86\x80\x8c\x03\xca\x89\x22\xd2\x01G\xf0\x04\xd4I\xa2\
<\x1a\x99P@\x04\x10U \xb8\xf8\x01\xbf\xf9\x99\xfc\
\x19\xa3HZ\x90s@\x945\x1a:\x19 \x04\xd1)\
\xa2=:\xa5\xd9\x19\x04\x12\xa0\x9e#\x01\x01\xb0\xa0\x95\
I\xda\xa5\xe1i\x06\x889\xa0\x06'\x01@\x00\x05;\
\x8a\x9dTJ\xa5Q\xc0\x03 \xa7\x12\x070\x0a\x5c\xea\
\xa5r\x8a\x93\xf1P\x05aj,`\xc1\x00<\x10\x05\
M\x10\x9bi\xfa\xa7%9\x05\x0d\x9a\x1d\xfe\x021\x09\
sz\xa8\xc5i\x0eI \xa0\x1d\xba\x14\x07\x80\x03|\
\xca\x96h\x0a\xa8$J\x9dN \x052P,\xa9\x19\
\x15r0\x0f\xc5\x89\xa8H\x9a\x95\xc7\xe0\x02\x8c*\x94\
/\x00\x05\x94J\xa9\x22i\xa9J9\x05%P\x15(\
\x80\x0cG\x0a\xaas\xca\x07MZ\x10\x18P\x04\x08\x9a\
\xaaT\x8a\x9dN\xf0\xa3\xdc)\x12\x11\x02\x09\xb3J\xab\
r\xea\x0d@0\x96Y3\x10\x03`\x03Q \xa5\xbc\
\xfa\xa7N0\x05+0'\xf8y\x11D`\x0d/j\
\xac\x88\x8a\x09\xeb\x95\x99\x87\xd2=#\xb0\x04\xd0\x1a\xad\
\x94\x8a\x01\x12\x12\x8e\x01\x00\xa7\xdc\xda\xae\xfb\xa0\x0fR\
\xb0\x9b\x9b\xb8\x00;\x10\xa9\xe6\xaa\xaa%)\x055\x80\
&\xd7J\x11`\xd0\x97\xed\x1a\xb0\xb1\xe0\x01b\x0a\x00\
*\x80\xaa}z\xaf\xe6\xea\x04Q\x00\x02\xdd\x89\x11\x0f\
`\x0b\x01;\xb1\xfc\xa0\x06\xe9\x99\x14d\x8a\xb0\x0a{\
\xafkj~\x1fq\x05\xe1@\xb1\x01{\x0a\xf3\x96\x9e\
&\x10\x9d\x93\xba\xb1i*\x97\xcc\xf4\xfe\x11\x8d \xb2\
\xdcJ\x90\xe0\x90\xac\x89)\x005 \x05*\xdb\xab\xd2\
I\x92T\xb0\x02\xa8G\x11\x18\xc0\x0b0\x1b\xb0\x16\x0b\
\xaet2\x01A\x80\xaa)\x9b\xb3j\xca\x03\x1e\xab\x14\
\x13\x22\x05\xdf0\xb4\xc6J\x90\xa20TBY\x02\xee\
\xc9\xb4\xd1*\x97\xf3vq>\x16\x00\x8a@\xb5\xed\xea\
\x0d?`\xb4i2\x038\xcb\xb5\xf7J\x05*@\x81\
\x01@\x01\xb9\xb0\xadd+\xa7g \xaf\xab\x91\xb1\x93\
\xb9\xa3l\x0b\xa8Q\xb0\x03Okr\x12r\x04\xd8\x00\
\x9cu\x9b\xa4Y\xe9\x09\xc1\xca*!\xa0\x04ny\x9b\
}\x0b\xa8\x22\x99\x01P;\x10p\xe0\xa9\xc4y\xb8^\
\x9a\x0b&`,,`\xaf|\x1b\xb9\x7fZ\x05\x04k\
!uP\x93\xc2\xa9\xb91J\x90\xd2@\x03\xc6\x02\x03\
S\xf0\x96K+\xba\x91\xf9\x9a\xadJ\x02\x19\xb1\x14\x96\
`\x93\xc5\xaa\xba\x9fZ\x903k,7K\xbb\x7fj\
\xbb\x22I\x05)\xc0\x11\x9a\xe0\xbb\xa0J\x0fM\x00,\
\xcd\xba\xb6#9\xbb\xc4[\xbbS\xfe\x10\x034\xb7\x14\
\x09 \x0b\xcc\x0b\xaa[P*K\xd1\x00=\x80\xaa\xe5\
Z\xbd\x0a:\x053\xe0t\xa2G\x0b\xdd+\xa77Y\
\x06\xc0\xf2\x00>`\xa6J\x19\xba\xe6;\xa2L\x10\x05\
>\x80\x11K\xd1\x02\x13\xda\xbe\x88\xeb\x99\xb6j+\x19\
@\x04\x08Z\xbe\xf7\x0b\x99Pp\xb6\x82k\x1b-\x90\
\x0c\x00<\xa7\x89PutR\xc0\x07\x9c\xc0=\xba\xc0\
\x0d\xbc\x14\x1b\xd0\x0b\x11\xbc\xba\x9f\x89\x06\xc0\x02\x01\xf3\
\xbb\xa3\xf6\x8b\xc1\xb4\xc9\x04P\xb0\xbf\x0d,\x10\xdb\xfb\
\xc1^\x0a\xbf\xb6\xe2\x00\xe3\x1b\x9f(,\x9f{+\x05\
\xae\xbb\x11\xa4\x00\xc3\x16\xea\xa2\xfc0\x0f\xcfk+\x04\
`\x03\xd2\x9b\xb07\x9c\xa0\x98\xaa\xbct\xeb\xc3\x9f\xfa\
\x0eJ`,F\x9c\xc4\xf8;\x92U\x90\x02`\x9b\xae\
\x00\x10\x08\xbd\xeb\xc4\x5c*\x0d5`,/0\x05$\
I\xbd(\x5c\xbf\xaf9\x05\x9d\xbb\x11v\x80\x0f\x99\xeb\
\xc5~\x99\x93\xc9\xf0\x02\xc6\xd2\x02S`\xc6IL\x9d\
\xb1i\x05\xa5+\xb8\x5c\xb2\x05\xfe\xe0\x19\x9c]\x0c\xc0\
\x04\xd9\x0a\x1d`,\xe3\xea\x96x\x8c\xc1\xee\xf9\xab\x1b\
\xb0\x11\x01\x90\x02\xc8\x00\xc7\x15\x9a\x07BI\x01IK\
\xc5\xb4\xf9\x96k\xda\xa6\x13A\x89\xeb\x1a\xa7\x94l\xa4\
\xfcP\x0fN\x80\xb7\x9c\x11\x007\x0b\x9b\x8b\x9c\xc0\x22\
9\x05-@\xc1\x15q\x06\xed0\xca\xe2\xe9\x0b\xc9\x8b\
\xca\x9b\x81\x02\x8f\x9b\x94\x9a\x0c\x97O\x00\x05MGs\
\x05\xf1\x02\xffk\xcb]\x09\x08h\x9b&\x14 \x04J\
\xdb\xca\x09\xbc\xc2\xdf\xca\x11\xa6\x80\xcc\xa3)\x05\xe9I\
\x007\xa0\xb1\xbf\x0c\x97S\xf0\x02e\xd3\x11m\x10\x0f\
\xa2l\xcb\xc2\xa0\x02\x03\x9a\x02\x1a\x8b\xc0\x09\x5c\xbfR\
\xd0\xb2)H\x03\xcd0\xc80|\x08\xb2\xcc)\x16\x00\
\x9d\xdd\x0c\xcc>\x80G\x1e\xa1\x08\xf4\xdc\xbe\x04\xd9\x0d\
g\xab\xcb\xac\xf1\xb9\xfb\xdc\x94S \x02 \x91\x14$\
@\x0c\xd6l\x90xP\xb0\x01\x00\x01?\xc0\xcd\x09\x1d\
\x059p\x99\x1c\x91\x14\x97\x1b\xd1\xc2\xc0\x025\x9a\x1c\
&\xc0\x04O\x00\xcd\xb4\xcb\xfe\xb2$a\x00\xb1\x10\xd1\
a\x80\xa5\xb6b\x009\xf0\xac\x09\xdd\x04R\x10\x03f\
U\x16T\x00\x0eM\x1c\xc1\xa5Pw\x17K\x10\x1d`\
\x04\xbb\xfa\xcbH\x80\xa2%\x91\x09\xe1\x19\xd0\x13+\x0f\
K\xb0\x915*\x03\xa0\xbb\xb5\xaeL\x05'\xd0\xaf\xb9\
{\x02\xc6\x10\xc7L=\xb1|0.\x06\x9d\xca\xb6\xd1\
\x00<\xc0\xcdT\xdd\xb7\xf0\xc9\xb070\x1e\xba\x8c\x03\
\xd1\x00\xc3:\x09\x09|\xd3/M:\x01\x17\x8d\xc2\x9c\
\xdc\x03\x81+\x12V\xc1\x04\xdc \xc8\xed\xfb\x09\x14 \
j\x89\x99\x14\xb9\xea\x96K0\xbd\xc4;\x99P \x04\
W\x8a\x12Q\xe1\x05\xe6\x00\xc3\xb1\xe0\xb0\xa8Y\xd8\xa1\
\x93\x14\x1e\x00\xa2e\xbc\xd8&i\x04\x00\xc6\xa1\x1dq\
\x85p \x0f\x11\x5c\x0c\x22}\xd9\xb7:\x10#\xe0\xb8\
H\x9c\xd2N\xa0\x04\x94Ki|-\x22~\x80\xba]\
\x0d\xaa\xd2`\x03\xd8\x18\xd6\x9bq\x1b%\xe0\xb8\xec\xac\
\xb0O\xa0\x04\x87L\xa0\xe91!V\xe0\x0d\xbe\xbb\x0f\
\xaf`\xd9\xbe\xadF\x06\xfeq\x01PJ\xbck:\xcd\
\x8e\x81\x12$\x80\x0b\xeek\xb8K\x9d\x93\xf40\x07\xab\
\xb8\xda\x09q\x003\xd0\xcb\x92;\x9fH\xbc\xaaO\xb0\
\x02\xeb7\x95M\xf5\x07\xf0\xf0\xbbGJ\x9c\xbd\xbb\x0f\
\xd1\xb0\x03\xc8M\xde\x071\x02 \xea\x96&\xac\xde)\
k\x9b\xf5\x9b\xd6&m\x04%\xab\xac\x90M\x10D@\
\x0d\x04\xf9\xe0=\x1d\xaa\xfc\xc0\x09@\x8d\x8d\xfc\xad\x91\
\x0f\xd0\x03'\x9d\xa6\xf5\xdb\x96\xbd\xac\xc26\xf0j\x9b\
\xe6\x12\xb7A\x01v\xc0\xd3\x7f\xa9\x93\xf4\xac\xe2\xfcP\
\x0cH\xf0\xb3\x17\xde\x8a\x01\x80\x01>\xd0\xa7\xae\xa9\xa0\
\xafi\xbf\xb3\x99\x03Xk\xa3\xd1\x8d\xa5\x07\xf0\x05\xd3\
\xf0\xbb\x86+\x9a:Y\x0f\xa9\x00\x03w\x99\xd9\xa5z\
\xabe\x16\x015p\xd6\x9b\x8c\xc49\xae\x04\x99e\xa3\
2A\xdb\x12\x22\x04\xbc\x80\x0f\xe4\x19\xc7XY\x0e\x89\
\xc0\x01{\xf1d?n\x87\xf1\x98\x14\x0b\xd0\x02H\xe0\
\xcb\x09\xba\x96&\x8aO\x1bZ\x1cgN.\x8a\x09\x00\
'\xa0\x06\xa0`\x0d\xfe\xfa\xf0\xdd\x06\xe9\x0e\xc3\xc0\x08\
M\x80\xdd\xfb\xbd\xcc\x17\xbe\x14\xa4\x06\x021 \x04R\
\x9e\x94\xd4\xf9\x03.\xf0\x01\xa6\x88\x8b\xc9\xd1\x22u\xae\
\xe0\x9a\xf2\x00E\xa0\x07\xb3\x10\x0d\xd2 \x0d\xd1\x10\x0d\
\xd0@\x0d\xc9\xd0\x09e\xc0\x02\xe1\xcc\xa4\x00\x90\x00-\
`\x05l@\x8d[@\x05J@\x049\xe0pM\x1a\
\xa6by`\x15@\x02)\xd0\xeb\xbe\x9e\x02$\xf0$\
\xd7\xa1\xe5\x02\x91\x01H\x00\x07\x99@\x0c\xdf@\x0e\xe3\
\xd0\xec\xce>\x0e\xe2@\x0e\xe0\xb0\x0b\x82\xa0\x04\x8f\xfd\
\xb0\x97\x0e\x14\x0aP\x02;0\x04G\xb0\x04Qp\x05\
]\x10\x06V\x80\x047`\x02,\xa9l/r\x85:\
\x00\x0a\xdcP\x0e\xcf.\x0e\xcf\xce\xec\xd1\xce\xec\xcdN\
\x0e\xe4\x10\x0c\x87\x80\xbd\xb9\x8e\x1d'g\x00\x1c\x90\x03\
UP\x06fP\x06g`\x06\x08\x9f\xf0g@\xf0\x08\
\x8f\x06]\x00\x04\x18\xb0-\xb7\x98\xed\xa17\x10\x14`\
\x06\xc4`\x0e\xf4>\xef\xd0\xde\xec\xf2\xfe\xec O\x0e\
\xe7\xd0\x0aa\xf9\xfe\x22!\xd0\x04\x06\x9f\xf0\x09\xcf\xf0\
*\x7f\xf0f\xb0\xf0\x07\xaf\x06X\x00\x03}\xd2\xef9\
\xe2\x02\x96\x90\x0d\xe5\xc0\xec\xe4\xf0\xf1\xf5\xce\xf1 \xef\
\xf1\xe3\xd0\xf3C\x8f\x0e\xb1\xe0\x03\x88h\xe8c\x81#\
 0\x05\x07\x9f\xf2*\x1f\xf5\x08\xbf\xf0\x08_\x06,\
o\x06h@\x06I\xb0m\x0f\xfb7\x00@\x00up\
\x0d\xe8\xe0\xf1\xf2n\xefA\x0f\xf2e\x1f\xef\xf6\x8e\xef\
\xeaP\x0b@\xf0\x92bM\x10\x1f0\x05hp\xf5W\
\xff\xf2Q\xcf\xf2O\xef\xf2)\xaf\x06O\x10\xa4\xaa\x09\
\x03\xb2p\x0efo\xf6@\x7f\xf6\x1fO\xf4D\xef\xec\
\xe2`\x0e\xeaP\x08\x5c\x87\x1d\x1c \x05T\x7f\xf0.\
\xbf\xf7R\x9f\xf9W\xef\xf2XO\x063\xe0\x8b92\
\x00nP\x0d\xe7\x80\xf6C\x7f\xf6\xf8\xfe\xf1\xf3\xce\xf3\
\xd1.\xef\xd1.\xf4\xef\x10\x0b\xb9\x1c\xf7_1\x03b\
P\xf7\x9c\x1f\xf5T\x9f\xf9RO\xf5P\x9f\xf0k0\
\x05\xe8J\xf1>\x81\x02\xad\x80\x0e\x86\x1f\xf4\xc9\x7f\xf6\
\xcc\xdf\xf1!\xfe\x9f\x0e\xd1\xc0\x04\xb9a\x00@p\x06\
O\x9f\xf9\x97\xcf\xfbR\xcf\xf0|\x7f\xf9\x0b\x8f\x03\xf8\
\xe6\xef\x00\xc0\x03\xc3\xb0\x0e\x1d\xbf\xf8\xcd\x9f\xfe\xea\x7f\
\xef\xaf\x7f\x0e\xe5@\x07hB\xfc)\x01\x01N\xb0\x06\
\xbb\xaf\xfd\xf8\x9f\xff\xbc\xdf\x06E\xe0r\x04b\x03\x00\
\xf1\x8b\xdd\xb8q\xe4\xc6\x89#\x98P\xe1B\x86\x0d\x1d\
.$\xe7\xee\x92\x06\x00\x02\x00\x5c\x0cpQ\xe3F\x8e\
\x1d=~\x04\x19R\xe4\xc8\x8d\x19/~\xc8\x92\xe6\x8c\
\x19\x96-]\xbe\x84\x19Sf\xcc6E\x18\x000I\
R\xe7N\x9e=}~\x0c\xf0BW\xbb\x83\x07\x0d>\
D\x9a\x14\xa9Az\x81\x14\xfc\x84\x1aU\xaaF\x93\x01\
P\x80As\xa6\xccL\xae]g\x96\xd1\xca\xb2\x0d\x91\
\xa7\x18\xa7\x9eE\x9b\xf6b\x0a[D\x0b\x16D\x88P\
\xe9\x5c\x87\xe2\x8e\x16%\xd7N\x8dZ\xbe}\xa9vH\
\xb9\xd5\xeb`\xc2,\xc1\xb6l3d\x01U\xbf\x8d\x1d\
s$Q\xcb]Q\xb8t-7\xb4\xdb\xd0\xdc\xb8+\
\x8f=\xf7\xfe\xcc\x08\x01\xca\x1a\x96+[\x9a.\x9c\xfa\
\xb4\x19\xc1f\xd8\x04)\xfbY\xb6Z\x0a\xa6\x88\x22<\
j0\xf3e\xde\xb8\x0d\x92\x93\x9b\x8e\x1a\x91\xd9\xc5A\
\x160B\xfa\xb0j\xe60\x05\x875\xd3&\x87\x01\xe3\
\xd5\xa1\xde!\xb7\xb9!\xf0\xbb\xbc\xe7\xea\xb6k\x97{\
\xbb^1\xac\x9f\xe7\x91\xd5\x0c\xf4\xe6\xed\x0d\xb36}\
\x06\x0d\x89\xf3\xf5I\xf6 \xb6n{B\xb9\xde\xfd\xf3\
\x1fg\x9eJ*\xb0o6\x18\xc6@\xc30\xd4\xdcc\
\xd0%5\xa0\x98\xa0@\x099\x1a \x93w\x08\xea\xee\
?\x0d\x19:\xca\x1ct\xa4\x98\xf0\xb1\x0d\xb0Hc\xbd\
\x06O\x8c\xc9\x8d\x1b\x06\x08\xb1\xbe\x9c\xca\xd8\xe6\x1c\xe0\
6\xa4\x11\xb3\xa3\xe2\x11\xc5\x03\xc6Z\xfc)\xa7\x8bz\
X\x03:\xf6Pd\xf0\x0c\xadB0\x8b\xc7\xe22b\
\xcb\xad\xcaj\x84R\xa1r\xde\xf1\x22\xa3\xaapR\xd2\
\xa7\x00< \xb15#\x89$r\x0d&$\xc8\xd2\xb3\
\x9cLJd\x1d\xddf\x8c\xb2M\xbb\xde\x81\xe5\x04,\
\x93,\xfeS\xa43\x7f`\xc3%\xad\x16\x04\x939\xd4\
\xdc\x80\xa1\xce\xe2d\xd8\x85\x9d\xcc\xc4\xeb\xaf\xcd\x0d\xb9\
\x93\xa7\x0cA{\x04\xe0\x83-T\x82\x89\xcf>\x9b[\
\xe3\x092\x1fu,\xa34\xbe\xd9,3\xee\x14\x85\xd2\
 vvq\x81NNA2)\x88<]Z\xee\xd2\
\xf6LCC\x8d\x11V\xf5\xcbJN\xe2Y(<R\
\xfd\x1b\x95;r\xe8\xc1bN\x5cE\x0aa\x8b\x04\xdf\
\x93\xf5D\xb0\xcap\xc3\x87\x03\x8e\xedk\x87`\xf4\xeb\
\xf5\xd7\xff~#\x08\xa1z\x12q\x80\xda\x91r\xa0\xb4\
\xb4f\x9d\x05K\x0d,0\x10\xf7,\x93\xee8\xa7\x1c\
m\xe7\x1d\xa7\x9dYRH\xcbG\xa0<\xd2W\xcb\x02\
\x90x\xf5\x5c\x14\x05\xdb\xea\x0d\x16vl\xf7\xa7\x07H\
\xb9\x90^m\xcd)\xa7\x09%\xfb%)\x00\x0c\xaaP\
\xc3R\x81Ol\xe3\x88\x06TMX\xa7\x8c\x92X\x06\
[\x87\x7f\xc5\xc7\x0d\x90!eu$\x8aIZ\x01\xab\
X7np%4\xc0\xe8 \x00\x9dC\xfeI\x0do\
\xe4\xfe=\x99Tqp\xd41\xaa~_F\xb8$c\
y\xfa\xa1\x8d/i\xee\xb3\x0d\x13\x96\xe6y'B\xe0\
\x01:h7\xd5if\x87\x5c\x1b\x08\xc1\x86$\xa8@\
B\x06\x10\x1a\xb0h\xe5\x9f\x14h\x82\x8d\x99\xa1>\x11\
\x8e@\xab\xd6r\x92y\xb4\xd6\xd6\x9eb\x91v\xf9\xa2\
\x12\xc00D\x13Vf!\xbcp\xc2ii%\x14F\
\xba\x00\x81o\x9d8\xb8B\xa5\xd6\xe0v/,7t\
(\x80\xee\x9e\x10\x08E\x1e\xbc\x15\xb5\x8b\x1f-\xac\x04\
\xad\x22\x12\xc4\xe8\x84\x16\xc3WW}\x16YTW\xfd\
\x16N\xc8(\x81E\xa8J\xe8\xa2D\xca\xc1\xac\xe9&\
\xcdE>\xa1\x16'?\x8fr\x1f/\xa0\xda@\x0cO\
Zw}u\xe7W\x97\x85\xf0[>9c\x83\x9f^\
 \x03\x8d\xc9woN\xb05\xa4\xa0\xe0\xf7\x9dr\x08\
f \xe2\xdb\xbc\x87\x8f\xccw\x0a\xe0\x812V\xb1\xa5\
\xf9\xe7\xe7\xa7\xdf\x96W\xc2\x08\xb7\xef\x8b\xb0\xd7\x98\xfb\
\xe6\xd2\xe0\x82\xf5\xc4\x17\x12\x93(\x81\x19\xe98_\xa9\
\xfe\xc6\x91\xbe\xf5\xa9\xad*H\x08\x05.\x0aG\x8b\xe8\
\xd1\x8f~\x15\xac\xe0,r\xd1\x89\x22PG_W\xd2\
\xc8\x81\xfa\xe7?\xd5h\x0f\x04\x03$\x09\x1a\xbcq\x8e\
\x04\xd6\xc8 \xf58\x84\x02|D:\x1f\xad\xe0\x11\xb6\
\x80]\xf4`gA\x0bFO\x16\x15\xa4\x85.\x1e\x91\
\xaa3Q-\x008\xc8\xd8\xf6H\xc8\x1c4\x8c\xe1\x03\
(\xb4\x93\x12\x96\xa1\x8e\x16\xd2\xc8.\xf2\xe0\x84\xf5H\
\xe7\x11\x03\xa4\xe1u\x14\x94\x1f\x0fy\xf8\xbaX\xa8\xce\
\x87\xb3\xa0\x05.\xc2\x90\x00~\xe5\xc4\x07m0\xd7\x12\
\xdb\x83\x062|\xc0q\xbf3I\x12\x9a\x81\xc0*j\
\xc8 \xf3\xd8\x04E\x8cx\x91\x07\xe4\x01\x17\xb5p\x1d\
\xf30(F\xfa\xb5.\x87\x84\xf3E\x1c \xc0\x98\x9d\
i\xa4irlP\x13\x9f\x08\xc5\x90\x10\xe1\x18&\xeb\
\xe3\x7f\xe6a\x89\xf0\xd1\xc9$\x1a8\x84.2\xc8H\
V\xfep\x87\x87C\xa3,|1\x08A\xce\x10'=\
\x80c\x19\x94\x88\xc9\xc1\x00P\x90\x9c\xec\x08\x93n\xfe\
1\xbcPz\xc7\x1e{(\xc0\xcbB\xf0\x88\x5c\xbc\x12\
z\xac\xb4\xa0#\x09\xf7:\xc2\xed\x22\x12%P\x9aF\
f\xf04^2G\x0dT \x100?\xd2\xa4bj\
h\x1fa\x00\x09\x0c4!A\xd6Ms\x95\xd0|\x1e\
\xf3\xd0h\xb8\x5cp\x22U\x08K\x01\x18F\xd8\xcd\x99\
\x9ca\x0d\xe0\x14'\xbf>\x00\x0bw$\xaa\x9ct)\
\x07<\xa6\x10L\x00\xd8\x80\x13\xba\x80gD\xe1\x99\x8b\
O\xb0\xc0\x96 \xd0\x82\xee\xf8I\x18\xad|3\x9c\x01\
\xe5\x08\xe7xuP\xde\xa4C\x1bE\xa0$\x00*`\
\x88^\xbcS\xa2/\x8d\xa7/\xfc`\x81\x19F@\x0a\
\x92\xdb'/'\x07\x965 \xe1c \xdd\x91#x\
\x95!\x92\x22\x85\x1d\xc1\x90\x81G\xd8\xd0L\x986\xb5\
\x87\xc0\xf0\x82\xed4\x82\x80$\xb8-\xa7\xdd\xdc\x0a\xc1\
\xe0 \x83;B\xd1\x0b\xd8@\x87A\x8bZ\x97w\xb4\
\x02\x9b\xc6j\x02+l\xe1R\xa7\xb6u\x16\xb5\x90\xc5\
\x0f:2\x048\x9ah\xa32y\x96|\xce@\xfe\x9f\
\xae\x0e\xb0\x06\xbd0\xdfX\x93B\x0ey4b\x92\x1b\
Q\x81% *O\xb76v\x17\x96\x90\xd3Ft\x10\
\xb0\xbb\xc6dO,\xf9\xa6\x05\x80\xfa\x11M\xc8\x83\xa8\
\x82]H9\xe2A\x85\x90\xeea\x17\xd3llj\x9b\
\xf7\x0b9L\xd2$\x18\xd5hec\x92\xd56\x04\x01\
\x01\x9bU\x15\x1e\xe2\x05Z\xa4\xb4C\x17\x073\xcb\x16\
h\x81\xc8X\xaa\xb6\xb1\xb2\xa8\x85/\x96@\x95\x7fQ\
V\xb6/\x09\x0b\x1cZ\xd0\xd7\x01f\xa4\x08\xc9\xa0\x22\
o\x1db\x0f?L\x0bK\x18H\x04/0\xc8X\xe3\
\xc2\xf3\x95\xbd\x08D\x06\xe6$\x03n>\x17&\x9a\xc4\
m61\xb0\x8a\x86aH\x1cb\xedcw\xcca\x0e\
\x89\x91\x0e\x0a\xad\xc0\xe14\xc9[\xde\x88F\xaf\x16\xb7\
\x90+\x96,0\x85\x8c]\xd6\xae\xfc\x9c\x1c\x1b\x94\xf0\
\x80\xf8fS\x0f\xf1\x92\x0b~\x8b\x99\xe1w\xb0\x82\x04\
9A\x80\x1fz\xc1<0\x12\xd8\xad\xc0\xa8\x03\x04H\
\x17\x04\xe5h\xcfDW\x85\xdb\x82\xd6\x80\xaf\xfe\x0a/\
-x\xb7\xe1\x8e\x86[\xe8\xabq\xe0\x03\x0e\x1c\xf9\xc1\
(\xd8\x09K\x13K\xb4\xc4\x84\xb3\xdf\x0d6\x92\x82/\
de+C\xaa,\x1b\x92p\xd8\x1as\x04\x0e\xe1\xd0\
\x0e9\xc21\xd6\x1c\xab\xe3\x19<\xe0\xc8\x1c|A\xcd\
y\x16\xb9\xa9\x14\xa4`0\xcep[\x9c$`\x09\xa4\
\x811\x09\xc1\xe2\xcf\xa9Q\x17\x85&\xe9\xc0+\xdc1\
#r\xb0i\xc3\x09!\xc7<T\x96\x13\x18`\x82\xa9\
\xed4\xf3K_w\x8bQ\x98G#(\xf0\xc2\xb2\xdc\
\xcb\x126x\xcc\xceP4\xc9\x1a~\xf6Y\x92\xc6\xe3\
\x14\xb7\x9a\x93\x18\x0em\xc6D\x9f\xb9p\xc5p\x82E\
v\xe6\x035\x98+\xce\x94;C\x1a\xcez\xe9\xea^\
d\x02\xa8\xa8/h\xcf\x01\x0e'\x98%#x\xf0E\
\xe1t\xa8\xc3RC\xf3u\xc4\x0eF\x1a\xd8\xa8\x11\xd1\
$q%P\xc6d\x1b\x8c\xb0\x00Z\x8b\xf3\x0b\xd7`\
!h\xc9a\x0f@\xb0Y#\x178\x04/\xca\x5cl\
\x98\xae\xb2\x17\x85\xe0\x00GT\x80\x95W\xfeSN\x0d\
\x01\xacv@\x07Q\x0ey\xe1f7\x09\xe4\x16y\xe6\
\xb6\x11\x19\xac\x93\xdc\xc6\xcd\x05(\xee\xb9\x11!\x90\x06\
\x93+\xc9*K\xb47\xb5*\xdb\xa9\x00\x97\x18Hw\
\xd6\xa45{c\x88\x1dZPUZo\xc1\xd6\x7f\xbf\
\xd4\x16\xbb\x08\xc2\xd2(\xc0`\xcb\xea\xb2\xdd\xcdY\x90\
?\xcd\x13o\x90Z\xe0\x14\x05\x05P\xb78]\xa3\x0c\
\xcb\xbc \xeb`C\xda\x8c\x95\x86^t\xdc\xb8\xc5(\
\xd6\xd2:@\xa2\xd5\xc0\x8af\x93k\x03\x0f\x0c\xc0r\
`\xe6\x84\x05\xb9\xb8\x0d\xa0\xbb5\xafQI\x89\x1dr\
 \x00\xc2\x08\xb0\x87`\xfb<\xb5\xc0\x98\xc3a\xcf\xc4\
\x01\x12\x99\xe6\xc9\xac\xd9\xa5\xac\xb6\x22a\x0ag\xb3\xe1\
 1B2\xd2\x91\x1b\xa9\xd3kF\xe2yG\x1e\xbc\
\xbb4\x0f8B\xbc^w+-\xac\x09j\xa1\x13\xfd\
0yM;\x8a\xcc\xae\xae\x0b$i\x8bo\xe7\x88I\
\xb20\x0dt<I\xc7\x0a\x14\x16<\xfc\x80\x80\x97\x81\
\xc0\x11\x87\x06\xbcSw1\x89:{\xfed\xe8\xad~\
\x0e\xe5\xca\xd0\x86%P\xd9XL\xc7\xf4En\xd0\x8b\
\xec\xbe\x05o\xe4\x80\x87 |\xf7\x91\x104B\xdc\xa1\
o\xeb\xe8\xb1\xb9E\x9d\x0f\xbdDy\xdd\x98i\xd4\xb0\
\x83\x03\xc0>\xa0\x14\xb3\xc0&\xcc1sR\xf5\xd9\x1c\
\xdfx\xc3\xb2\x93\x06\x00\xcf\x9f\x16\xf8\xa2\xa7D\x09\x8a\
\xc8\x11\x09,\xa1\xbd\x1b\xd3\x9e\x0b*\x09\xf9\xa8\xdc\x81\
\x1b\xd3\xaf;C\xfaC\xf7\xcb\xb4\x03\x175 I\x08\
\x1c\xe1\xfd\xef\xc3\x94\x17\x938+\x91h\x81/\x88\x0f\
\xd6\xd0\x93\xc4\xeb\x8a\x05\x01\xa0Mz<\xf6\xf3\x09&\
\x98\x22\x0c\x89?\x880\x8a\xcb0\x07q\xc8\x83\x8f\xb9\
#\xcf\xfb\xbd\xfe{\xa9]\x90\x84\x00\x14\x09\x07P\x02\
\xf5\xa8\x14\xd4\xf0\x92\xc20\x92#h\xbb\x06t@\x9f\
\xf0\x80D\xc0\x86\xcd\x908\x0d\x9b\xb9\x0ci\x07_\x00\
\xb3\x9d\xd0\xbf\xd3\xe28\x0f\xb4 ]\x00\xc0\xae\xca\x08\
\x14\xc8\x1d=\xe1\x8a\xfeA\xb8=9\x83#\x88\x90\x17\
\xcc\x97\x8b\xc8\x00A\xb8\x86\xe9\xcb\xfe0\x89S\x88D\
\xc9\x8d\xfeH\x07gx\x83't\x1c+\xf9\x80\xfd\x03\
\xc2\x97\xe2\x85H\x10\x01\x91i3\x17\xb8\x02#\x99\x1c\
>\xb9*#I\x02\x0a8\x1a(\x9c\x8a\x8c\xc0\x80>\
\xa0\x86\xb0R\x88\xee\xc8\x9a\x87\x00\x0eV0\x82\xa5\xa3\
\x1a\x91x\x80A\xe8\xb9\x01+C\xfa\xf9\x05;\x88\x10\
Z\xbb\x80\x1f\xc0\x8aY\x19\x83#\xd0\xac\x1d\x01!;\
\x14\x99-\xb2\x92\x0b@\x03Y\xe0\x86\xbb\xe0\x96\xfe\xb8\
\xaf\xee8\x87h\x08\x844\xc4\x92\xf1\x1b\x898\xf8\x85\
E\x8c\xa8a\xe0\x82B\xb4\x93\xa9:\x01'\x18\x83\xd3\
 \x98\x059\x8c(\xa8\x81\x0b\xc8:\x86R\x1bM\xe4\
\x89-Z\x80\x1c\x88\x83V\xc0\x86s\x90\x0b\xddx\x8b\
r\xf0\x86`\xb0\x047\xe0\x81\xc5x=\xb7\x0b\x89,\
\x18\xae\x1f\x84\xc5\xd5\x19\x06\xe2\x18FL4\x22\x06\xe8\
\x00\x17\xf0\x01(\xf8\x821\xe8\x02,\x98\x82'H\x02\
#\xd0\x81\x0f\xf0.\x22$F5\xd4\x09\x04\x88\x01(\
\xa0\x02.(\x835\xa0\x03?\xfe\xb0\x03*@\x01\xea\
h\x99L\x14\x09\x1f\x10\x85!\xebF\x0b\xc2\x05T\x98\
\x81p\xa4\xc5\xc83\x1al\xacG(\x12\x81G\xf0>\
E\xecF\xd5\xe1\x85F@\x92\x88\xac\xc8\x90\xec\x91\x00\
 \x00>\xe8:\xc3\xe1F\xaf#\xaf_\xa0\x03\xd7\x13\
\xc9\x97D\x8b4x\xc5\x85\x9c \xe7\xa1\x05\xa0\x83\xc9\
\x9cL\x0b$0\x05\x85\xa4I\xc3\xd9F\x1d\xd0\xc9\xa1\
\x94\x8a\x06@\xc4\x9f\x1c\xb7i\xfa\x05=(%\xa2t\
\xca\x9e\xa0\x02X\x88\x9f\x94\x04>2\xab\x85]@)\
\xe7{\xca\x90\xdc\x80E\xd0\x05\x8d\xec?Z\x10\xcb\xe8\
\xe1\x85D(\x9a\xadDK\x02\xba\x881\x182\xaa\xfc\
>a\x88\x82UL\xcb\xb9L)\x008\x81I\x80(\
\x01\xeb\xc6\xe8\xd1\x05L@\x01\xba\x04\xcc9\xd9\x226\
\xe0\x050:2 \xac\xa0a\x00\x03\xa9\x0a\xcc\xb4\xb4\
\xa5\xbb\xfcJ\x1f\x02\xcb\x8e\xa3\xa6\xc1kL\xba\xa4!\
\xb3@\x02T\xb8\x05a\x03B3\xba\x05W\xd8\xc1\xcb\
\xbcL\xd29\x83\xf8\xd9\xc8\xfe\xe4\x0a:\xd2\x0c\xcc+\
\x09\x00\x07 \x84\x0e\xfc\xccY\xf0\x05>\xb8D\xd6l\
M\x8e\x80\x81L\xc8\x05X\xcc\x05O8\x18\xad\xc4M\
\xc8sA)P\xab2<\xb0\xac\x1c\xce\xe5\x04\x00/\
x\x05\xe2*\xb3\xc9T4\xcf4\x9c\xb5b\x02\xe1d\
\xce\x8a\x8c\x02U@\xcdyr\xcb\x88:\xcc\xc2\xb1\x05\
W\x10\x02\xec\xcc\xce\x17\x9c\xa1 \x18\x85[\x08\xcf\xd4\
\xa2 2+3\x5c \x85\x1c8\xcf\xfa\x04\x00\x1a\xe0\
\x84f\x82\xcf\x9a\x9cN\xef\x5c\x1d]\xf8\x84}sA\
\xfbl\xcc\x14\xc0\xcbD#5Y\xe0\x05H`\xb8\xed\
#\xd0\xadtA\x08@\x83V\xa8\x05Rs+2\xfb\
\xa2Z\x88\x050h\xc1\x07\xc5\xcd~)\x81A@#\
\xe9d\xa4#\xa3\x85[\xf0\x83\xb3\xf4\xd0\xd2\xb4\x93\x1a\
\xa8\x04\x5chO\xf32\x9c]\xb8\x04\x1bX\xd1\x1b\xc5\
\x88\x02X\x82O\xf0I\x94\xec!\xc3\xa9\x85P\x80\x82\
\xd8\xc0Q\x02\xbd\x12\x010\x810\xf8\x04\xfe\xb4P\xc9\
\x94\x1fZ\xb0\x85M y\x83\x11\xd0\xb9\x22\xb5R,\
\x01\x81-\xb0\x84cs) \xb2\x05L\xf0\x82\x10\x18\
\xd0+\xb5O\xa4\x81\x00\x11\xa8\x01#\xb8\x825\xf8\x83\
F\x18\x846\xc8\x82\x22\x88\x01\x0f\xb0F\x90$\xd32\
\xdd\x97<\xa5\xc8;]Q\xa4\xf9 ~\xe1S+u\
M\x07\x95\xcb@5T{\xb4\xd3CU\xd4Ee\xd4\
Fu\xd4G\x85\xd4H\x95\xd4I\xa5\xd4J\xb5\xd4K\
\xc5\xd4L\xd5\xd4M\xe5\xd4N\xf5\xd4O\x05\xd5\x16\x09\
\x08\x00!\xf9\x04\x08\x08\x00\x00\x00!\xff\x0bMGK\
8BIM0000\xff8BIM\x04%\x00\
\x00\x00\x00\x00\x10\x00\x00\x00\x00\x00\x00\x00\x00\x00\x00\x00\
\x00\x00\x00\x00\x008BIM\x04:\x00\x00\x00\x00\x00\
\xad\x00\x00\x00\x10\x00\x00\x00\x01\x00\x00\x00\x00\x00\x0bp\
rintOutput\x00\x00\x00\x04\x00\x00\
\x00\x00PstSbool\x01\x00\x00\x00\x00I\
nteenum\x00\x00\x00\x00Inte\x00\
\x00\x00\x00Clrm\x00\x00\x00\x0fprint\
SixteenBitbool\x00\x00\
\x00\x00\x0bprinterNameTE\
XT\x00\x00\x00\x1c\x00B\x00r\x00o\x00t\x00h\
\x00e\x00r\x00 \x00M\x00F\x00C\x00-\x00J\
\x006\x007\x001\x000\x00D\x00W\x00 \x00P\
\x00r\x00i\x00n\x00t\x00e\x00r\x00\x00\x008\
BIM\x04;\x00\x00\x00\x00\x01\xb2\x00\x00\x00\x10\x00\
\x00\x00\x01\x00\x00\x00\x00\x00\x12printOu\
tputOpti\xffons\x00\x00\x00\x12\
\x00\x00\x00\x00Cptnbool\x00\x00\x00\x00\
\x00Clbrbool\x00\x00\x00\x00\x00Rg\
sMbool\x00\x00\x00\x00\x00CrnCb\
ool\x00\x00\x00\x00\x00CntCbool\
\x00\x00\x00\x00\x00Lblsbool\x00\x00\x00\
\x00\x00Ngtvbool\x00\x00\x00\x00\x00E\
mlDbool\x00\x00\x00\x00\x00Intr\
bool\x00\x00\x00\x00\x00BckgObj\
c\x00\x00\x00\x01\x00\x00\x00\x00\x00\x00RGBC\x00\
\x00\x00\x03\x00\x00\x00\x00Rd  doub@\
o\xe0\x00\x00\x00\x00\x00\x00\x00\x00\x00Grn d\
oub@o\xe0\x00\x00\x00\x00\x00\x00\x00\x00\x00B\
l  doub@o\xe0\x00\x00\x00\x00\x00\x00\
\x00\x00\x00BrdTUntF#Rlt\x00\
\x00\x00\x00\x00\x00\x00\x00\x00\x00\x00\x00Bld U\
ntF#Rlt\x00\xff\x00\x00\x00\x00\x00\x00\x00\
\x00\x00\x00\x00RsltUntF#Pxl\
@X\x1f\xa7\x80\x00\x00\x00\x00\x00\x00\x0avect\
orDatabool\x01\x00\x00\x00\x00P\
gPsenum\x00\x00\x00\x00PgPs\x00\
\x00\x00\x00PgPC\x00\x00\x00\x00LeftU\
ntF#Rlt\x00\x00\x00\x00\x00\x00\x00\x00\x00\
\x00\x00\x00Top UntF#Rlt\x00\
\x00\x00\x00\x00\x00\x00\x00\x00\x00\x00\x00Scl U\
ntF#Prc@Y\x00\x00\x00\x00\x00\x008\
BIM\x03\xed\x00\x00\x00\x00\x00\x10\x00`~\x9e\x00\
\x01\x00\x02\x00`~\x9e\x00\x01\x00\x028BIM\x04\
&\x00\x00\x00\x00\x00\x0e\x00\x00\x00\x00\x00\x00\x00\x00\x00\
\x00?\x80\x00\x008BIM\x04\x0d\x00\x00\x00\x00\x00\
\x04\x00\x00\x00x8BIM\x04\x19\x00\x00\x00\x00\x00\
\x04\x00\x00\x00\x1e8BIM\x03\xf3\x00\x00\x00\x00\x00\
\x09\x00\x00\x00\x00\x00\x00\x00\xff\x00\x01\x008BIM\
'\x10\x00\x00\x00\x00\x00\x0a\x00\x01\x00\x00\x00\x00\x00\x00\
\x00\x028BIM\x03\xf5\x00\x00\x00\x00\x00H\x00/\
ff\x00\x01\x00lff\x00\x06\x00\x00\x00\x00\x00\x01\
\x00/ff\x00\x01\x00\xa1\x99\x9a\x00\x06\x00\x00\x00\x00\
\x00\x01\x002\x00\x00\x00\x01\x00Z\x00\x00\x00\x06\x00\x00\
\x00\x00\x00\x01\x005\x00\x00\x00\x01\x00-\x00\x00\x00\x06\
\x00\x00\x00\x00\x00\x018BIM\x03\xf8\x00\x00\x00\x00\
\x00p\x00\x00\xff\xff\xff\xff\xff\xff\xff\xff\xff\xff\xff\xff\
\xff\xff\xff\xff\xff\xff\xff\xff\xff\xff\x03\xe8\x00\x00\x00\x00\
\xff\xff\xff\xff\xff\xff\xff\xff\xff\xff\xff\xff\xff\xff\xff\xff\
\xff\xff\xff\xff\xff\xff\x03\xe8\x00\x00\x00\x00\xff\xff\xff\xff\
\xff\xff\xff\xff\xff\xff\xff\xff\xff\xff\xff\xff\xff\xff\xff\xff\
\xff\xff\x03\xe8\x00\x00\x00\x00\xff\xff\xff\xff\xff\xff\xff\xff\
\xff\xff\xff\xff\xff\xff\xff\xff\xff\xff\xff\xff\xff\xff\x03\xe8\
\x00\x008BIM\x04\x00\x00\x00\x00\x00\x00\x02\x00\x09\
8BIM\x04\x02\x00\x00\xff\x00\x00\x00\x16\x00\x00\x00\
\x00\x00\x00\x00\x00\x00\x00\x00\x00\x00\x00\x00\x00\x00\x00\x00\
\x00\x00\x008BIM\x040\x00\x00\x00\x00\x00\x0b\x01\
\x01\x01\x01\x01\x01\x01\x01\x01\x01\x01\x008BIM\x04\
-\x00\x00\x00\x00\x00\x06\x00\x01\x00\x00\x00%8BI\
M\x04\x08\x00\x00\x00\x00\x00\x10\x00\x00\x00\x01\x00\x00\x02\
@\x00\x00\x02@\x00\x00\x00\x008BIM\x04\x1e\x00\
\x00\x00\x00\x00\x04\x00\x00\x00\x008BIM\x04\x1a\x00\
\x00\x00\x00\x03K\x00\x00\x00\x06\x00\x00\x00\x00\x00\x00\x00\
\x00\x00\x00\x01,\x00\x00\x01,\x00\x00\x00\x0b\x00N\x00\
a\x00m\x00n\x00l\x00\xf6\x00s\x00t\x00-\x00\
1\x003\x00\x00\x00\x01\x00\x00\x00\x00\x00\x00\x00\x00\x00\
\x00\x00\x00\x00\x00\x00\x00\x00\x00\x00\x01\x00\x00\x00\x00\x00\
\x00\x00\x00\x00\x00\x01,\x00\x00\x01,\x00\x00\x00\x00\x00\
\x00\x00\x00\x00\x00\x00\x00\x00\x00\x00\x00\x01\x00\x00\x00\x00\
\x00\x00\x00\x00\x00\x00\x00\x00\x00\x00\x00\x00\x00\x00\x00\x10\
\x00\x00\x00\x01\x00\x00\x00\x00\xff\x00\x00null\x00\
\x00\x00\x02\x00\x00\x00\x06boundsObj\
c\x00\x00\x00\x01\x00\x00\x00\x00\x00\x00Rct1\x00\
\x00\x00\x04\x00\x00\x00\x00Top long\x00\
\x00\x00\x00\x00\x00\x00\x00Leftlong\x00\
\x00\x00\x00\x00\x00\x00\x00Btomlong\x00\
\x00\x01,\x00\x00\x00\x00Rghtlong\x00\
\x00\x01,\x00\x00\x00\x06slicesVlL\
s\x00\x00\x00\x01Objc\x00\x00\x00\x01\x00\x00\x00\
\x00\x00\x05slice\x00\x00\x00\x12\x00\x00\x00\x07\
sliceIDlong\x00\x00\x00\x00\x00\
\x00\x00\x07groupIDlong\x00\x00\
\x00\x00\x00\x00\x00\x06originenum\
\x00\x00\x00\x0cESliceOrigin\
\x00\x00\x00\x0dautoGenerate\
d\x00\x00\x00\x00Typeenum\x00\x00\x00\
\x0aESliceT\xffype\x00\x00\x00\x00\
Img \x00\x00\x00\x06boundsOb\
jc\x00\x00\x00\x01\x00\x00\x00\x00\x00\x00Rct1\
\x00\x00\x00\x04\x00\x00\x00\x00Top long\
\x00\x00\x00\x00\x00\x00\x00\x00Leftlong\
\x00\x00\x00\x00\x00\x00\x00\x00Btomlong\
\x00\x00\x01,\x00\x00\x00\x00Rghtlong\
\x00\x00\x01,\x00\x00\x00\x03urlTEXT\x00\
\x00\x00\x01\x00\x00\x00\x00\x00\x00nullTEX\
T\x00\x00\x00\x01\x00\x00\x00\x00\x00\x00MsgeT\
EXT\x00\x00\x00\x01\x00\x00\x00\x00\x00\x06alt\
TagTEXT\x00\x00\x00\x01\x00\x00\x00\x00\x00\
\x0ecellTextIsHTMLb\
ool\x01\x00\x00\x00\x08cellText\
TEXT\x00\x00\x00\x01\x00\x00\x00\x00\x00\x09ho\
rzAlignenum\x00\x00\x00\x0fE\
SliceHor\xffzAlign\x00\
\x00\x00\x07default\x00\x00\x00\x09ve\
rtAlignenum\x00\x00\x00\x0fE\
SliceVertAlign\x00\x00\
\x00\x07default\x00\x00\x00\x0bbgC\
olorTypeenum\x00\x00\x00\x11\
ESliceBGColorTyp\
e\x00\x00\x00\x00None\x00\x00\x00\x09top\
Outsetlong\x00\x00\x00\x00\x00\x00\
\x00\x0aleftOutsetlong\
\x00\x00\x00\x00\x00\x00\x00\x0cbottomOu\
tsetlong\x00\x00\x00\x00\x00\x00\x00\x0b\
rightOutsetlong\x00\
\x00\x00\x00\x008BIM\x04(\x00\x00\x00\x00\x00\x0c\
\x00\x00\x00\x02?\xf0\x00\x00\x00\x00\x00\x008BIM\
\x04\x14\x00\x00\x00\x00\x00\x04\x00\x00\x00&8BIM\
\x04\x0c\x00\x00\x00\x00\x19`\xff\x00\x00\x00\x01\x00\x00\x00\
\xa0\x00\x00\x00\xa0\x00\x00\x01\xe0\x00\x01,\x00\x00\x00\x19\
D\x00\x18\x00\x01\xff\xd8\xff\xe2\x0cXICC_P\
ROFILE\x00\x01\x01\x00\x00\x0cHLin\
o\x02\x10\x00\x00mntrRGB XYZ\
 \x07\xce\x00\x02\x00\x09\x00\x06\x001\x00\x00acs\
pMSFT\x00\x00\x00\x00IEC sRG\
B\x00\x00\x00\x00\x00\x00\x00\x00\x00\x00\x00\x00\x00\x00\xf6\
\xd6\x00\x01\x00\x00\x00\x00\xd3-HP  \x00\x00\x00\
\x00\x00\x00\x00\x00\x00\x00\x00\x00\x00\x00\x00\x00\x00\x00\x00\
\x00\x00\x00\x00\x00\x00\x00\x00\x00\x00\x00\x00\x00\x00\x00\x00\
\x00\x00\x00\x00\x00\x00\x00\x00\x00\x00\x00\x00\x11cpr\
t\x00\x00\x01P\x00\x00\x003desc\x00\x00\x01\
\x84\x00\x00\x00lwtpt\x00\x00\x01\xf0\x00\x00\x00\
\x14bkpt\x00\x00\x02\x04\x00\x00\x00\x14rXY\
Z\x00\x00\x02\x18\x00\x00\x00\x14gXYZ\x00\x00\x02\
,\x00\x00\x00\x14bXY\xffZ\x00\x00\x02@\x00\x00\
\x00\x14dmnd\x00\x00\x02T\x00\x00\x00pdm\
dd\x00\x00\x02\xc4\x00\x00\x00\x88vued\x00\x00\
\x03L\x00\x00\x00\x86view\x00\x00\x03\xd4\x00\x00\
\x00$lumi\x00\x00\x03\xf8\x00\x00\x00\x14me\
as\x00\x00\x04\x0c\x00\x00\x00$tech\x00\x00\
\x040\x00\x00\x00\x0crTRC\x00\x00\x04<\x00\x00\
\x08\x0cgTRC\x00\x00\x04<\x00\x00\x08\x0cbT\
RC\x00\x00\x04<\x00\x00\x08\x0ctext\x00\x00\
\x00\x00Copyright (c) \
1998 Hewlett-Pac\
kard Company\x00\x00de\
sc\x00\x00\x00\x00\x00\x00\x00\x12sRGB I\
EC61966-2.1\x00\x00\x00\x00\x00\
\x00\x00\x00\x00\x00\x00\x12sRGB IEC6\
1966-2.1\x00\x00\x00\x00\x00\x00\x00\x00\
\x00\x00\x00\x00\x00\x00\x00\x00\xff\x00\x00\x00\x00\x00\x00\x00\
\x00\x00\x00\x00\x00\x00\x00\x00\x00\x00\x00\x00\x00\x00\x00\x00\
\x00\x00\x00\x00\x00\x00\x00\x00\x00\x00\x00XYZ \x00\
\x00\x00\x00\x00\x00\xf3Q\x00\x01\x00\x00\x00\x01\x16\xccX\
YZ \x00\x00\x00\x00\x00\x00\x00\x00\x00\x00\x00\x00\x00\
\x00\x00\x00XYZ \x00\x00\x00\x00\x00\x00o\xa2\x00\
\x008\xf5\x00\x00\x03\x90XYZ \x00\x00\x00\x00\x00\
\x00b\x99\x00\x00\xb7\x85\x00\x00\x18\xdaXYZ \x00\
\x00\x00\x00\x00\x00$\xa0\x00\x00\x0f\x84\x00\x00\xb6\xcfd\
esc\x00\x00\x00\x00\x00\x00\x00\x16IEC h\
ttp://www.iec.ch\
\x00\x00\x00\x00\x00\x00\x00\x00\x00\x00\x00\x16IEC \
http://www.iec.c\
h\x00\x00\x00\x00\x00\x00\x00\x00\x00\x00\x00\x00\x00\x00\x00\
\x00\x00\x00\x00\x00\x00\x00\x00\x00\x00\x00\x00\x00\x00\x00\x00\
\x00\x00\x00\x00\x00\x00\x00\x00\x00\x00\x00\x00\x00\x00\x00d\
esc\x00\x00\x00\x00\x00\xff\x00\x00.IEC \
61966-2.1 Defaul\
t RGB colour spa\
ce - sRGB\x00\x00\x00\x00\x00\x00\x00\
\x00\x00\x00\x00.IEC 61966-2\
.1 Default RGB c\
olour space - sR\
GB\x00\x00\x00\x00\x00\x00\x00\x00\x00\x00\x00\x00\x00\x00\
\x00\x00\x00\x00\x00\x00\x00\x00desc\x00\x00\x00\x00\
\x00\x00\x00,Reference Vi\
ewing Condition \
in IEC61966-2.1\x00\
\x00\x00\x00\x00\x00\x00\x00\x00\x00\x00,Refer\
ence Viewing Con\
dition in IEC619\
66-2.1\x00\x00\x00\x00\x00\x00\x00\x00\x00\x00\
\x00\x00\x00\x00\x00\x00\x00\x00\xff\x00\x00\x00\x00\x00\x00\x00\
\x00view\x00\x00\x00\x00\x00\x13\xa4\xfe\x00\x14_\
.\x00\x10\xcf\x14\x00\x03\xed\xcc\x00\x04\x13\x0b\x00\x03\x5c\
\x9e\x00\x00\x00\x01XYZ \x00\x00\x00\x00\x00L\x09\
V\x00P\x00\x00\x00W\x1f\xe7meas\x00\x00\x00\
\x00\x00\x00\x00\x01\x00\x00\x00\x00\x00\x00\x00\x00\x00\x00\x00\
\x00\x00\x00\x00\x00\x00\x00\x02\x8f\x00\x00\x00\x02sig\
 \x00\x00\x00\x00CRT curv\x00\x00\x00\
\x00\x00\x00\x04\x00\x00\x00\x00\x05\x00\x0a\x00\x0f\x00\x14\x00\
\x19\x00\x1e\x00#\x00(\x00-\x002\x007\x00;\x00\
@\x00E\x00J\x00O\x00T\x00Y\x00^\x00c\x00\
h\x00m\x00r\x00w\x00|\x00\x81\x00\x86\x00\x8b\x00\
\x90\x00\x95\x00\x9a\x00\x9f\x00\xa4\x00\xa9\x00\xae\x00\xb2\x00\
\xb7\x00\xbc\x00\xc1\x00\xc6\x00\xcb\x00\xd0\x00\xd5\x00\xdb\x00\
\xe0\x00\xe5\x00\xeb\x00\xf0\x00\xf6\x00\xfb\x01\x01\x01\x07\x01\
\x0d\x01\x13\x01\x19\x01\x1f\x01%\x01+\x012\x018\x01\
>\x01E\x01L\x01R\x01\xffY\x01`\x01g\x01n\
\x01u\x01|\x01\x83\x01\x8b\x01\x92\x01\x9a\x01\xa1\x01\xa9\
\x01\xb1\x01\xb9\x01\xc1\x01\xc9\x01\xd1\x01\xd9\x01\xe1\x01\xe9\
\x01\xf2\x01\xfa\x02\x03\x02\x0c\x02\x14\x02\x1d\x02&\x02/\
\x028\x02A\x02K\x02T\x02]\x02g\x02q\x02z\
\x02\x84\x02\x8e\x02\x98\x02\xa2\x02\xac\x02\xb6\x02\xc1\x02\xcb\
\x02\xd5\x02\xe0\x02\xeb\x02\xf5\x03\x00\x03\x0b\x03\x16\x03!\
\x03-\x038\x03C\x03O\x03Z\x03f\x03r\x03~\
\x03\x8a\x03\x96\x03\xa2\x03\xae\x03\xba\x03\xc7\x03\xd3\x03\xe0\
\x03\xec\x03\xf9\x04\x06\x04\x13\x04 \x04-\x04;\x04H\
\x04U\x04c\x04q\x04~\x04\x8c\x04\x9a\x04\xa8\x04\xb6\
\x04\xc4\x04\xd3\x04\xe1\x04\xf0\x04\xfe\x05\x0d\x05\x1c\x05+\
\x05:\x05I\x05X\x05g\x05w\x05\x86\x05\x96\x05\xa6\
\x05\xb5\x05\xc5\x05\xd5\x05\xe5\x05\xf6\x06\x06\x06\x16\x06'\
\x067\x06H\x06Y\x06j\x06{\x06\x8c\x06\x9d\x06\xaf\
\x06\xc0\x06\xd1\x06\xe3\x06\xf5\x07\x07\x07\x19\x07+\x07=\
\x07O\x07a\x07t\x07\x86\xff\x07\x99\x07\xac\x07\xbf\x07\
\xd2\x07\xe5\x07\xf8\x08\x0b\x08\x1f\x082\x08F\x08Z\x08\
n\x08\x82\x08\x96\x08\xaa\x08\xbe\x08\xd2\x08\xe7\x08\xfb\x09\
\x10\x09%\x09:\x09O\x09d\x09y\x09\x8f\x09\xa4\x09\
\xba\x09\xcf\x09\xe5\x09\xfb\x0a\x11\x0a'\x0a=\x0aT\x0a\
j\x0a\x81\x0a\x98\x0a\xae\x0a\xc5\x0a\xdc\x0a\xf3\x0b\x0b\x0b\
\x22\x0b9\x0bQ\x0bi\x0b\x80\x0b\x98\x0b\xb0\x0b\xc8\x0b\
\xe1\x0b\xf9\x0c\x12\x0c*\x0cC\x0c\x5c\x0cu\x0c\x8e\x0c\
\xa7\x0c\xc0\x0c\xd9\x0c\xf3\x0d\x0d\x0d&\x0d@\x0dZ\x0d\
t\x0d\x8e\x0d\xa9\x0d\xc3\x0d\xde\x0d\xf8\x0e\x13\x0e.\x0e\
I\x0ed\x0e\x7f\x0e\x9b\x0e\xb6\x0e\xd2\x0e\xee\x0f\x09\x0f\
%\x0fA\x0f^\x0fz\x0f\x96\x0f\xb3\x0f\xcf\x0f\xec\x10\
\x09\x10&\x10C\x10a\x10~\x10\x9b\x10\xb9\x10\xd7\x10\
\xf5\x11\x13\x111\x11O\x11m\x11\x8c\x11\xaa\x11\xc9\x11\
\xe8\x12\x07\x12&\x12E\x12d\x12\x84\x12\xa3\x12\xc3\x12\
\xe3\x13\x03\x13#\x13C\x13c\x13\x83\x13\xa4\x13\xc5\x13\
\xe5\x14\x06\x14'\x14I\x14\xffj\x14\x8b\x14\xad\x14\xce\
\x14\xf0\x15\x12\x154\x15V\x15x\x15\x9b\x15\xbd\x15\xe0\
\x16\x03\x16&\x16I\x16l\x16\x8f\x16\xb2\x16\xd6\x16\xfa\
\x17\x1d\x17A\x17e\x17\x89\x17\xae\x17\xd2\x17\xf7\x18\x1b\
\x18@\x18e\x18\x8a\x18\xaf\x18\xd5\x18\xfa\x19 \x19E\
\x19k\x19\x91\x19\xb7\x19\xdd\x1a\x04\x1a*\x1aQ\x1aw\
\x1a\x9e\x1a\xc5\x1a\xec\x1b\x14\x1b;\x1bc\x1b\x8a\x1b\xb2\
\x1b\xda\x1c\x02\x1c*\x1cR\x1c{\x1c\xa3\x1c\xcc\x1c\xf5\
\x1d\x1e\x1dG\x1dp\x1d\x99\x1d\xc3\x1d\xec\x1e\x16\x1e@\
\x1ej\x1e\x94\x1e\xbe\x1e\xe9\x1f\x13\x1f>\x1fi\x1f\x94\
\x1f\xbf\x1f\xea \x15 A l \x98 \xc4 \xf0\
!\x1c!H!u!\xa1!\xce!\xfb\x22'\x22U\
\x22\x82\x22\xaf\x22\xdd#\x0a#8#f#\x94#\xc2\
#\xf0$\x1f$M$|$\xab$\xda%\x09%8\
%h%\x97%\xc7%\xf7&'&W&\x87&\xb7\
&\xe8'\x18'I'z'\xab'\xdc(\x0d(?\
(q(\xa2(\xd4)\x06\xff)8)k)\x9d)\
\xd0*\x02*5*h*\x9b*\xcf+\x02+6+\
i+\x9d+\xd1,\x05,9,n,\xa2,\xd7-\
\x0c-A-v-\xab-\xe1.\x16.L.\x82.\
\xb7.\xee/$/Z/\x91/\xc7/\xfe050\
l0\xa40\xdb1\x121J1\x821\xba1\xf22\
*2c2\x9b2\xd43\x0d3F3\x7f3\xb83\
\xf14+4e4\x9e4\xd85\x135M5\x875\
\xc25\xfd676r6\xae6\xe97$7`7\
\x9c7\xd78\x148P8\x8c8\xc89\x059B9\
\x7f9\xbc9\xf9:6:t:\xb2:\xef;-;\
k;\xaa;\xe8<'<e<\xa4<\xe3=\x22=\
a=\xa1=\xe0> >`>\xa0>\xe0?!?\
a?\xa2?\xe2@#@d@\xa6@\xe7A)A\
jA\xacA\xeeB0BrB\xb5B\xf7C:C\
}C\xc0D\x03DGD\x8aD\xceE\x12EUE\
\x9aE\xdeF\x22FgF\xff\xabF\xf0G5G{\
G\xc0H\x05HKH\x91H\xd7I\x1dIcI\xa9\
I\xf0J7J}J\xc4K\x0cKSK\x9aK\xe2\
L*LrL\xbaM\x02MJM\x93M\xdcN%\
NnN\xb7O\x00OIO\x93O\xddP'Pq\
P\xbbQ\x06QPQ\x9bQ\xe6R1R|R\xc7\
S\x13S_S\xaaS\xf6TBT\x8fT\xdbU(\
UuU\xc2V\x0fV\x5cV\xa9V\xf7WDW\x92\
W\xe0X/X}X\xcbY\x1aYiY\xb8Z\x07\
ZVZ\xa6Z\xf5[E[\x95[\xe5\x5c5\x5c\x86\
\x5c\xd6]']x]\xc9^\x1a^l^\xbd_\x0f\
_a_\xb3`\x05`W`\xaa`\xfcaOa\xa2\
a\xf5bIb\x9cb\xf0cCc\x97c\xebd@\
d\x94d\xe9e=e\x92e\xe7f=f\x92f\xe8\
g=g\x93g\xe9h?h\x96h\xeciCi\x9a\
i\xf1jHj\x9fj\xf7kOk\xa7k\xfflW\
l\xafm\x08m`m\xb9\xffn\x12nkn\xc4o\
\x1eoxo\xd1p+p\x86p\xe0q:q\x95q\
\xf0rKr\xa6s\x01s]s\xb8t\x14tpt\
\xccu(u\x85u\xe1v>v\x9bv\xf8wVw\
\xb3x\x11xnx\xccy*y\x89y\xe7zFz\
\xa5{\x04{c{\xc2|!|\x81|\xe1}A}\
\xa1~\x01~b~\xc2\x7f#\x7f\x84\x7f\xe5\x80G\x80\
\xa8\x81\x0a\x81k\x81\xcd\x820\x82\x92\x82\xf4\x83W\x83\
\xba\x84\x1d\x84\x80\x84\xe3\x85G\x85\xab\x86\x0e\x86r\x86\
\xd7\x87;\x87\x9f\x88\x04\x88i\x88\xce\x893\x89\x99\x89\
\xfe\x8ad\x8a\xca\x8b0\x8b\x96\x8b\xfc\x8cc\x8c\xca\x8d\
1\x8d\x98\x8d\xff\x8ef\x8e\xce\x8f6\x8f\x9e\x90\x06\x90\
n\x90\xd6\x91?\x91\xa8\x92\x11\x92z\x92\xe3\x93M\x93\
\xb6\x94 \x94\x8a\x94\xf4\x95_\x95\xc9\x964\x96\x9f\x97\
\x0a\x97u\x97\xe0\x98L\x98\xb8\x99$\x99\x90\x99\xfc\x9a\
h\x9a\xd5\x9bB\x9b\xaf\x9c\x1c\x9c\x89\x9c\xf7\x9dd\x9d\
\xd2\x9e@\x9e\xae\x9f\x1d\x9f\xff\x8b\x9f\xfa\xa0i\xa0\xd8\
\xa1G\xa1\xb6\xa2&\xa2\x96\xa3\x06\xa3v\xa3\xe6\xa4V\
\xa4\xc7\xa58\xa5\xa9\xa6\x1a\xa6\x8b\xa6\xfd\xa7n\xa7\xe0\
\xa8R\xa8\xc4\xa97\xa9\xa9\xaa\x1c\xaa\x8f\xab\x02\xabu\
\xab\xe9\xac\x5c\xac\xd0\xadD\xad\xb8\xae-\xae\xa1\xaf\x16\
\xaf\x8b\xb0\x00\xb0u\xb0\xea\xb1`\xb1\xd6\xb2K\xb2\xc2\
\xb38\xb3\xae\xb4%\xb4\x9c\xb5\x13\xb5\x8a\xb6\x01\xb6y\
\xb6\xf0\xb7h\xb7\xe0\xb8Y\xb8\xd1\xb9J\xb9\xc2\xba;\
\xba\xb5\xbb.\xbb\xa7\xbc!\xbc\x9b\xbd\x15\xbd\x8f\xbe\x0a\
\xbe\x84\xbe\xff\xbfz\xbf\xf5\xc0p\xc0\xec\xc1g\xc1\xe3\
\xc2_\xc2\xdb\xc3X\xc3\xd4\xc4Q\xc4\xce\xc5K\xc5\xc8\
\xc6F\xc6\xc3\xc7A\xc7\xbf\xc8=\xc8\xbc\xc9:\xc9\xb9\
\xca8\xca\xb7\xcb6\xcb\xb6\xcc5\xcc\xb5\xcd5\xcd\xb5\
\xce6\xce\xb6\xcf7\xcf\xb8\xd09\xd0\xba\xd1<\xd1\xbe\
\xd2?\xd2\xc1\xd3D\xd3\xc6\xd4I\xd4\xcb\xd5N\xd5\xd1\
\xd6U\xd6\xd8\xd7\x5c\xd7\xe0\xd8d\xd8\xe8\xd9l\xd9\xf1\
\xdav\xda\xfb\xdb\x80\xdc\x05\xff\xdc\x8a\xdd\x10\xdd\x96\xde\
\x1c\xde\xa2\xdf)\xdf\xaf\xe06\xe0\xbd\xe1D\xe1\xcc\xe2\
S\xe2\xdb\xe3c\xe3\xeb\xe4s\xe4\xfc\xe5\x84\xe6\x0d\xe6\
\x96\xe7\x1f\xe7\xa9\xe82\xe8\xbc\xe9F\xe9\xd0\xea[\xea\
\xe5\xebp\xeb\xfb\xec\x86\xed\x11\xed\x9c\xee(\xee\xb4\xef\
@\xef\xcc\xf0X\xf0\xe5\xf1r\xf1\xff\xf2\x8c\xf3\x19\xf3\
\xa7\xf44\xf4\xc2\xf5P\xf5\xde\xf6m\xf6\xfb\xf7\x8a\xf8\
\x19\xf8\xa8\xf98\xf9\xc7\xfaW\xfa\xe7\xfbw\xfc\x07\xfc\
\x98\xfd)\xfd\xba\xfeK\xfe\xdc\xffm\xff\xff\xff\xed\x00\
\x0cAdobe_CM\x00\x01\xff\xee\x00\x0eA\
dobe\x00d\x80\x00\x00\x00\x01\xff\xdb\x00\x84\x00\
\x0c\x08\x08\x08\x09\x08\x0c\x09\x09\x0c\x11\x0b\x0a\x0b\x11\x15\
\x0f\x0c\x0c\x0f\x15\x18\x13\x13\x15\x13\x13\x18\x11\x0c\x0c\x0c\
\x0c\x0c\x0c\x11\x0c\x0c\x0c\x0c\x0c\x0c\x0c\x0c\x0c\x0c\x0c\x0c\
\x0c\x0c\x0c\x0c\x0c\x0c\x0c\x0c\x0c\x0c\x0c\x0c\x0c\x0c\x0c\x0c\
\x01\x0d\x0b\x0b\x0d\x0e\x0d\x10\x0e\x0e\x10\x14\x0e\x0e\x0e\x14\
\x14\x0e\x0e\x0e\x0e\x14\x11\x0c\xff\x0c\x0c\x0c\x0c\x11\x11\x0c\
\x0c\x0c\x0c\x0c\x0c\x11\x0c\x0c\x0c\x0c\x0c\x0c\x0c\x0c\x0c\x0c\
\x0c\x0c\x0c\x0c\x0c\x0c\x0c\x0c\x0c\x0c\x0c\x0c\x0c\x0c\x0c\x0c\
\x0c\x0c\xff\xc0\x00\x11\x08\x00\xa0\x00\xa0\x03\x01\x22\x00\x02\
\x11\x01\x03\x11\x01\xff\xdd\x00\x04\x00\x0a\xff\xc4\x01?\x00\
\x00\x01\x05\x01\x01\x01\x01\x01\x01\x00\x00\x00\x00\x00\x00\x00\
\x03\x00\x01\x02\x04\x05\x06\x07\x08\x09\x0a\x0b\x01\x00\x01\x05\
\x01\x01\x01\x01\x01\x01\x00\x00\x00\x00\x00\x00\x00\x01\x00\x02\
\x03\x04\x05\x06\x07\x08\x09\x0a\x0b\x10\x00\x01\x04\x01\x03\x02\
\x04\x02\x05\x07\x06\x08\x05\x03\x0c3\x01\x00\x02\x11\x03\x04\
!\x121\x05AQa\x13\x22q\x812\x06\x14\x91\xa1\
\xb1B#$\x15R\xc1b34r\x82\xd1C\x07%\
\x92S\xf0\xe1\xf1cs5\x16\xa2\xb2\x83&D\x93T\
dE\xc2\xa3t6\x17\xd2U\xe2e\xf2\xb3\x84\xc3\xd3\
u\xe3\xf3F'\x94\xa4\x85\xb4\x95\xc4\xd4\xe4\xf4\xa5\xb5\
\xc5\xd5\xe5\xf5Vfv\x86\x96\xa6\xb6\xc6\xd6\xe6\xf67\
GWgw\x87\x97\xa7\xb7\xff\xc7\xd7\xe7\xf7\x11\x00\x02\
\x02\x01\x02\x04\x04\x03\x04\x05\x06\x07\x07\x06\x055\x01\x00\
\x02\x11\x03!1\x12\x04AQaq\x22\x13\x052\x81\
\x91\x14\xa1\xb1B#\xc1R\xd1\xf03$b\xe1r\x82\
\x92CS\x15cs4\xf1%\x06\x16\xa2\xb2\x83\x07&\
5\xc2\xd2D\x93T\xa3\x17dEU6te\xe2\xf2\
\xb3\x84\xc3\xd3u\xe3\xf3F\x94\xa4\x85\xb4\x95\xc4\xd4\xe4\
\xf4\xa5\xb5\xc5\xd5\xe5\xf5Vfv\x86\x96\xa6\xb6\xc6\xd6\
\xe6\xf6'7GWgw\x87\x97\xa7\xb7\xc7\xff\xda\x00\
\x0c\x03\x01\x00\x02\x11\x03\x11\x00?\x00\xf2\xa4\x92I%\
)$\x92IJI$\x92R\x92I$\x94\xa4\xe1\xae\
<\x02Q\x19X\x1a\xbbS\xf9\x14\xd2R\x02\xd7\x0eA\
\x09\x95\x85\x07\xd6\x08\x96\xe8|\x12R$\x92I%)\
$\x92IJI$\x92R\x92I$\x94\xff\x00\xff\xd0\
\xf2\xa4\x92I%)$\x97\x7f\xfe-\xff\x00\xc5\xe3:\
\xe8\xfd\xaf\xd5\x9a\xe1\xd3\x18\xe8\xa2\x91\xed\xf5\xdc\xd3\x16\
K\xfe\x97\xd9\xebp\xf4\xfd\xff\x9f\xceY\xff\x00\x16\x92\
\x9e3\xa7tn\xaf\xd5\x1c[\xd3\xb0\xee\xcb-0\xe3\
Mnxo\xf5\xde\xd1\xb5\x9f\xdbZ7\xfdE\xfa\xe1\
E~\xa3\xfaFIi\xfd\xc6\x1b\x1d\xfee[\xde\xbe\
\x88\xc7\xc6\xc7\xc5\xa1\x98\xf8\xb52\x8a+\x10\xca\xabh\
c\x1a<\x18\xc6mkQRS\xf2\xbd\x95\xd9S\xdd\
]\x8d,{\x0c9\x8e\x04\x10Gg4\xa5P\x97\xfc\
5_E}i\xfa\x9b\xd1\xbe\xb3\xe2\xba\xbc\xca\xc5y\
mlc\xe6\xb0~\x92\xb3\xcbg\xe8\xfa\xd5\x7f\xc0\xd9\
\xfd\x8fN\xcf\xd2\xaf\x05\xea\xdd\x17;\xa1uk\xfa^\
{Co\xa0\xc6\xe6\x99k\xda}\xd5\xdb[\xbfr\xc6\
{\xbf\xf3\xe7\xe9\x12SU$\x92IJI$\x92R\
\x1b\x04<\xf9\xea\xa2\x88\xf6\x97\xda\x18\xdeJ\xb5]L\
\xac{u=\xdd\xdd%5\x05\x17\x1dC\x0a\x8b\x98\xf6\
}&\x91\xf1Z\x09r \xea<\x0aJs\x92G\xc8\
\xa04og\x1f\x9c<\x10\x12R\x92I$\x94\xff\x00\
\xff\xd1\xf2\xa4\x92I%$\xff\xc6\xc7\xb3+&\xacj\
\x84\xdb{\xdb[\x01\xd0ny\xd8\xdf\xfaE};\xd3\
\xb01\xban\x06>\x06+vQ\x8b[j\xacw\x86\
\x8d\xb2\xef\xe5\xbb\xf3\xd7\xcd\x1d')\x98]W\x0b2\
\xc1,\xc6\xc8\xaa\xd7\x8f\x10\xc7\xb6\xc7\x7f\xd4\xaf\xa7\xc1\
\x04\x02\x0c\x83\xa8!%.\x92I$\xa5/2\xff\x00\
\x1d}*\xa3\x85\xd3\xfa\xd3@\x17\xd5o\xd9, j\
\xe6=\xaf\xbe\xbd\xce\xfd\xda\x9fU\xbf\xfb\x10\xbd5y\
\xf7\xf8\xe9\xc9\xae\xbf\xabX\xb8\xc5\xc0[~[KY\
\xdc\xb5\x8c\xb7\xd4w\xf6\x5c\xfa\x92S\xe3\xc0\x82$p\
\x92\x03\x5c\xe6\xf1\xf7\x22\x0b\x87p\x92\x99\xa4H\x02O\
\x0a\x06\xe1\xd8}\xe8nqq\xd5%6qD\xef\xb0\
\xf2L\x7f\x14t\x0cC\xfa2;\x83\xf9B:JR\
I$\x92\x95\x00\xe8x:\x15\x9e\xe6\xedqi\xecc\
\xeeZ\x0a\x85\x84\x1b\x1cG\x04\x9f\xca\x92\x98\xa4\x92I\
)\xff\xd2\xf2\xa4\x92N\xc6>\xc7\xb6\xba\xda^\xf7\x90\
\xd6\xb5\xa2I'F\xb5\xad\xff\x09)e\xee?\xe2\xbf\
\xeb\x95=c\xa4\xd7\xd2r\xec\x0d\xeax\x0c\x15\xb5\xa4\
\xebm,\x11U\xcd\xd0{\xebo\xe8\xae\xfa\x7fC\xd7\
\xff\x00\x0a\xb8N\x91\xfe)\xbe\xb1\xe7V\xdb\xb3\x9fW\
L\xad\xdf\x99t\xba\xe8\x22w}\x9e\xa0\xed\x9f\xd5\xba\
\xda\xac[\x03\xfcO\xe7b=\x99\x1d;\xae\x06eV\
\xe9\xad\xfe\x95\x94\x96\x9d}\xcd\xba\xabm{\x1d\xfd\x94\
\x94\xfa\xe2K\xcd2~\xbc\xfdv\xfa\xa7[k\xfa\xcb\
\xd3+\xea4O\xa7OQ\xc7\xb3\xd3k\xc8\xd7\xf4\x8f\
ev\xd7\xbd\xcd\xfa\x15\xbf\x1f\x0e\xcfb\x15\xff\x00\xe3\
\xc7\x100\xfd\x9f\xa4\xd8\xf7\xf6\xf5.kG\xfd\x0a\xec\
IO\xa6\xdbmTT\xfb\xae{j\xaa\xa6\x97\xd9c\
\xc8kZ\xd6\x8d\xcf{\xde\xefkX\xd6\xaf\x02\xff\x00\
\x18\xbf[Y\xf5\x9b\xad\x87\xe2\x97\x1e\x9d\x86\xd3V&\
\xe0F\xe93vN\xc7{\x99\xeb\xb9\xac\xff\x00\xac\xd5\
W\xd0\xb1\x07\xeb?\xd7\xef\xac\x1fYA\xa3*\xc1F\
\x09 \x8c:\x01k\x0c\x1d\xff\xcd78\x97Ys\xbe\
\x8f\xd3\x7f\xa7\xbf\xf9\xba\xab\x5c\xdaJRI$\x92\x94\
\x92I$\xa4\x94[\xe9\xbf_\xa2t?\xde\xae\xac\xe4\
J\xaf}z\x0d[\xfb\xa5%7R@\x19\x8c\xee\xd2\
\x0f\x91S\xad\xd9\x17\xe9E\x7f\x17\x9e\x07\xfd\xf5%*\
\xfbEl\xd3\xe9\xbb\x81\xff\x00~T\x95\xff\x00\xd9Y\
\x0e;\x9fc7\x1ey?\xf7\xd4\x1b\xbavUCv\
\xd0\xf6\x8eK5\x8f\x97\xd2IMd\x92I%?\xff\
\xd3\xf2\xa5\xec?\xe2\xd3\xea}\x1d7\xa7\xd5\xd73+\
\x0e\xeaY\x8c\xdf\x8f\xbe\x0f\xa1K\xbf\x9bu_\xbb~\
M\x7f\xa4\xf5\x7f\x9c\xae\x8f\xd1~\x8f\xf4\xeb\xca:N\
\x18\xce\xea\xb8XN\x9d\xb9Y\x15Rc\x98\xb1\xed\xaf\
O\xf3\x97\xd2\x0f\x008\x86\x80\x1a\x0c4\x0d\x00\x03F\
\xc2JY$\x92IL/\xa2\x9c\x8a,\xc7\xc8\xad\xb7\
Qsv\xdbS\xc4\xb5\xcd?\x9a\xf6\xaf\x0c\xfa\xf5\xf5\
T\xfdZ\xea\xfe\x9d2\xee\x9f\x96\x0d\xb8ov\xa4\x01\
\xa5\xb4<\xfe\xfd\x0f\xff\x00\xff\xc0\xfd+\x17\xbb.#\
\xfcn\xe22\xef\xab\x14\xe4\xec\x06\xdcL\xa6C\xcf!\
\x96\xb2\xc6X\xc6\xff\x00^\xc6Q\xfebJ|u$\
\x92IJI$\x92R\x92I$\x94\xa4\x92I%'\
\xc3\xc696\xed:1\xba\xbc\x8f\x0f\x0f\xed-\xa6\xb5\
\xachc\x00kG\x0d\x1c*})\x80c9\xfd\xde\
\xf8'\xc9\xa3O\xfa\xa5u%)$\x92IN\x7fR\
\xc3n\xd3\x91P\x82?\x9ch\xe3_\xcf\xff\x00\xc9,\
\xd5\xd0\xb9\xa1\xeds\x0e\xa1\xc0\xb4\xfc\xc2\xe7\x92S\xff\
\xd4\xf3\x1c\x1c\xa7a\xe6\xe3\xe63WcZ\xcbZ8\
\xd5\x8e\x16\x0f\xfa\x95\xf4\x85w\xd3\x93S2\xa8v\xfa\
2\x1a\xdb\xaax\xe1\xcc\xb0z\x95\xbb\xfc\xd7/\x9a\x17\
\xa4\xff\x00\x8b\x8f\xaf\xb8\xd8\xb43\xa0\xf5\x9bE4\xb0\
\xc6\x16[\xf4kC\x8c\xfd\x9b!\xff\x00\x99V\xe7n\
\xaa\xe7\xff\x005\xf4?\x9bIO\xa8$\x91\x04D\xf7\
\xd4y\x8f$\x92R\x97\x05\xfe8z\x85Ut,>\
\x9f?\xa6\xcb\xc8\xf5c\xfe\xff\x0e\x96\xb9\xae\xff\x00:\
\xdc\x86m\xfe\xa3\xd7a\xd6:\xd7M\xe8xN\xce\xea\
w\x0ai\x13\xb1\xa3[,w\xfa,z\xbf\xc2\xd8\xef\
\xfbn\xbf\xe7-\xfd\x1a\xf0\x8f\xac\xff\x00X\xb2\xbe\xb1\
\xf5{:\x96CEM WE\x0d%\xc2\xba\x9b>\
\x9d[\xdd\xf4\xdd\xeeu\x96?\xf3\xee}\x9f\xcd\xff\x00\
6\x92\x9c\xa4\x92I%)$\x92IJI$\x92R\
\x92I$\x94\xeat\x9b\x01\xa5\xf5\xf7c\xb7|\x9c#\
\xfe\xfa\xaf,\x1cl\x87\xe3\xda,n\xbd\x8b|A\xec\
\xb6\xe9\xba\xab\xd9\xbe\xa3#\xb8\xee?\xac\x12S4\x92\
K@\x09&\x00\xe4\x9d\x00ILl\xb0U[\xec<\
0\x13\xfd\xdf\xf4\x97>\xae\xf5\x0c\xd6\xdd\xfa\x1a\x8c\xd6\
\x0c\xb9\xdf\xbc\x7f\xf2*\x92J\x7f\xff\xd5\xf2\xa4\x92I\
%;=#\xeb\x97\xd6n\x8dW\xa3\xd3\xba\x85\x95\xd1\
\xc0\xa5\xfbm\xacw\xfd\x1dY\x0d\xb5\x95\xff\x00\xd6\xd6\
\xee'\xf8\xc1\xff\x00\x18\x1d_%\xb8=:\xd6}\xa2\
\xde=*j\x04\x01\xf4\x9c\xff\xeb,ieU\xb7\xf3\
\xacr\xe2W\xad}M\xe8u\xf4\x8e\x8bS\xcb\x7f\x5c\
\xcecn\xc9y\x1e\xe0\xd7\x0d\xf4c\x7f%\x95\xb3\xf4\
\x96\x7f\xc3\xff\x00\xc5V\x92\x9au\xfdDfe\xbfl\
\xfa\xc9\xd4/\xeay\xaf\x03~\xc7\xc3\x1b\xff\x00\x07\xeb\
Z,\xb2\xc67\xf3vW\x8e\xc5f\xcf\xa8?U^\
\xc2\xd1\x8dmD\x88\x0fe\xce\xdc?\x94=Qk?\
\xe8.\x81$\x94\xf9\xcf^\xff\x00\x17Yxu?+\
\xa4\xdash\xacn}\x0el^\xd6\x8f\xa4\xe6\xb5\x93\
^C[\xff\x00\x07\xfaO\xf8\x15\xc7/x\x04\x82\x08\
0F\xa0\x8eA^m\xfe1z\x15XY\xd5u<\
V\x0a\xe8\xcf\xdc-ct\x0d\xbd\xba\xd8Z\xdf\xcce\
\xec{m\xff\x00\x8c\xf5\x92S\xc8$\x92I)I$\
\x92JR\xd3\xc0\xe8\x96\xe45\xb7^\xefF\xa7j\xd1\
\x1e\xf7\x0f\x10\xdf\xcdo\xf5\x94:.\x132rM\x96\
\x80\xea\xa9\x01\xc5\xa7\x82\xe3\xfc\xdbO\xfdR\xe8\xc9$\
\xc9\xe5%4Y\xd1:k\xffD\x1a\xdc\xf3\xe2\xe7\x99\
\xff\x00\xa1\xb5\x0e\xde\x85\x8f\xf4\xf1l}\x16\x0e$\xee\
\x1f\xf7\xd7\xb5i$\x92\x9ek&\xfe\xa7\x89g\xa3s\
\xc8p\xd4\x18k\x81\x1f\xbc\xd7\xc7\xb9U\xb7\x22\xfb\xbf\
\x9dytp\x09\xd3\xee]7P\xc3nf+\xab\x89\
\xb1\xa0\xba\x93\xdc;\xf7?\xeb\x9fEr\xa9)I$\
\x92J\x7f\xff\xd6\xf2\xa4\x92I%3\xa1\x8d}\xd5\xb1\
\xe6\x1a\xe7\x00\xe2<\x09\xd5{\xbd\xc2.x\xe0\x07\x10\
\x07\xc0\xc2\xf0U\xed]\x13\xa9\xd7\xd5\xfaN/Pa\
\x93k\x03o\x13%\xb70\x06d5\xdf\xda\xfd+\x7f\
\xe0\xad\xad%7RI$\x94\xa5\xcd\x7f\x8cF1\xdf\
V\x1c\xe7D\xb3&\x92\xc2|Kni\x8f\xec\xae\x95\
r\x1f_r\x1b\x99\x7fO\xfa\xbdS\x86\xfb,\xfbV\
Tr\xc6\x06\x96\xd3\xfd\xafE\xd9\x17m\xff\x00\x89I\
O\x0f\xd2\xfa&WQ\x97\x82*\xc7i\x87\x5c\xe12\
\x7fv\xb6\xff\x00\x84r\xe8)\xfa\xb5\xd2kl=\x8f\
\xbc\xfe\xf3\xdc[\xff\x00F\xff\xad\xabJ\xba\xeb\xaa\xb6\
USvUX\xdb[|\x00RIN]\xdfV\xba\
M\x8d\x865\xf4\x1f\xdec\x8b\xbf\xe8\xdb\xbb\xfe\xa9s\
\xddS\xa3et\xe7\x07:-\xa1\xc6\x19sx\x9f\xdd\
{\x7f\xc1\xbdv\xaa6\xd5U\xd5>\x9b\x9b\xbe\xab\x06\
\xd7\xb7\xc4\x7f\xe4\x9b\xf9\x89)\xe7~\xaf\x01\xf6;\x0f\
sl\x1f\x93D\x7f\xd5-5\x95\xd3\x1apz\x86O\
L\xb0\xc9\x99\xac\xfe\xf1n\xa3\xfe\xdc\xa5\xdb\xd6\xaaJ\
RI$\x92\x97o\xd2\x1f\x15\xc8f5\xad\xcb\xbd\xad\
\xfa\x22\xc7\x01\xf0\x0e+\xab\xba\xf6c\xd2\xfc\x87\xfd\x1a\
\x86\xe8\xf1?\x98\xdf\xed9r\x0eqs\x8b\x9cd\xb8\
\xc9>e%,\x92I$\xa7\xff\xd7\xf2\xa4\x92I%\
)m\xfdW\xfa\xd1\x95\xf5\x7f%\xd0\xdf_\x0a\xf8\xfb\
F911\xf4m\xa9\xdf\xe0\xefg\xef\x7f\x9e\xb1\x12\
IO\xb3\xf4\xdf\xac\x1d\x17\xaa\xb0;\x0b.\xb2\xe3\xfe\
\x02\xd2*\xb8\x1f\x03U\x87\xdd\xfdz}J\xd6\x8b\xc0\
\xad\xbb\xecskh\xe5\xcf\xffsZ?\xceq\x0d^\
\x0e\x92J}O\xae\xfd{\xe9\x1d6\xb7W\x82\xf6u\
\x1c\xd2\x08`a\x9a\x18{>\xeb\xbf\xc3\x7f\xc5Q\xff\
\x00o1q\x7fW\xf2\xb23\xba\xdeFf]\x86\xec\
\x9bk{\xdfc\xb9.%\x8d?\xf4O\xd1X\x0a\xef\
F\xccn\x17Q\xa6\xe7\xff\x006Ie\x87\xc1\xaf\x1b\
\x1c\xef\xecN\xf4\x94\xf6\xe9$D\x1f\x1f1\xc2I)\
I$\x96\x9d\xc8\x03\x92N\x80\x01\xcb\x8aJyO\xac\
\xe7\xd3\xea\xcd\xb2\xbfk\xfd:\xdd\xb8s\xb8h\xd7\x7f\
\x9a\xd6\xab\x18=n\x8b\x9a\x19\x94EWw\x7f\xe6;\
\xcfO\xe6\xdc\xb2z\xb6csz\x85\xd9\x0c\xfem\xc7\
m\x7f\xd5h\xf4\xd9\xfes[\xb9TIOf\xd2\xd7\
\x8d\xccs\x5c\xdf\x16\x90G\xe0\x83~f&0&\xeb\
Z\xd2?0\x1d\xce\xff\x001\xab\x92I%7z\x9f\
S~k\x83Z6P\xc3,gr\x7f~\xcf\xe5\x7f\
\xd4*I$\x92\x94\x92I$\xa7\xff\xd0\xf2\xa4\x92I\
%)$\x92IJI$\xef\x92R\x92I$\x94\xee\
\xf4o\xac_g\xad\xb8\xb9\xd2\xea[\xa5V\xb7W0\
~\xe3\x9b\xfe\x12\xbf\xfal]\x0d9xy\x0d\x0e\xa2\
\xfa\xec\x07\xc1\xc0\x1f\xf3\x1f\xb5\xff\x00\xf4W\x02\x92J\
{\xeb\xf30\xf1\xda]~Eu\x81\xd8\xb8\x13\xfec\
7=s\xbdg\xeb\x17\xda\xabv.\x18s(v\x96\
X\xed\x1c\xf1\xfb\xa0\x7f\x83\xaf\xfe\xada\xa4\x92\x94\x92\
I$\xa5$\x92I)I$\x92JRI$\x92\x9f\
\xff\xd98BIM\x04!\x00\x00\x00\x00\x00U\x00\x00\
\x00\x01\x01\x00\x00\x00\x0f\x00A\x00d\x00o\x00b\x00\
e\x00 \x00P\x00h\x00o\x00t\x00o\x00s\x00\
h\x00o\x00p\x00\x00\x00\x13\x00A\x00d\x00o\x00\
b\x00e\x00 \x00P\x00h\x00o\x00t\x00o\x00\
s\x00h\x00o\x00p\x00 \x00C\x00S\x005\x00\
\x00\x00\x01\x008BIM\x04\x06\x00\x00\x00\x00\x00\x07\
\x00\x08\x00\x00\x00\x01\x01\x00\x00!\xff\x0bICCR\
GBG1012\xff\x00\x00\x0cHLino\
\x02\x10\x00\x00mntrRGB XYZ \
\x07\xce\x00\x02\x00\x09\x00\x06\x001\x00\x00acsp\
MSFT\x00\x00\x00\x00IEC sRGB\
\x00\x00\x00\x00\x00\x00\x00\x00\x00\x00\x00\x01\x00\x00\xf6\xd6\
\x00\x01\x00\x00\x00\x00\xd3-HP  \x00\x00\x00\x00\
\x00\x00\x00\x00\x00\x00\x00\x00\x00\x00\x00\x00\x00\x00\x00\x00\
\x00\x00\x00\x00\x00\x00\x00\x00\x00\x00\x00\x00\x00\x00\x00\x00\
\x00\x00\x00\x00\x00\x00\x00\x00\x00\x00\x00\x11cprt\
\x00\x00\x01P\x00\x00\x003desc\x00\x00\x01\x84\
\x00\x00\x00lwtpt\x00\x00\x01\xf0\x00\x00\x00\x14\
bkpt\x00\x00\x02\x04\x00\x00\x00\x14rXYZ\
\x00\x00\x02\x18\x00\x00\x00\x14gXYZ\x00\x00\x02,\
\x00\x00\x00\x14bXYZ\x00\x00\x02@\x00\x00\x00\x14\
dmnd\x00\x00\x02T\x00\x00\x00pdmdd\
\x00\x00\x02\xc4\x00\x00\x00\x88vued\x00\x00\x03L\
\x00\x00\x00\x86vie\xffw\x00\x00\x03\xd4\x00\x00\x00\
$lumi\x00\x00\x03\xf8\x00\x00\x00\x14mea\
s\x00\x00\x04\x0c\x00\x00\x00$tech\x00\x00\x04\
0\x00\x00\x00\x0crTRC\x00\x00\x04<\x00\x00\x08\
\x0cgTRC\x00\x00\x04<\x00\x00\x08\x0cbTR\
C\x00\x00\x04<\x00\x00\x08\x0ctext\x00\x00\x00\
\x00Copyright (c) 1\
998 Hewlett-Pack\
ard Company\x00\x00des\
c\x00\x00\x00\x00\x00\x00\x00\x12sRGB IE\
C61966-2.1\x00\x00\x00\x00\x00\x00\
\x00\x00\x00\x00\x00\x12sRGB IEC61\
966-2.1\x00\x00\x00\x00\x00\x00\x00\x00\x00\
\x00\x00\x00\x00\x00\x00\x00\x00\x00\x00\x00\x00\x00\x00\x00\x00\
\x00\x00\x00\x00\x00\x00\x00\x00\x00\x00\x00\x00\x00\x00\x00\x00\
\x00\x00\x00\x00\x00\x00\x00\x00\x00XYZ \x00\x00\x00\
\x00\x00\x00\xf3Q\x00\x01\xff\x00\x00\x00\x01\x16\xccXY\
Z \x00\x00\x00\x00\x00\x00\x00\x00\x00\x00\x00\x00\x00\x00\
\x00\x00XYZ \x00\x00\x00\x00\x00\x00o\xa2\x00\x00\
8\xf5\x00\x00\x03\x90XYZ \x00\x00\x00\x00\x00\x00\
b\x99\x00\x00\xb7\x85\x00\x00\x18\xdaXYZ \x00\x00\
\x00\x00\x00\x00$\xa0\x00\x00\x0f\x84\x00\x00\xb6\xcfde\
sc\x00\x00\x00\x00\x00\x00\x00\x16IEC ht\
tp://www.iec.ch\x00\
\x00\x00\x00\x00\x00\x00\x00\x00\x00\x00\x16IEC h\
ttp://www.iec.ch\
\x00\x00\x00\x00\x00\x00\x00\x00\x00\x00\x00\x00\x00\x00\x00\x00\
\x00\x00\x00\x00\x00\x00\x00\x00\x00\x00\x00\x00\x00\x00\x00\x00\
\x00\x00\x00\x00\x00\x00\x00\x00\x00\x00\x00\x00\x00\x00de\
sc\x00\x00\x00\x00\x00\x00\x00.IEC 61\
966-2.1 Default \
RGB colour space\
 - sRGB\xff\x00\x00\x00\x00\x00\x00\x00\x00\
\x00\x00\x00.IEC 61966-2.\
1 Default RGB co\
lour space - sRG\
B\x00\x00\x00\x00\x00\x00\x00\x00\x00\x00\x00\x00\x00\x00\x00\
\x00\x00\x00\x00\x00\x00\x00desc\x00\x00\x00\x00\x00\
\x00\x00,Reference Vie\
wing Condition i\
n IEC61966-2.1\x00\x00\
\x00\x00\x00\x00\x00\x00\x00\x00\x00,Refere\
nce Viewing Cond\
ition in IEC6196\
6-2.1\x00\x00\x00\x00\x00\x00\x00\x00\x00\x00\x00\
\x00\x00\x00\x00\x00\x00\x00\x00\x00\x00\x00\x00\x00\x00\x00v\
iew\x00\x00\x00\x00\x00\x13\xa4\xfe\x00\x14_.\x00\
\x10\xcf\x14\x00\x03\xed\xcc\x00\x04\x13\x0b\x00\x03\x5c\x9e\x00\
\x00\x00\x01XYZ \xff\x00\x00\x00\x00\x00L\x09V\
\x00P\x00\x00\x00W\x1f\xe7meas\x00\x00\x00\x00\
\x00\x00\x00\x01\x00\x00\x00\x00\x00\x00\x00\x00\x00\x00\x00\x00\
\x00\x00\x00\x00\x00\x00\x02\x8f\x00\x00\x00\x02sig \
\x00\x00\x00\x00CRT curv\x00\x00\x00\x00\
\x00\x00\x04\x00\x00\x00\x00\x05\x00\x0a\x00\x0f\x00\x14\x00\x19\
\x00\x1e\x00#\x00(\x00-\x002\x007\x00;\x00@\
\x00E\x00J\x00O\x00T\x00Y\x00^\x00c\x00h\
\x00m\x00r\x00w\x00|\x00\x81\x00\x86\x00\x8b\x00\x90\
\x00\x95\x00\x9a\x00\x9f\x00\xa4\x00\xa9\x00\xae\x00\xb2\x00\xb7\
\x00\xbc\x00\xc1\x00\xc6\x00\xcb\x00\xd0\x00\xd5\x00\xdb\x00\xe0\
\x00\xe5\x00\xeb\x00\xf0\x00\xf6\x00\xfb\x01\x01\x01\x07\x01\x0d\
\x01\x13\x01\x19\x01\x1f\x01%\x01+\x012\x018\x01>\
\x01E\x01L\x01R\x01Y\x01`\x01g\x01n\x01u\
\x01|\x01\x83\x01\x8b\x01\x92\x01\x9a\x01\xa1\x01\xa9\x01\xb1\
\x01\xb9\x01\xc1\x01\xc9\x01\xd1\x01\xd9\x01\xe1\x01\xe9\x01\xf2\
\x01\xfa\x02\x03\x02\x0c\x02\xff\x14\x02\x1d\x02&\x02/\x02\
8\x02A\x02K\x02T\x02]\x02g\x02q\x02z\x02\
\x84\x02\x8e\x02\x98\x02\xa2\x02\xac\x02\xb6\x02\xc1\x02\xcb\x02\
\xd5\x02\xe0\x02\xeb\x02\xf5\x03\x00\x03\x0b\x03\x16\x03!\x03\
-\x038\x03C\x03O\x03Z\x03f\x03r\x03~\x03\
\x8a\x03\x96\x03\xa2\x03\xae\x03\xba\x03\xc7\x03\xd3\x03\xe0\x03\
\xec\x03\xf9\x04\x06\x04\x13\x04 \x04-\x04;\x04H\x04\
U\x04c\x04q\x04~\x04\x8c\x04\x9a\x04\xa8\x04\xb6\x04\
\xc4\x04\xd3\x04\xe1\x04\xf0\x04\xfe\x05\x0d\x05\x1c\x05+\x05\
:\x05I\x05X\x05g\x05w\x05\x86\x05\x96\x05\xa6\x05\
\xb5\x05\xc5\x05\xd5\x05\xe5\x05\xf6\x06\x06\x06\x16\x06'\x06\
7\x06H\x06Y\x06j\x06{\x06\x8c\x06\x9d\x06\xaf\x06\
\xc0\x06\xd1\x06\xe3\x06\xf5\x07\x07\x07\x19\x07+\x07=\x07\
O\x07a\x07t\x07\x86\x07\x99\x07\xac\x07\xbf\x07\xd2\x07\
\xe5\x07\xf8\x08\x0b\x08\x1f\x082\x08F\x08Z\x08n\x08\
\x82\x08\x96\x08\xaa\x08\xbe\x08\xd2\x08\xe7\x08\xfb\x09\x10\x09\
%\x09:\x09O\x09d\xff\x09y\x09\x8f\x09\xa4\x09\xba\
\x09\xcf\x09\xe5\x09\xfb\x0a\x11\x0a'\x0a=\x0aT\x0aj\
\x0a\x81\x0a\x98\x0a\xae\x0a\xc5\x0a\xdc\x0a\xf3\x0b\x0b\x0b\x22\
\x0b9\x0bQ\x0bi\x0b\x80\x0b\x98\x0b\xb0\x0b\xc8\x0b\xe1\
\x0b\xf9\x0c\x12\x0c*\x0cC\x0c\x5c\x0cu\x0c\x8e\x0c\xa7\
\x0c\xc0\x0c\xd9\x0c\xf3\x0d\x0d\x0d&\x0d@\x0dZ\x0dt\
\x0d\x8e\x0d\xa9\x0d\xc3\x0d\xde\x0d\xf8\x0e\x13\x0e.\x0eI\
\x0ed\x0e\x7f\x0e\x9b\x0e\xb6\x0e\xd2\x0e\xee\x0f\x09\x0f%\
\x0fA\x0f^\x0fz\x0f\x96\x0f\xb3\x0f\xcf\x0f\xec\x10\x09\
\x10&\x10C\x10a\x10~\x10\x9b\x10\xb9\x10\xd7\x10\xf5\
\x11\x13\x111\x11O\x11m\x11\x8c\x11\xaa\x11\xc9\x11\xe8\
\x12\x07\x12&\x12E\x12d\x12\x84\x12\xa3\x12\xc3\x12\xe3\
\x13\x03\x13#\x13C\x13c\x13\x83\x13\xa4\x13\xc5\x13\xe5\
\x14\x06\x14'\x14I\x14j\x14\x8b\x14\xad\x14\xce\x14\xf0\
\x15\x12\x154\x15V\x15x\x15\x9b\x15\xbd\x15\xe0\x16\x03\
\x16&\x16I\x16l\x16\x8f\x16\xb2\x16\xd6\x16\xfa\x17\x1d\
\x17A\x17e\x17\x89\x17\xff\xae\x17\xd2\x17\xf7\x18\x1b\x18\
@\x18e\x18\x8a\x18\xaf\x18\xd5\x18\xfa\x19 \x19E\x19\
k\x19\x91\x19\xb7\x19\xdd\x1a\x04\x1a*\x1aQ\x1aw\x1a\
\x9e\x1a\xc5\x1a\xec\x1b\x14\x1b;\x1bc\x1b\x8a\x1b\xb2\x1b\
\xda\x1c\x02\x1c*\x1cR\x1c{\x1c\xa3\x1c\xcc\x1c\xf5\x1d\
\x1e\x1dG\x1dp\x1d\x99\x1d\xc3\x1d\xec\x1e\x16\x1e@\x1e\
j\x1e\x94\x1e\xbe\x1e\xe9\x1f\x13\x1f>\x1fi\x1f\x94\x1f\
\xbf\x1f\xea \x15 A l \x98 \xc4 \xf0!\
\x1c!H!u!\xa1!\xce!\xfb\x22'\x22U\x22\
\x82\x22\xaf\x22\xdd#\x0a#8#f#\x94#\xc2#\
\xf0$\x1f$M$|$\xab$\xda%\x09%8%\
h%\x97%\xc7%\xf7&'&W&\x87&\xb7&\
\xe8'\x18'I'z'\xab'\xdc(\x0d(?(\
q(\xa2(\xd4)\x06)8)k)\x9d)\xd0*\
\x02*5*h*\x9b*\xcf+\x02+6+i+\
\x9d+\xd1,\x05,9,n,\xa2,\xd7-\x0c-\
A-v-\xab-\xe1\xff.\x16.L.\x82.\xb7\
.\xee/$/Z/\x91/\xc7/\xfe050l\
0\xa40\xdb1\x121J1\x821\xba1\xf22*\
2c2\x9b2\xd43\x0d3F3\x7f3\xb83\xf1\
4+4e4\x9e4\xd85\x135M5\x875\xc2\
5\xfd676r6\xae6\xe97$7`7\x9c\
7\xd78\x148P8\x8c8\xc89\x059B9\x7f\
9\xbc9\xf9:6:t:\xb2:\xef;-;k\
;\xaa;\xe8<'<e<\xa4<\xe3=\x22=a\
=\xa1=\xe0> >`>\xa0>\xe0?!?a\
?\xa2?\xe2@#@d@\xa6@\xe7A)Aj\
A\xacA\xeeB0BrB\xb5B\xf7C:C}\
C\xc0D\x03DGD\x8aD\xceE\x12EUE\x9a\
E\xdeF\x22FgF\xabF\xf0G5G{G\xc0\
H\x05HKH\x91H\xd7I\x1dIcI\xa9I\xf0\
J7J}J\xc4K\x0cKSK\x9aK\xe2L*\
LrL\xbaM\x02M\xffJM\x93M\xdcN%N\
nN\xb7O\x00OIO\x93O\xddP'PqP\
\xbbQ\x06QPQ\x9bQ\xe6R1R|R\xc7S\
\x13S_S\xaaS\xf6TBT\x8fT\xdbU(U\
uU\xc2V\x0fV\x5cV\xa9V\xf7WDW\x92W\
\xe0X/X}X\xcbY\x1aYiY\xb8Z\x07Z\
VZ\xa6Z\xf5[E[\x95[\xe5\x5c5\x5c\x86\x5c\
\xd6]']x]\xc9^\x1a^l^\xbd_\x0f_\
a_\xb3`\x05`W`\xaa`\xfcaOa\xa2a\
\xf5bIb\x9cb\xf0cCc\x97c\xebd@d\
\x94d\xe9e=e\x92e\xe7f=f\x92f\xe8g\
=g\x93g\xe9h?h\x96h\xeciCi\x9ai\
\xf1jHj\x9fj\xf7kOk\xa7k\xfflWl\
\xafm\x08m`m\xb9n\x12nkn\xc4o\x1eo\
xo\xd1p+p\x86p\xe0q:q\x95q\xf0r\
Kr\xa6s\x01s]s\xb8t\x14tpt\xccu\
(u\x85u\xe1v>\xffv\x9bv\xf8wVw\xb3\
x\x11xnx\xccy*y\x89y\xe7zFz\xa5\
{\x04{c{\xc2|!|\x81|\xe1}A}\xa1\
~\x01~b~\xc2\x7f#\x7f\x84\x7f\xe5\x80G\x80\xa8\
\x81\x0a\x81k\x81\xcd\x820\x82\x92\x82\xf4\x83W\x83\xba\
\x84\x1d\x84\x80\x84\xe3\x85G\x85\xab\x86\x0e\x86r\x86\xd7\
\x87;\x87\x9f\x88\x04\x88i\x88\xce\x893\x89\x99\x89\xfe\
\x8ad\x8a\xca\x8b0\x8b\x96\x8b\xfc\x8cc\x8c\xca\x8d1\
\x8d\x98\x8d\xff\x8ef\x8e\xce\x8f6\x8f\x9e\x90\x06\x90n\
\x90\xd6\x91?\x91\xa8\x92\x11\x92z\x92\xe3\x93M\x93\xb6\
\x94 \x94\x8a\x94\xf4\x95_\x95\xc9\x964\x96\x9f\x97\x0a\
\x97u\x97\xe0\x98L\x98\xb8\x99$\x99\x90\x99\xfc\x9ah\
\x9a\xd5\x9bB\x9b\xaf\x9c\x1c\x9c\x89\x9c\xf7\x9dd\x9d\xd2\
\x9e@\x9e\xae\x9f\x1d\x9f\x8b\x9f\xfa\xa0i\xa0\xd8\xa1G\
\xa1\xb6\xa2&\xa2\x96\xa3\x06\xa3v\xa3\xe6\xa4V\xa4\xc7\
\xa58\xa5\xa9\xa6\x1a\xa6\x8b\xa6\xfd\xa7n\xa7\xe0\xa8R\
\xa8\xc4\xa97\xa9\xa9\xaa\xff\x1c\xaa\x8f\xab\x02\xabu\xab\
\xe9\xac\x5c\xac\xd0\xadD\xad\xb8\xae-\xae\xa1\xaf\x16\xaf\
\x8b\xb0\x00\xb0u\xb0\xea\xb1`\xb1\xd6\xb2K\xb2\xc2\xb3\
8\xb3\xae\xb4%\xb4\x9c\xb5\x13\xb5\x8a\xb6\x01\xb6y\xb6\
\xf0\xb7h\xb7\xe0\xb8Y\xb8\xd1\xb9J\xb9\xc2\xba;\xba\
\xb5\xbb.\xbb\xa7\xbc!\xbc\x9b\xbd\x15\xbd\x8f\xbe\x0a\xbe\
\x84\xbe\xff\xbfz\xbf\xf5\xc0p\xc0\xec\xc1g\xc1\xe3\xc2\
_\xc2\xdb\xc3X\xc3\xd4\xc4Q\xc4\xce\xc5K\xc5\xc8\xc6\
F\xc6\xc3\xc7A\xc7\xbf\xc8=\xc8\xbc\xc9:\xc9\xb9\xca\
8\xca\xb7\xcb6\xcb\xb6\xcc5\xcc\xb5\xcd5\xcd\xb5\xce\
6\xce\xb6\xcf7\xcf\xb8\xd09\xd0\xba\xd1<\xd1\xbe\xd2\
?\xd2\xc1\xd3D\xd3\xc6\xd4I\xd4\xcb\xd5N\xd5\xd1\xd6\
U\xd6\xd8\xd7\x5c\xd7\xe0\xd8d\xd8\xe8\xd9l\xd9\xf1\xda\
v\xda\xfb\xdb\x80\xdc\x05\xdc\x8a\xdd\x10\xdd\x96\xde\x1c\xde\
\xa2\xdf)\xdf\xaf\xe06\xe0\xbd\xe1D\xe1\xcc\xe2S\xe2\
\xdb\xe3c\xe3\xeb\xe4s\xe4\xfc\xe5\x84\xe6\x0d\xe6\x96\xe7\
\x1f\xe7\xa9\xe82\xe8\xbcT\xe9F\xe9\xd0\xea[\xea\xe5\
\xebp\xeb\xfb\xec\x86\xed\x11\xed\x9c\xee(\xee\xb4\xef@\
\xef\xcc\xf0X\xf0\xe5\xf1r\xf1\xff\xf2\x8c\xf3\x19\xf3\xa7\
\xf44\xf4\xc2\xf5P\xf5\xde\xf6m\xf6\xfb\xf7\x8a\xf8\x19\
\xf8\xa8\xf98\xf9\xc7\xfaW\xfa\xe7\xfbw\xfc\x07\xfc\x98\
\xfd)\xfd\xba\xfeK\xfe\xdc\xffm\xff\xff\x00,\x00\x00\
\x00\x00,\x01,\x01\x87\x00\x00\x00\x01\x01\x01\x02\x02\x02\
\x03\x03\x03\x04\x04\x04\x05\x05\x05\x06\x06\x06\x07\x07\x07\x08\
\x08\x08\x09\x09\x09\x0a\x0a\x0a\x0b\x0b\x0b\x0c\x0c\x0c\x0d\x0d\
\x0d\x0e\x0e\x0e\x0f\x0f\x0f\x10\x10\x10\x11\x11\x11\x12\x12\x12\
\x13\x13\x13\x14\x14\x14\x15\x15\x15\x16\x16\x16\x17\x17\x17\x18\
\x18\x18\x19\x19\x19\x1a\x1a\x1a\x1b\x1b\x1b\x1c\x1c\x1c\x1d\x1d\
\x1d\x1e\x1e\x1e\x1f\x1f\x1f   !!!\x22\x22\x22\
###$$$%%%&&&'''(\
(()))***+++,,,--\
-...///000111222\
3334445556667778\
88999:::;;;<<<==\
=>>>???@@@AAABBB\
CCCDDDEEEFFFGGGH\
HHIIIJJJKKKLLLMM\
MNNNOOOPPPQQQRRR\
SSSTTTUUUVVVWWWX\
XXYYYZZZ[[[\x5c\x5c\x5c]]\
]^^^___```aaabbb\
cccdddeeefffgggh\
hhiiijjjkkklllmm\
mnnnooopppqqqrrr\
ssstttuuuvvvwwwx\
xxyyyzzz{{{|||}}\
}~~~\x7f\x7f\x7f\x80\x80\x80\x81\x81\x81\x82\x82\x82\
\x83\x83\x83\x84\x84\x84\x85\x85\x85\x86\x86\x86\x87\x87\x87\x88\
\x88\x88\x89\x89\x89\x8a\x8a\x8a\x8b\x8b\x8b\x8c\x8c\x8c\x8d\x8d\
\x8d\x8e\x8e\x8e\x8f\x8f\x8f\x90\x90\x90\x91\x91\x91\x92\x92\x92\
\x93\x93\x93\x94\x94\x94\x95\x95\x95\x96\x96\x96\x97\x97\x97\x98\
\x98\x98\x99\x99\x99\x9a\x9a\x9a\x9b\x9b\x9b\x9c\x9c\x9c\x9d\x9d\
\x9d\x9e\x9e\x9e\x9f\x9f\x9f\xa0\xa0\xa0\xa1\xa1\xa1\xa2\xa2\xa2\
\xa3\xa3\xa3\xa4\xa4\xa4\xa5\xa5\xa5\xa6\xa6\xa6\xa7\xa7\xa7\xa8\
\xa8\xa8\xa9\xa9\xa9\xaa\xaa\xaa\xab\xab\xab\xac\xac\xac\xad\xad\
\xad\xae\xae\xae\xaf\xaf\xaf\xb0\xb0\xb0\xb1\xb1\xb1\xb2\xb2\xb2\
\xb3\xb3\xb3\xb4\xb4\xb4\xb5\xb5\xb5\xb6\xb6\xb6\xb7\xb7\xb7\xb8\
\xb8\xb8\xb9\xb9\xb9\xba\xba\xba\xbb\xbb\xbb\xbc\xbc\xbc\xbd\xbd\
\xbd\xbe\xbe\xbe\xbf\xbf\xbf\xc0\xc0\xc0\xc1\xc1\xc1\xc2\xc2\xc2\
\xc3\xc3\xc3\xc4\xc4\xc4\xc5\xc5\xc5\xc6\xc6\xc6\xc7\xc7\xc7\xc8\
\xc8\xc8\xc9\xc9\xc9\xca\xca\xca\xcb\xcb\xcb\xcc\xcc\xcc\xcd\xcd\
\xcd\xce\xce\xce\xcf\xcf\xcf\xd0\xd0\xd0\xd1\xd1\xd1\xd2\xd2\xd2\
\xd3\xd3\xd3\xd4\xd4\xd4\xd5\xd5\xd5\xd6\xd6\xd6\xd7\xd7\xd7\xd8\
\xd8\xd8\xd9\xd9\xd9\xda\xda\xda\xdb\xdb\xdb\xdc\xdc\xdc\xdd\xdd\
\xdd\xde\xde\xde\xdf\xdf\xdf\xe0\xe0\xe0\xe1\xe1\xe1\xe2\xe2\xe2\
\xe3\xe3\xe3\xe4\xe4\xe4\xe5\xe5\xe5\xe6\xe6\xe6\xe7\xe7\xe7\xe8\
\xe8\xe8\xe9\xe9\xe9\xea\xea\xea\xeb\xeb\xeb\xec\xec\xec\xed\xed\
\xed\xee\xee\xee\xef\xef\xef\xf0\xf0\xf0\xf1\xf1\xf1\xf2\xf2\xf2\
\xf3\xf3\xf3\xf4\xf4\xf4\xf5\xf5\xf5\xf6\xf6\xf6\xf7\xf7\xf7\xf8\
\xf8\xf8\xf9\xf9\xf9\xfa\xfa\xfa\xfb\xfb\xfb\xfc\xfc\xfc\xfd\xfd\
\xfd\xfe\xfe\xfe\xff\xff\xff\x08\xfe\x00\x01\x08\x1cH\xb0\xa0\
\xc1\x83\x08\x13*\x5c\xc8\xb0\xa1\xc3\x87\x10#J\x9cH\
\xb1\xa2\xc5\x8b\x183j\xdc\xc8\xb1\xa3\xc7\x8f C\x8a\
\x1cI\xb2\xa4\xc9\x93(S\xaa\x5c\xc9\xb2\xa5\xcb\x970\
c\xca\x9cI\xb3\xa6\xcd\x9b8s\xea\xdc\xc9\xb3\xa7\xcf\
\x9f@\x83\x0a\x1dJ\xb4\xa8Q\xa2\x01\x8e*]:4\
iB\xa7N\x0bFeJ\xb5\xea\xcb\xa9\x06\xb1Z\xdd\
\xca\x95\xa6V\x81\x01\x92\x86\x05K\xf0\xeb\xd7\xaeh\xd3\
ZL:@\x80\x00\x03\x04\x0c$8`\xe0\xc0\x01\x02\
x\x09\x08P\xcb\xb7/G\xb7\x07\x10,`\x90\xa0A\
\x03\x06\x0e\x1e0@\xbcx\xc1\x02\x05p\xcf\xfa\x9dL\
\xd9\xe0\x80\x02\x09\x144p\xb0\x993g\xc3\x9b7?\
0\xcc\x99\xf0\x81\x01\x03$W^\xcd5,\x81\x04\x09\
F\x7f\xfe\x0c\xba\xb6m\xd2\x0e\x1c(\x80,@5\xeb\
\xdfG\x03\x0c@\xa0\x80\xf6\xed\xe3\xc8;+N`\x00\
\xb8\xf3\xa6\x08/3HN\xbdzn\xce\x09\xf4>\xdf\
NTn\xe8\xea\xe0\x91\xfe_o\xc0\x9b\xbb\xf9\x9d\x01\
\x04\x1c \x1d\xbe=u\xc5\x05\xce\xcb\xaf\xc96\x81g\
\xc4\xdf\xdd\xeb\xef\xac\xa0\x00V\xdf\xf3\x05\xa8\xd1T\x03\
\xd8w\xd8~\x08\x82\xe6\xc0t\x8a\x1d\xb0\x97\x80\x10\xa6\
4@q\x07\x1a\x86_\x82\xe1\x19w\x18\x02cE\xe8\
\xa1H\x13j\x98\x1f\x86\xfbq\x86@j\x1f\xa6\x98\x91\
X\x00\x84h!\x890\xda\x86\x80\x8a4fT`m\
\x22\xc6\x88\xe1\x01\x00\xd6\xe8\xe3A\x06\xea(\xa4\x82\x0c\
\x10\xf0\xe3\x91O\x11d@n\xd3\x0d9\xa4\x03\xd9\x01\
\xd0#\x92*\x0e\xb0\x19b\x0b\xe6\xe8\xa4{\xf8)\xf0\
 \x95`\x82\x15$hMn\x19csa\x1e\x19\x95\
\x01\x07.\xf8\xa2\x991*0@\x9aT\x0ap\xdct\
e\xc2\x99\xa0\x03\x07\xd0\x89\xe4\x01Z\xea\x09#\x03\x0b\
h5\xa5\x9f\xbf- \xa8\x9e\x0e\x18\xf0\x1f\xa2\x10\x12\
\x10\xe8\xa2$:\xb0\xc0\x97\x90z\xa8\xd9\xa4\x94b\x18\
_\xa6\x1eZya\xa7N*\x00\xaa\x87\xeb\x91\xaa\xe7\
\xa1\xa7V\xa6\xa8\x9b\xfe\xaa>\xf9i\xab\xf2\x05\x10k\
\x8cM\xd2\xe6\xc0\x8c\xb4\x02\xe5\xd4\xac\xac2D\xc0\xad\
p.p\x11\x80\xc1\x86\xa9ZR\x0f\x82\x00@\x067\
4\xe0A\x13&\xa4\xd0\x02\x0bb\xcd\xbaP\x87\x08\xb1\
I\xec\x96\x0c`*\xe5\xb6\x03A5\xae@\x04\x04\xf0\
\xda\x00\x04\x1c\xe0\xdfeQ\x99K\xa7o\x010`@\
\x18F\xc4\xf2\xc9!\xc9\x08\xc3\xc94\xe0\xc4\xa2\xc9.\
\x97\x80\xd1\x83\x0bH`p.E\x08|k\xa6\x91\x0e\
\xc5[\x10\x01\x97\xe9&\xc1\x04\x12\x5c\x80\x01\xc6\x16L\
\xf0\x80\x04\x11,\x80f\xaf\x05%\xc0\x04\x0e\xa5@\xe2\
\x0e;\xf8\xfc\xf3O\xcb\xfe\xe8\xe3\xcf?\xfb\xd8\xe3\xb2\
6\xaf\x04\x13H\x19-\xf49\x15\xb7\x0a)\xea\xb0\x93\
}N$\x96\x01\x0c<\x90\x01\x05\x1ad\x80\x81\x07\x1b\
h\xd0A\x07\x1aH\x1du\x06\x1a`0\x9a\x01\x06\xb4\
\x05iT\x0c\x00\xb0\xc7\x1e\xeeT3s?.\xa7\xed\
\xf2\xcc3\xaf\xed\xb2>\xe1d\x83J\x1fL\x5c\xc0\xe2\
\xc2O\x0d\xbd%\xfe\xaf\x12\xc15A\x04\x1c`\xd0\x01\
\x07\x1ap\x10\xb5\x06\x87\x1f^x\xd4\x1ct\xb0A\xc7\
\x0c\x9c\x08j\x0aM\xac\x92N\xdam\xbb\xfdO\xdbl\
\xab\x9d\xb9;\xe3L3I\x1b\x1d\x90\xc5\x90\x9dd\xea\
Mb\xe4}/@\x81\x05\x1b\x10\xce\x01\xd6U\xd7N\
{\xedW\xe3>\xb8\x06\x14<\xe0\xb5\xe9?&E\xc2\
\x0d\xc04\x83\xb9\xda\x9e'\x7f\xbc\xe6\xf9\xac\x93\xce \
0@\x80wt\xb5\xe5\xa9\xfa~\x09D\xd4\x80\x04\xb3\
\x13^;\xe2\xdf\xe3\xbe\xc1\xed\x8a\xd3\xce\xc1\xf9\x144\
02\x95\x5c,2O>\xc8k\xee\x0f\xe7\xf1\xd7\x8f\
\xbc8\xa6pa\xacoV^\xafc\xf6\x0d\x11\xc0\x00\
\x22\x80\x81\x0d\x18\xb0j\x8a\x0b\x9f\x02\x15x;\x04R\
\x0d\x03\xf6\xa2\xd1\xdd\x00\xf0\x06n\xc0\xcf~\x18\xcc \
\x06\xb5\xa1\x89\x16<\xaa\x5c\x02\x80\x95\xff0\xc4\xb7r\
-L]\x0a\xa8\x80\xe1\xc0\xb7\xc0\x16\xba\xb0i\xe1\xdb\
\x00\xd5$\x90\x809\x95E@l\x01\x00\x22\xe6\xc1\x8f\
\xcdi\xf0\x87\xfe\x1a\xcc\xdc3\xc6\xa0\x81\x07i\x05u\
\x15\x1a!\xf6\x0e\x12\xaf\x02d\xec\x80/\x8c\xa2\x14\x11\
\xd8\xb4\x0a\x98\xea\x86\xe7\x89\x0a\x028\x90\x88\x7f\xa0-\
s@\x0cc\x06\xab\x11\x87\x09dE \x02\xb0\x9e\x12\
\xf5\x03@,\x0a\xa4\x00X\x83\xe2\x14\xe7\xf8\xc2\xd9a\
\xc0\x016\x94\x97y\x02p\x00\x22\x98byb\x0c\xa4\
\xf2\x5c\xe6\x8d:p\x80,\xf1Z#\x89\xdax\x108\
\xae\x90\x8e\x90\xfc^\x02\xabf8\x09hk>\x05 \
B/\xea\x07FA\x86\x11\x8c\xde\x88C\x05\x0c\xa5\xc8\
\x1d%\xc4\x91T\xacZ\x03#\x09\xc9\xf1U\x0d\x02b\
IVW\xc6\x22\x82M\x22\xaf\x93\x9e\x04b\xe7\x5c\xb6\
\x8fk\xc4A\x03\xd3Sc)\xc1s\xc9\x81\xa0\x92\x85\
\xabd%\x1d\xa3\xc6\xcc\x0eH\x00b\xb5R\x85\xfdp\
\x99KO\x82\xa3\x0e\x0f0\x08\x0285\xcc\xea\x89\xeb\
\x8d\x18\xf0\x1e\xeeX\xa8\xccH\xe6\xcep\x0c\xb8\x9b,\
\xab\x12\x00Hh\xae\x9a\xf0|\xe7\xe6\xae\xc1\x05\x83H\
\xaa\x9b\xed\xfe\x09\x9be.0I\x06\x963|\xc9\xbc\
]\x03/\xb0\x00\x1bR\xc6P\x00hC<\x17\x8a\xc1\
\x99Y#\x06eA\xddt\xb89B\xda\x98\xeag\x0f\
\x18\xe7?7\xba\xc0\x0d``F\xeb,\x0a\xd0\x000\
\x85y0\xf4\xa4\x83\xacD\xd1\xc0\x224\x11\xe2\xf36\
%\x94\xd2\x01\xf8\xc9\xd1\x9a.\xb0\x92+\x0d\xa9\xaf\xd0\
8\x90\x084\x83\x9a(e\xa88\xa6\xb0\xb0\x86\xb1\xe7\
\xa5.u@|\xa6\xa2B\x04&\xd3\xa6\xff$\x5c6\
\x9f\xb3\x06\xb4\x0d2\xa8\xf0\x9c\x1f0F\xa0\xa4\x97&\
\xc7M\x06q\x808\xfb\x09\xd5\x8d\x8e/\xa6j\x91W\
\x06\xca\xe1C\xac\xa2\xd4\xaa\xff`D\x03\x062\x00\xa1\
y\xf58+\x95\xa9F\xcb\xca\xd7\x0eD\xe0\x9bi\x99\
\x8a\x1d\x00\xe9V\x94\x8e\x03\x08\x04\x89\xcd]\x8f#.\
\xa6\xa5\xd2\xa9|\xfd'3/\xc0H\xca\x1c\x80\x1b\xb7\
,lP\xfd\xc0\xa2\x01\x08\xd3\xabWD#\x01\x0c\xf8\
\xd4\xc8n\x14k\x19\x80\xa5_\xb85\x07\xcd\xba\xf6\x1f\
\xdc\xb0\xfe\xdb\xb8\x0a\xb3XXAS \x11h!Y\
M\xbb\xcc\xaaa`}~\x99\x00f_\xab\xd91D\
\x85\x00v\xa5\xa8\xea\x0aE\x10\x01\x5c\x00\x86\xbc\x8dl\
\x068 \x01\xb3lE,Oh+q\xb1\xaa\x8b\x08\
@\x85\xb6\xb5uTb\xa1\x1b\xdd\xc8\xce.\xafh\x89\
\x0a(\x80\xba\xddx\xbe\xc3\x08dA\xdab\xc9\xd3\x1b\
\xb28\xb6\xbc\xbc\xdd@h\xd3\x9a\x1em\xb4\xb7\xb0\xf7\
\xb0C\x87\x04@\xdb2)\x97Tx\x82\x98X\x06\xa0\
\xb8\xdd\xe2\x97\x8e\x198\x1c\xd6\x1e\xa0S\x9f8e\x03\
=d\xef\x7f=\xe9\x0f]\xe4\xb1E\x9a\xc1\x91\x12\x9b\
\x94S\x81,\x00q\xa5}\xb09\xbfW\x01\xc0^\x17\
\x00`\xd0\xf0\x86s\xe9\x8e\xa9\x8e\x8b\x00\x8c\x19\xa6n\
\xf4(\x01\x15G7\x03K\xed\xcb,f\x5c\xd8\x12 \
\x12\x00\x07\xf8\xac\xeat3\xa7\xa9\x08\xa0\x02\xe3s\xa5\
\x8f\x95\x99\xcc\x0d\x18\x8b/\x010\x00:\x88\xecV)\
\x98PJFUd\x04-\x83\x81\xbdN\xb9\x9c\xb4\xdb\
\x80\xfe\x04\xce\xb8\x95\x11\xc8\x98\xcb\x82,\xc4And\
\x1b%W\xea8\xc6\xb1\x14\x8f\x0eB\x80\x14\x9f\xf9\x9f\
\x17\xe8K\x00`\x00g\xac\xbe\xc2P\xaf\x19\x91\xaa\xf2\
\xb4 \x03\xb8\x18\x01\x7f6m\x06*\xec\x93\x1e\xcc\xaf\
\xd0'\xd5\xc6\xa7\xb0\x92\xe8\xd2 8u\x96\xf2OB\
\x1a\x10i\xd3\xba\xd8*L\xc04J\xe7\xb1\xe6\xe84\
\xcc\xce\x8c\xb2\x94x\x13\x02\x81R\xf3u\x03\x06MK\
\x16\xde\xac\xea\x1f\xb2\xfa\xcb\x04\x19@\x92\x1f\xf0\x19X\
#\xa8Iez\xc0\x02\xd25\xc1\x82\xe4\xd6\xd6P\xdd\
\xc0m\xd1\x82\x86^\xc7sf\xee\x08\xadY\xe4\x9b\x1b\
A\xe5\x8a0\xd3FHF\xa1m\xd3\x0d\x14\x93+\xad\
\xb5v<\xcb\xd1#\x02\x08F\xd1N\xc2\x8e\x83\xdc\x18\
Vr\xdb\x94\x03\xe8\xed\xca\x1e\xd4]\xcd\x99y\xa3!\
\xccr\xf7b\x84d=\x06\x9c\x06x\x0a!\xf5c\xed\
\x1dI\x0e\xa0\x95+g\xd0.\xbf\x03)\x8dC\xa5G\
.xjO\xa0J\xd3\x1f\x890`\xe1\x0co\xe5\xb4\
\xfe)}\x93 \xf0z\xe2\xf13\x06\xb0\x17\x22\x80v\
\x11j1\xe3Q\x90\xccmC\x9b\x03\xd4\xf0\xd4A\x0b\
9GqN\x95\x11\xec\x03\xe5\x9e\xacE\xb3\x01~\x19\
\x04\x10g\x01\x89\xe9L\xb7\x97.\x9b\x07(\xc0^\xcd\
\xc9uD\x12\xa0\xf3\x7f*\xac/\x07\x10\x07\xd0\x05Y\
\x89`9\xf92\x05\x08\x8cc\x12\x80\x18\xc7`\xc71\
\x81\xa1\x18\xa5\x13\x90\x81\x08W\xbd\x95\x14\x98\x9eU\x9c\
\xc2\x8b\xad\x7f\xf2\x1fO\x90{Db)\x80\x02\xe8%\
.p\xe9\x9apx\x8a\xf0\xbea\xc0\xcfoW\xe0\x06\
\xa4\x17X\xb0X\xc2\xeea\xac\x87\x8dA\xa2G\x85\x04\
K\x00\x14pp\xe2\x17x\xe5\xbep\xe1\xe7\x90\xd7\xe0\
1\xf4.\x91\xb3H\x8c\x89\x16i\x8087/E\xe0\
\xbeX $ G\xe85\x88\x88\xcaG,&\x06\x90\
#\xeb_hD\xbe\x0c\xa0\x14p\x9d=\xf2\xf6\xd1\x83\
\x95\x07\xa5\x80\xbb\xd7m\xd3Z\xdd\xf8\x81|!\x1e\xf1\
;\xf9\x86373{\x5c\x99\xe4-\xe1^\xf2\x17\xfe\
H\xbb|\xab\xe5\x05\xe5\xb8\xf4U\x81\xee\x8fR\x14^\
(\x0a \xef\xf6\xbf'[\xca$\xa0\x13k;\x1b\xf9\
\xdb\xea\x8f{\xe4\xe0K\xd8G\xc9\xaf*\xb0\xfe\x18n\
`\xae\x82\x06\x16\x01\x00\x04\xe2\x07y\xbb4\x0b\xd9c\
{\x16\x06\x00!\xa4y:\xd7`R\x97V\x02q\x00\
\xba\xd0C\x127q\x99S\x0f6@\x15\x01P\x00\x17\
\xb0z\xebgF\x95!\x16P\xe0\x0d\xc2\xb76\xad\xb0\
\x14S\xf1q\xdb\x17eY\xe3}~\x91\x01\x9c O\
v\x87\x03[1\x00\xf7\x95|\x11\xe6]\xce\xa1\x03\xe7\
\xa0n\xd4\xd46\xaa0wR\xe2\x00\xa4\xf5=\x88\xf7\
g\x1e%j\xceQ\x05Zgm\xb843\xcd0\x03\
\xf9'\x13IA\x00\x13\xf0Ho\x978\x95\xf5\x1b\x09\
`\x092Sh\xbb$q\xe5\xf0\x05FR\x85.1\
\x15\x07`\x01f\xa6s\x8c\xf7\x1cI!\x04\x98%}\
XE?\xc7\x03\x08\xae\xc7\x81\x00\xa0\x00\xb0\x13r\x89\
\xe3[\xe7\xf6\x1b\x0c\xe0\x06\xed@\x87n5\x86\xfe\xff\
@\x0a\x81\xc8\x14b\xf1\x00\xb1\x13G\xf6F;\x19\x90\
N{$%g\xb0\x0d\x86X\x87j\xa3\x0c%\x86\x16\
\x05\x10\x01\xbagkq\x84\x01\x00x~\xbf\xd1\x00v\
\x90\x0f\x99\xc8P\xd4\xf7\x0f\xd3\xe0,h\x98\x13N\xc4\
p\xcctG\xc6\xb7\x1d\x0d\xb0\x06\xfe\xd5k\xc7p\x03\
\xab\x81\x00\xb0#eg\xa68\xb6Ho\xab1tp\
\xf0\x0e\x9c\x84R\xecU\x0f\xc7PC\xb1\x88\x13k\x12\
\x01\x11\xe6\x82\x88\xd3O\x0e\xf8BRv\x84mW\x8a\
Yd\x10\x170\x07\xd1\x90Y\xe4\x18H\x1a\xd6\x0d\x96\
\x90\x00#\x85eo\xe4\x00\xcf\x15\x8a\x91\x94bn\x07\
C\x84s\x01a\xc3s\x07%\x80\x06a\x04\x87\x80\x0d\
\xf2\x84\x88\xe6HX\xcbP\x070\xd8|`\x81c\x16\
p>\xc8\x94\x8d\x10\x86@\x06\x04\x01\xdeX+\x08!\
\x00\x10\xe0\x04\xbe\xf0\x0e\x16(H`\x04T-\x83\x09\
\x5c\xe0z\xd1\xc8\x13\x02\x80\x00\x13\x10;\x0c\xd9B\xe4\
\xe3[\xe3\x14a\x0bP\x90\xbf\xa1\x80e\xc1\xfe\x00K\
0\x0a\xbb\x98K\x1a\xa6\x0e\xc8 \x07\x17\xc0\x84\xe6Q\
\x00\x0d@\x01\xd3\x05\x8fST>\xc8\x148\x13\xd0\x85\
\xdf\x88\x10w3\x02\x5c\xd0\x0b\xf7\x00?\xc1ww\xf1\
\xf7\x0f\xe4\xe0\x0dU\x80\x04-2.!9\x14\xc2\xe6\
\x00\x16P@'\xb9Wn\x978\x15\xd0\x00A\x96\x94\
\xa8g\x16\x0f\x00\x06\x8d\xc0\x0e\xea@3o\xd69\xf3\
cU\xa9\x90\x08%\xb0\x88{4!\x10\xc0\x7f\x8b\x13\
\x96\x06d@\x1d\x10a\x10\x10\x01\xa8\xc1fp\x88&\
\x1c\x02\x00\x92\x92$N\x01\x04k`\x0c\xde\x10\x0fO\
8Mo\xe3\x0f\xf60\x0c\xd5P\x06\x83 \x01\x15\xa0\
\x22NQ \x140\x01_\xd98 (IM\xe38\
Rs\x01\x17`)\x11h\x1e\xcd\x01\x02#\xc0\x02e\
\xe0\x04:\xa0\x06\x5cp\x04mp\x06G`\x00\x1d\xe0\
\x01\x17\xb5r\x1b\xf0\x04\x8d\xc0\x07\x8e\x00\x0a\xe7p\x0f\
\xd9\x10\x0e\xff`\x0f\xcf@\x0f\xf4\xa0\x0b\xdbp\x0dx\
\xe0\x08!\xe0\x8b\x0c\x88$\x03`\x00\x0a\xfe\x90\x00\x10\
 \x01\x07T@\x1eP5S\x13N\x19\xc0\x7f\x12\x00\
\x01\x0e\x80\x17\x0e\xd1d{\xc1,R\xc1f[\x19\x12\
2\x00\x01Z0\x07~\xc0\x0c\xa8@\x0d\xf3\xf0\x0b\xca\
 \x0f\xd4p\x0c\xde\xa0\x0e\x9f\xd0\x08w0\x07c0\
\x02\xfa\x94\x15\x01\xe0\x01\xce\xd2\x02h\x00\x07k\xf0\x05\
\x86\x10\x05H\xc0\x06>\x00\x02K\xf03\xca\xd2r#\
\xc9\x00\x12\xa0\x18\x11`\x01\x11\xf0\x00\x17\x10\x01\x0a\xf0\
\x00u\xd1\x1c\xa7\x96\x14\xa7\xe1\x00VT\x92\x83\xa1\x01\
\x13`s\x05\xb0T\xcb\x82\x1e\xe8\x02\x00P@\x05\xa9\
\x90\x0bu\xc7\x0d\xf4\x90\x0f\xe70\x0f\xfa\xc0\x0e\xe8\xc0\
\x0f\xf0`\x0e\xf7\xa0\x0f\xfa\x10\x0d\xcf \x0e\xbeP\x09\
E\xe0\x00\xc0\x86\x15\x09\x10h\x00@\xa5\x00\x00RZ\
\xa9,L\x94.\x00\xe0w\xc2q\x86\x96\x17\x00\x08`\
\x00%*\x02(P\x025\xe0\x02+@\x033\x90\x02\
/`\x03*@\x02\x19\xd0\x01\x16\xe0\x00@\x13\x9f\x03\
\xb20\x220\x02\x93P\x0b\xef\xc0\x0d\xfe\xfd\xf0\x0e\xe8\
\x10\x0f\xe7\x90\xa8\xe5\x90\xa8\xe7P\x0e\xe6\xd0\xa8\xe6\xd0\
\x0e\xf2\x10\x0f\xe4\xc0\x0e\xf7P\x0e\x9c0\x07\x1a\x00M\
\xa67=|\xca\x1aS\xa2\xa1a\x11\x01\x10\xc0\x02#\
\x00\x033\x00\x03:P\x034`\x0360\x035\x80\
\x034@\x038\x90\x032\x00\x03-\x10\x03$\xb0\x01\
\x8e\xf6\xa9\x1e\x01\x020\xe0\x09\xab\x80\x0f\xeb\xd0\x0e\xee\
`\x0e\xe8\xe0\xa8\xe6\xb0\xa8\xcaz\x0e\xe6\xf0\xac\xcf\xea\
\xa8\xe7\x80\x0e\xe9\x10\xa9\xeb\xf0\x0f\xaf\xd0\x085\xa0-\
\x92QyC\x07&\xdf\xfa\x9e\x03!)\x19\xc0\x020\
\x10\xab2P\x0350\x033\x00\xa7\xec\xfa\xae\xef\xea\
\xaa\xedj\x03:\x80\x02!P$\xa4G\x1fU\xf0\x07\
\xdb\xc0\x0d\xfa`\x0e\xd5\xba\xa8\xd0\xfa\xa8\x8e\xaa\xac\x03\
{\xb0\xd2\x9a\x0e\xea\xb0\x0e\xf80\x0dn \x0315\
A\x12+\xae^j\x8c\x06\xb1\x1b%`\x02\xb6\xfa\xaa\
\xed*\x03\xf0\x0a\xaf\xee\x0a\xb2\xec:\xab9\xe0\x02 \
P\x01`\xea\xab{\x97\x95w\xd0\xfe\x0c\xdf@\x0f\xed\
\xc0\xac\x04;\xb0\xe5 \xb0\xd0j\xb3\x8f\xfa\xac\x89\x1a\
\xad\xea\x10\xa9\xd3\xc0\x09M\x80\x8f\xf0\x99)\xdc\xa2\x96\
#\xa0\x025`\x03p\xea\xae2@\x032\xe0\xb1\xef\
\x0a\xb5\x1f\xcb\xaeP\xeb\xae4p\x03\x220\x01x\xe9\
\x12\x09\x80\x01~\xb0\x0f\xe4\xf0\x0e7\x1b\xad\xd0\xea\xac\
\x07\xab\xb38k\xb69\xab\xac\xe8@\x0f\xdc\x80\x0b[\
\x80z\x007/=\x12\x00\x12\x00\x031p\x03\xef\x1a\
\xb2#\xfb\xb1|\x0b\xa7M;\xb5K;\x03*\xc0\xab\
0\x81\x152I\x09\xfe\x00\xb0g\xdb\xb8\x8e\xfb\xb8e\
\xfb\xac\xe9\xf0\x0e\xf8\x00\x0f\x84\xa0\x03\xe1F2\x12\xa1\
\x00\x17`\x03R;\xb5\xa0\x1b\xba\xa2\xcb\xae\xeb\xca\x02\
\x1f\xd0d,1A\x0fp\x06\xb3\x90\x0f\xe8\xa0\xb6\x90\
\x1b\xbb\xb2[\xb6\xfa\xd0\x0e\xabp\x04\xfb\xa5\xb9\x11Q\
\x01!\xa0\xae\xa3\xfb\xbb\xc0;\xb2Nk\x038\x90\x02\
\x11\xc0\xad,\xd1\x00\x8e@\x0c\xf3\xb0\xac\xb3\xfb\xbc\x90\
\xdb\xa8\x8dJ\x0e\xeap\x0e\xae\xfeP\x04(\xa2\xbb\x96\
W\x10\x1b\xf0\xa63\xf0\xb9\xc1\x1b\xbe{\xeb\xb1p\xea\
\xaa,\xb0\x01.Y\x12\x0b\xb0\x06\xdb\x10\x0f\xcek\xb0\
\xd0\x1b\xbf\xce\xeb\xac\x8d\xda\xb6\xf0P\x0a<\x80&*\
\x0b!N\xa1\x011\xb0\xae|+\xbe\x02\xfc\xb4\x1dK\
\xbe/\x00d-q\x00`p\x0c1\x9b\xb3\xce+\xbf\
\xf1k\xb65k\xb6\xce:\x0a/p\x9d\xda\xab\x94R\
r\xb7\xed\x1a\xc0\x02\x1c\xbeNK\xb5\x1d\x1b\xab-P\
\x01\xadI\x12\x06\xf0\x03\xc1\xf0\x0e\xcc\x0a\xbb\x10\xfc\xbc\
j\xeb\xc2\xf40\x0f\x9a@\x85\xfb\x0b!\x13\x90\x02!\
\x1b\xb8\x1f\xfc\xc1R[\xb54\xb0\x02\xad\xb6\xbf\x01`\
\x03\xac\x80\xa8h\xeb\xc2/<\xbb\xce\x0a\xbf\x8d\x0a\x0f\
\xe4\x10\x09\x93\x97\xc1\x05\xf1\x00:,\xc2\x1e\xdc\xc3Z\
\xdc\xb48\xb0\x02\x7f\x85\x12\x0a`\x0a\xf4@\xbf\xca\x0a\
\xbfK,\xbbd|\xb6\xe5\xe0\x0e\xeb\xe0\x07\x11I\xc5\
[Z\x02\xb3\xaa\xc5t,\xc2\xa1[\x03(\xa0\x00U\
h{I\xe1\x07\xf5p\xc6\xfe\x80,\xbb\xe8\xb0\x0f\xe1\
\x00_\xe7r\xc3\xc7H\x10 0\xc7u\xdc\xc8\xa1+\
\x036p\x02\xcd\x91\x7f\xe6\xc2\x229P\xad\x81\x9c\xc9\
\x8e\xeb\xa8\xe0\xf0\x08\x13\x10KT\xfc\x00\x1c\xeb\xc8\xa4\
<\xb57p\x03ED\xb1kQ\x10\xa2 \xb3\x9a\x9c\
\xc9N|\x0e\xd8\x10\x05p,\x10\x06\x90\x02\xedZ\xca\
\xba\xfc\xbd\xdf\x8b\xc7\x09\xb8\x22\x85\xa7\x03\xe3 \xbd\xaf\
\xac\xc9e\x8c\xac\xf9\xc0\x0c,p\xc2\xb4b\x01\x04\xbc\
\xcb\x8d\x1c\xc0M\xbb\x01\x94,/\x100\x0b\xc7J\xb6\
\xc5\x1c\xc8\xd2\xeb\xa8\xec\xb0\x0f\x85`c\x88\xbc\x1a\x04\
\xe0\x02\xb9\x0c\xcd\xd1l\xc76\x10\x03\xaae\x8a\xa57\
\x10T\xd0\xac\x0e\xbc\xcdK,\xcf\xcb\x9a\x0e\xbd\xa0\x02\
\xf9\x8a(a\xe1\x01z\x9b\xc5\xe8,\xc0\x01\x9c\x03$\
\x90\x87Fc\x10\xbb\xd0\xb3\xf4\x0c\xcb:K\x0e\x90\xba\
\xac_0\xce\xac\x81\x00/ \xb2\x01\xad\xc5!\xfc\xbd\
p\x0a\x03\xcc\xd7\x110\xd0\xbc\x0b\xbd\xcd\xb0+\x0f\xa6\
\x90\xc1\x17\x10\xb2\x00}\xfe\xd1\xa3\xdb\xb4\xe0\xcb\xae\x1e\
\xb0\x11S\x01\x08\xd5;\xcf!]\xcc\xecP\x0e'\xd0\
+Q\xa1\x02*\xad\xd2*\x10\xae\xef\x0c\x00\x060\x0c\
\xe8P\xd3!\x9d\xa8\xfd\xe0\x07\xee\xec'\x09\x80\xaav\
\xdc\xd3\xa4\xec\xb1Z\x9a\x7f&\x10\x0eF]\xd3\xe5\x10\
\x0f\xbc`\x01\x9a\x8b\x01L\x0b\xd5\xba,\x037\x10\x02\
\x1e\x91\x06\x98|\xd5\xf4<\xad\xd90\x04BK%\x01\
p\xc5\x19\x0d\xd6\xa4\x5c\x03/`\xd0\x0f\xf13\xb4\x80\
\xd6F-\x0eh \xd1~q\x00!\x9c\xd2r=\xc0\
\xec*\x82\x1aQ\x01V\xad\xd7\xdb,\xb0\xe7@\x08\xfb\
\x1c&\x13\xe0\xb9}+\xd8\x83\x1d\xbe/\xbd\x112\xa0\
\xd8\x0b\xed\xa8\xe9\x00\x0a~\xdd\x17\x1d\xb0\xaeQ[\xd9\
\xa4,\x02\x94\xe6\x14=\xc0\x0e\x9a\xbd\xd0\xe8\x80\x0bm\
\x8d$\x22@\xd9\xa4\x0d\xc2\xedZ\x02\xf5\x95\x11Q \
\xb6\xab\xad\xc9\x90\x8a\x0e\xce\x90\xbb\x99r\x02\xb3\xbd\xcb\
2\x90\x02\x99K\x11d\x90\xa4\xbb\xcd\xdb\x8f:\x0e\x87\
\xd4*\x01\xb0\x02\xc3\xfe\xbd\xcb,\xb0\xb5\x10\xa1\x07\xba\
\xbd\xdc\x81\xac\xac\xf0 \x03DKW\xe6<\xdd\xa4L\
\x03/\x90\xbe\x101\x09\xed\xa0\xdd\xc5L\x0fT\xf0\xdd\
\xb6\x5c\xd1\xe2M\xca1\x00\xdc\x14\x11\x00\xad\xa0\xda\xea\
\x0d\xc8fK\x0fX@+M\x1d\xdf\xa5\xfc\xc6\x15!\
\x0b\xd9\x9c\xdf\xf5\xec\xac\xf1\xa0\x03\xb4\xa2\x00\xf0\x0d\xe0\
=\x5c\xb5\x02N\x11\x93\xa0\xdc\x06\xbe\xc4\xce\xda\x0e9\
\xfd\xd9hq\x00\xe1\xed\xe0t,\x03Hi4n \
\x0ff\x5c\xe1\xf2{\x0e\x19@+\x03\xc0\x02\x1e^\xc7\
u\x8d\x11N\xd1\x04\x05N\xb6%n\xe2\x8e\xeb\x0do\
\x08*o-\xdb->\xda\xed\xda\x02\xc7=\x118P\
\xd4\x91\xab\xc46N\xb3\xd1*\x0d\xe6\x0d&l:\xb5\
-\xdd\xe3\x1f\xbb\x02\xaf\xad\xc1\xb0\xa7\x0dG\x1e\xc1:\
[\x0c\xccL'  \xda\xf0\xfa\xe4P\xfe\xae&\x90\
\x7f\x17\x80\x0c\x07k\xe4W^\xe4CH+\x01\x90\x01\
\xa3\x1c\xe6\xc1\xeb,\xc0\x0c\x01y\x9d\xe6L\x5c\xb3\xe8\
\xb0\x06$\xf3\x00\xfe\xbe\x0b\xe7\xc1\xcb\xd5\x1b\x91\x00\x8b\
`\xe7\xb3\xab\xac\xdf`\x02$S\x00.\xf0\xe6~\x1e\
\xba4\xb0\xe4\x0fA\x00Op\x0e\xe9P\xe3\x84~\xb0\
\xc9`\xddi\xe2\x01<\x0e\xe7)\xf0\xd8\x11\x91\x01\xce\
\x80\xa8\x96N\xe8\x9c-g\x9a\x1b\x011\xd0\xe8\xa3K\
\x03\x80\xfe\x17\x86p\x0f\x97\xde\xb8j\xfb\x0eT\xa8\xb9\
\x08\x80\x02q\xcd\xea\x1f\x0b\xe9\xe4B\x105`\x0e=\
\x8b\xe6\x06\x8e\xb3e\x9b\x0d\xa8\xdb+\x02@\x02\x00\x0c\
\xe6\x0e\x0e\xb5\xe4\xab\xcf\x1f\x81\x00\xb2\x10\xb0\x84\x0e\xa9\
\xb0\x1b\x0f\x93\x90\xc1\x15\xc0\xeb\xa0K\x03X\xea\x11\x01\
\xf0\x06\xe0P\xea\xc5\xbe\xb3\xd0\x8a\x0e\xdb\x90\xd3\xda\x8b\
\x00,`\xab\xbc.\xb5-`\xd7+{7<\xa0\x0c\
\xcdk\xee\xcb\xdd\xc4\xae\x5c\x0e\x81\x00\xc7\x11\xf0\xccP\
\x0e\xed\xf1\xda~\x1f\xe1\x00t\x80\xa4M\x9c\xe6\x8c\xbd\
\xa8\xe0`dK\xfd5!\x10\xd8=\xce\xc3\xecj\x03\
R\x0e\xea\xb7W\x10\x06\xa0\x0a=k\xecv.\x0fq\
\x10\xf1D\x1b\xfe\x010\xa0\xb7~\xee\xae1\x10w\xfa\
\x08\xe3\xc0c\x04\xc7P\x0e\xe4\xa0\xef\xf9\x8d\x0e\xc0\xf0\
p\x9a;\x00!\x90\x03\x9d.\xd7_]\x03%@\xa6\
\x22\x11\x01\x94P\xa4\x91\xab\xd9\x06\x0b\xbf\x8b\xda\xa8\xf6\
\xd0\x05\xb5<.\x06\xf0\xa6\x1e\xec\xec=\xcd\xd2\xedZ\
\x03\x09:\x12\x030\x03\xd0\xa0\x0f\xc4n\xd4\x0bO\xb3\
f\xdb\x0f\xaa@\xef\x9a[\x01-`\x035 \xb5=\
O\xdc{K\x03\xc0\x84\x12Y\xc0\x0c\xecp\x0e\xe4\x10\
\xad_/\xd2\x0f\x8c\xf7\xf8\xb0\x0b!\x9e\xc1\x05\xb0\x01\
\xabn\xb5T\x0f\xd6\xb3\x0a\x02A\x0e\x12\x13\xa0\x06\xd3\
\xb0\x0f\xaaM\xf3\xcc\xad\xcd\xf3[\x0f\xc1\xf0\xdcp\xfc\
3\x08\xf0\x01\x85/\xd7\xe4K\x03!@\xdf!\xe1\x14\
\x160\x07\xd5P\xe9-\xbc\xf7h-\xad\xe50\x0f\xc6\
\x90\x03O\xefF\x07\x10\x02M\xbb\xeb\xb3\x0d\xa7$\x00\
\xfa\x22\xc1,\x1b\xd0\x07\xd7@\x0f7\xdd\xc4y\x7f\xc6\
\x8aZ\xe4\xf5\xd0\x0cL\xb0\xe5T\x9c\x14\x0c\x80\x027\
\xc0\xaa\x9b\xfe\x7f\xd15\xa0\x02\xcc\xa5\x7f\xe7B\x02\x86\
\xb0\x0d\xef`\xf7\xa9?\xb0\x90\xaa\x0f\xc9\xa0\x06Y\x7f\
\xf9\x08\xa1\x00'\xf0\xbf\xeb\xfa\xfc\xa5<\xabx\x5c]\
+1\x15+\x00\x09\xd90\x0f\x1f\xaf\xd7K\x8f\x0e\xfd\
\xc0\x0b[pu\xaf\x7fB\x04\xb1\x00#\xd0\x02\x001\
c\x86\x0c\x81\x05\x0d\x1eD\x98P\xe1\x0c\x1a\x0dk\x84\
\x88\x00@\xe2D\x8a\x15-^\xc4\x98\xd1\xa2\x0a8\xca\
\xfe\xc9SgN\xe4\xb9r\xe6J\x8a\x1c)\xb2\xdc9\
\x94-]\xbe\x1c\xd9\xce\x9d-\x13\x13$\x06\xd0\x98S\
\xe7N\x9e=}\xfe\x04\x1atb\x00\x01\x0b4\xa4\xc8\
qc \x0d\x86\x07\x1b\xd2\x90\xc1\xd4 A\x83P\x05\
R-XC\xc6\x8d\x0b\x09p\x0a\x05\xab\x91@\x8cR\
\xd8\xdc\xc5CI\xf2\xe5I\xb5m]\xb2T\xcb\xf6\x5c\
<g\xa2\x14d\xfc\x1aV\xef^\xbe}1\xe6\x05\x00\
\xb8b\x80\x01\x11H\xd8\xa8q\x83iT\x84\x0d\x0bZ\
}|U\xea\xc0\x827`\xb4\x80\x10\xd8/\xdf\xaf'\
\x1c)\xfe;\x17\x1a\xdd\xca\x93-\xd9\x9a47:%\
K\x93\xac\xcb\xbd;\x97o\x96\x1d\x04\x82\x05o\xc6\x9d\
[w\xce\xdb\x16\x01\x0f\xf0\xc0\x22\x06b\xadN\xb1R\
F\x8e\xd5\xaaT\x1a8X\x88p@\xb1\xf7n\x8dy\
\x05\x9c0\xb3\xea\x1f=t\xe4\xd2\xb1]\xf9\x92dI\
\xd6\xe6X\x93<\xb7\x0e\xdf6y\x82\x9a\x1c\xb0\xady\
0u\xfa\xf5\xfbN\x97?\xf4@\x86\x10.`\xd4\xa0\
\xa1\xb8\xc8\xa8\x9a\xac\xa9\xa5\x22\xbb\x81\x85\x14$\xb8\x0b\
?\xfb\xf0\xa2\xa8\x80\x12\xf6\xd0\x85\x9c\x7f\xd2I-4\
\x96HC\xa94\xd4P\x22\x87\x1ds\xf0)\x87\x9aA\
\xce0\xc0\x00\x9dp\xfa\xca\xc1\x07_|\xb1\xb7\xdbn\
\x1b@\x01\x0bFPA\xa0\x1al(\x90)\xc8\x18R\
N\x06\x1bl\x88a\x86\x0d2\x00`\x00\x18\x7fb\xd1\
\x22\x16\x9e\xa0e\x19\x7f\xdeA'\x1dw\xda9\xa9$\
\x0f\xcdKG\x9ds\xee\x91'\x9d\x7fRA\xc5\x05\x13\
\x00\x10\xc0\xb7\x9b\x96d\xb3M\xdexjrM\x04\x0c\
K\xfe!\x86\x16j\xc0A\xa9\x19\x00d\xa8\x06\x1d\x99\
\xbaA+\x1dVpA\x83\x0a\xd6t\xd3\xa7\x191\xb0\
A\x92`\xe0\x09\xc7\x1b1\xebIo\x9ev\xcc\x91G\
\x9es\xde!q\x9e|\x84a\xa7\x93FZ\xf0@:\
S\xe5SR\xb38\x13e\xd5>\xc0Z\x84p\xa2\x02\
\x1c\xe8\x80\x83\x11F\x18N\xab\x1ar\xa0!\x86\x1cp\
\xc85\x85\x19@\xf8\x00\x03\x04\x0eX\xd3\xc5V\xff\xa2\
\xc8\x05/\x12\x19\xe5\x11\x5c\xaa\xe1'\x9dh\xee\xe1\xe7\
\x99o\xfe\xb9\x86\x99l\x04\x11\xe5\x89!n\x00\x00\xd9\
U)\x92`\x80\x03n\x98\xc0\x02\x13B0\x80\x00\x0e\
\x18X\xb6^\xea\x0a J\x82c1\x80\x80\x81\x0d$\
P1\x00\x155B \x01\x02 \xb0\xa0\x84\x13:(\
\xe1\xb9\x0fZ8\x81?\x06\x1c\xf0\x8a\x00{s\x1b@\
A\x1bd\xb0c\x139\xc2\xe0\x84\x0f'\x04A\x84\x06\
(\x22\x08 \xba\xf8\xd0\xe4@\x01%f\xb0b\x901\
4\xb1\xe4\x8f:\x1c9\xe4\x0a4\xfe8\xa2\x05\x00\x0c\
\xfe\x18 \xd5\xa1.&:?\xc1\x0a\x00\x00a\x0et\
@\xe1\x86\x1fh\xe8\xc1\x88\x1e|\xd8\xa1\x07\x136\xe0\
@\x03\x0a\x1c\xfcj\x80\x05\x90V`\x81r\x1bP\xb6\
\xe8\xbd\x10\x90\xc8_\x894\x90(\xa2\xea,\x0e\xa2\x07\
M\xf2\xf0\xc4\x96O\x8a\x01\xe6\x15`\x96\x89\x05\x96g\
xA\xe5\x16U^QC\x0b\x15V\xc0\xe0\xaeS\xcd\
\x8eqE\x00\x22X@\x84\x16dh\x22\x08+\xa8H\
b\x0a+\x98x\xe2\x8a'\x94\x98b\x0a&\x80\xe0\x01\
\x89\x15@@\x9bY\xd5\x19\xa7O\xd9&Y\x84@\x01\
&\xbc\x18\x05\x95^\x88\xa1E\x97_d\xb9\xc5\x16Z\
f\xc1\x05\x17\xde}\xa9E\x16a\x801&\x92B\xc0\
(\x22\x02so*\x9b\xf5\xfb0\x12@\x00\x12`8\
\x22\x88)\x9c\x80B\x8a&\x9c\x88\xa2\x89&\xa0\x10\xdf\
\x89'\xc4\x9fB\x0a(\x9cH\xa2\x09\x1bR@9\xd9\
\xc0f\x94>Q\x19%\xd2\x81\x09I,1&\x96^\
~\xb7\xc5,dQ\x8bY\x14P\x16\x06\xa4\xc5\x01\xfe\
k\x11\x8bY\xf0B\x18\xc5`\x85%\xc2\xe0\x02\x0b\xa0\
IU\xf5kS\x00\x02@\x80\x11\xac@\x0aJ\xa0\x02\
\x14\x9e\xe0\x04'\x94O|\xe2c\x82\x13\x98`\xc2\xef\
5\xe1\x09)\x5cB\xcf<\x80\xb4\xc1D\x0f\x83`\xc9\
\x0b\xac\xe4\x93&D\x01\x00\x03E\x90\xc5'\x90\xa1\x8b\
Z\x10P\x80\xb2\xf8]\x01\x93\xa8D&\x16\x90\x81\xb5\
\xf0\x850~\xd1\x089x@l7t\xd3\x03$\xc0\
\x03!La|)l\x02\x18O\xa8B1\x9ep\x09\
*,\xa1\xf9\xcc\xc7\x04(\xac`\x02\x03\xb3`\x0f\xb1\
\xd8:D\xf5f\x08i\xd8\x85-|\xb1D&\x1e\xb0\
\x80J\xfc\x9d\x1f\xff\xf8\xc7\x03\xd2\xa2\x17\xbe@\x06'\
\xc80\x839\xd2Q>\x1a\x98\x81\xf6\xd6g\xc2\x12\xae\
\x10\x85&\x5c\xa1\x0a\xbfW\xc6\x13\x8e0\x097\x08A\
m\xe4\xd8HV!\xab\x0d\x92\x08^\x12U9\xc8%\
&p\x90\x02\xfcc\x02]\xf9;\x5c\x10\xa3\x16\x9c\x88\
BfHI\x9f\x0d0\x01t(,\xe1\x09/\xfe)\
LL\x06\x93\x98'\x5c\xa1\x17\x81\xe0\x02\x02L\xc7\x86\
\xbb\xac\x8e\x0e\x87&\x91\x05\xc8@\x0f\xbd\xb0\xc5-b\
\xc9\xcaW\xceb\x89\x82\xec\xa6,\x908\xce\x01\xe2\xa2\
\x14N\x80\xa6n\x0c \x02(\xb4\xf3\x98,4\xe6;\
-)\xcf\x13\xb6\xd3\x0a<\xe8@\xea\xd2\xd9&\x06\x04\
\xc1\x11\xc7\xa0\x05\x01\xf9\xd8M\x82\x16\xd4\xa0\xde\xacE\
.Z\xe1\x85\x0eLs\x9fB\x81\x00\x0a\xc8\xf7N\x8a\
V\xd4\xa2\xc4dB\x14\xa8@\x84P>\xb4q\xfd\xa4\
\xc4/\xbc9\xce\x83\x96\xd4\xa4\xb2\xf4\xa62\x80Q\x87\
\x1a$`\x94\x1e\xad\xe3E8 \x83\x11^\xd4\xa67\
%\xe6\x122J\x04\x11\xa4\xee\x5c0\xd5K\x8b@\xba\
\xc7#6\xd1\xa4G}%8cA\x0bX\x18\x82\x91\
@\xddI^,\xd0\x83\x9a\xe2\xd4\xaa8}\xc2FE\
\x00\x1f\xa8\xfaE\xa8B\x90\x040\xc09R\xa4\x965\
\x9c\x06\xfc\xc5.\xf80\x82\x1cvuqI\xd3\x01\x09\
\xaf:W\xab\x0eA\x044|\xa9[{\x82\xfe\x13\x02\
\x14!\xa4\x08$\xe4@\xcd\x8aTZ,1\x17\xb1H\
\x83^\x1d\x1a!\xca\xa5q\x9et\x85\xac1\xd9H\x85\
!\x8c\xa0\x99\x8a\xddK\x09*!R\x82\xbar\xb0\x83\
-\xa4\x13u\x81\x8b0<\x00\xb3\xf2\xf9J\x09D8\
F\xc8\xb6\x96\x98\xc1\x84\xc2\x10\x0e\x95\x9f\xd3\xfe\xc4\x10\
\xc00\xaa\x12\xc7\xfa\xd9\xa3\x12\xb0\x90\x85%\x06.\x98\
P[\xf9t \x0aitmrW8O\x15F\xc1\
\x07\xd1!.P\xaa \xd6\x82\x22\x91\xb7\xd7\x1d$\x03\
3A\x03\x1ev\x150\x12\x90\x82\x5c\x1f\x9b\x5c\xd7\xce\
\x13\x0aVh\xc1e\xa3{\x91s\xa1\xa0\x14\xb0\x14,\
v\xe5\x8b\xc0`<\xc2m\xb4}&\xe3\x0a\xd0\x83I\
\x0as\xbc\xe4mm\x0a\x83\x80\x81\xf5\xb2\xf7\x22y(\
^|\xe7\xbb`\xe0\xcd\xa2\x09B\xcbo\xd1\xe2\xd4\x81\
3\x02\xd8\xc2\x15\xb5Aw\x0bl\xe0\x22\xdc\xa2\xb0\x0c\
\x06\xf1+i\xb1\x8bFT0\xc2\xf5\x1b@\x10\xcew\
a\x16\x0b3\x0aQH\x81\xc56\xac\xa6\xfe\x08\xa8\x22\
\x80\xbb\x0d1oC+\xc0T\x10AM\xfb\xd4\xe0\x07\
\xa4\xc0\xdc\x16_\x98\x09S@\x82\x04h;\xe3\xc0(\
\xc1\x16;\xce\xf1\x82\xc5\xf9\xbb[8\x02i\xd2\xdc\xa7\
\x00~Pd.kR\x09\x22`\xb2\xa9\x02\xe0\x08\xdf\
\x09R\xc1Q6\xa9 \xc5\xa9\x8baH\x01Yo\xc5\
b^\xd8\xc9\xe5.\x8b\x0f\x07\x038\xf1C\xbf\xe2\x01\
\xf8r\x13\xcd\xd8\x1d\xa7/$\xc1\x81\xbc\xce\x11'\x03\
 \x02\x9d\x15\xad\xc2\x09\xe4\x19\xa6b\xd0\xe6\x9f\xffL\
\x8bU\x90\xeb\xa7\xbb\x9c\x80\x7f\x8f\xf9_E\xdf\xb4\x84\
R\x88\x81\x86g|\x80QH\xda\xd4\xb1\xc8\xc2b\xc3\
ri\xf9\xad\x0eN\x00H\xc1\x8a;}a\xd8*\xa1\
\x01K\xae\xedWh\x80cS3\xb8\x16\x7fp\xf4P\
\xe2t?8\xe3\xfaM\x00\xf0\xc10gM\xde`\x92\
0\x04\xc1nd\x8b\xe6\x10\xc0^\xa3\xb9\x16\xa0x\x00\
\xb4\x17\xcbj\xa3\xa9\x9a'\x07\xe0\xf4\xb2\xc9\xcb9\x1a\
\x08\x8d\xb8\x80\xb9\x84\x11\xab\x9d\xe3Z\xfe\xec\x82\x07\x8a\
z\xeb\xa5\x9d\xc9\x19\x0cTR\xdc\xb4^!\x0f\xf0\x1a\
]\x16\x11 \x15\xeb\xfe\xf30\xe6\xb0jf\xd1\xf0\xca\
\xaa\x0e\xf6\x93\xee\xcd\xe5!(n\xc6\x17\xf0-\xc0s\
\xac\x8bN\x0c,\xbfm-@\x05\x02 \x81\x11T@\
X\x1e\x10\x81\x08@\xb0\x00\x01L\xe0\x8a?V\x94\x0f\
\xe2\xb9p\x0b+A\x97\xde\x06j^`\xb0\x0b\x89G\
y\x81\x11\xb9\xb8f\x1c\xb0\x80\x1b\xbc\x00\x0aL\x10\x02\
\x18\xbc@\x055\x9c\xc1\x0aR\x00\x83\x15v\xf0\x03\x1d\
\xbc\xe0\x02\x16\x0b\xf6\x01\x900\xcfp\xb3\xfc\xaaO \
p\x81\xbf\xf2\x04\x9a\xd7<\xc7\xb1`\x1b\x93\x90\xb60\
( \x01\x0di\x10C\x1c\xd6P\x068\xac\xc1\x0cl\
x\x03\x1a\xcc\xf0\x867\x94\xa1\x0b_\x80\x82\x11j\x12\
\x16\x05\x1c\xc1\xea\xc9]y\x14H\xa0\xedF\xd6\xa1\x16\
g\xf6\xfagi1\x82\x0b2\x0b'\x050\xc0\x0en\
\xf0\x85/\x98!\x0efP\x83\xdc\xcd\xb0y\xce\x9b\xe1\
\x0cg\xd8\xbc\x1a\x8aN\x865t\xfe\xa1\x0b48\xd3\
\x92]\xc4\x80\xf6)\xfb\xef\xad\x8dB\x0df\x8c\x93F\
<9\xf1 \xa6\x85\x0b\xe6#G\x9cL\x00\x04Q\x00\
C\xdd\xd9\x90\x862h\xbe\xf3\xc7\xdf|\x196\x7f\x86\
4\x9c\xa1\x0coP\x83\x19\x84\xb0\x01\x9f\xc2|\x22\x0f\
P\xc2\xeb/\x0c\x05 \x10~\x8e\x93\xf0\xf0\xed\x19L\
\x0b\x1d\xb4Z\xd8\x13\x11\xc1\x10\xae\x00\x074\xa0\x01\xf4\
\x9eW\xfe\xfb\x91?\x7f\xd0\xd7\x7f\x0dl\x90\x82\x0e8\
\xf0\xe6\x9dL \xfb\xda\x07\xb0'\x10\x02\xeb\xd3+F\
\xc0\x05\xf1\x03\xb1\x01,6\x00\xe0\x00\x16H\x030h\
\x03\xce+\x83\xf7\xfb\xbc\xf9\xb3@3(\x03\xe5\xf3\xbc\
\x0d\xf4\x02'\x10\x01\x08P\x12n\x03\x80\x0b\xf8?\x00\
L\xae'\xe8\x810\xfb\x03]@@\x06;\x02\xd4r\
(\x16@\x825H\x83\xa2\xd3\xc0\xce\xcb\xc0\x0b\xc4A\
\xcf\x93?\xf8S\x83\x1aT:\x0dP\x16\x0dX\x02\x13\
$\xaf'\xc0\x810\x9b\x03^@\xbc\x16<*\x05\xcc\
\x08\x1b\xc8\x82\xb3s\xbe\x09\x8c\xfe\xbf\xe5K>\x0b\xec\
A\x1d4\x834\x88\x032H\x82\x0f\x80#\x8c\xc8\x80\
\x224B\xd7z\x02\xd9c\xb25\xe8:'\xc4\xae\x15\
\xd0\x08\x1b\x10\x033\xd0\xbc-\xe4B\x1d\x94?\xe7\x93\
\xbf\xe2;\x83)`<\xfc\x98\x00$8C\xd7\x82\x02\
\x18@9\xb7\xfa\x0a/\xf0\x057\x044%{\x15\x89\
\x10\x021\xa8\xc0;\xb4C-\xdc@\x0a\xc4\xc2\xcfS\
\x032\x90\x02\x12\xd0\x88\x06(\x82A\x84\xbd\x14\xf0>\
,z\x82a\xb0.F,\xab\x042\x05<\xbb\x88\x22\
\x88\xbbJ\xbc\xc3Y\xbcC4X\x831\x88\x817\x13\
\x0c\x03\x08\x02\xd7\x13E\x8c\xd2$\x14\x82\x82\x12\xd0\xba\
\x89\x98\x01lRE\xb3B\x22G\xc0\x08!\x88\x83\x09\
\xa4\xc5h\xa4D\x09D\x035\xe0\x82\xd4\xc3\xaf\x1b\x98\
\xa80\xfaE\x8a2\xa6'\x80\x02$a\xb2\x08\x10\x85\
&L\xc6W\xba\x058\x18\x1a\x9c\x90\x018\x80Fi\
\x84G.\xa4@5\xa8\x02\x0e\x10\x80\xdbp\x81\x9f\xeb\
F\x8bB\xa30b\x02\x87\xfe+4\xb7\x12\x04j;\
\xc7\xa3\xd2\x05(x\x1d\x00\x10\x010x\xc7xt\xc8\
\xe3\xcbC:\x5c\x03$\xc09\xe9\x08\x01\xef\xd9Gy\
\x8a''\xf0\x81R\x9c\xa3,x\x85\x82D\xaa` \
\xc6\xbcp\x80(\x00=\x0d\x94\xc5\x87\xbc\xc3\x1b\xec<\
5\x08\x83\x18\x901\xf98\xc9\xaa\xcaH\x8b\x82\xc30\
\x0b\x80\x19@\x05^\x13\xc9A:\x05\x03\x80\x15\x1e\x90\
\xbb\xcf[I\x96\x9cF\x0c\x84H-\x08;\xc0\xf8\x81\
\xf0\xb9Ia\xd2$1\xb2\x00\x8f\xc4\xa2\x0e\x10\x05\x82\
\xfcI\x82\xb2\x055\x80\x95\x15(:\xa5\xccB\xa4$\
\xcb\xce\x8b\x83,\xb8\x80\xb6\x1a\x81\xa8\xf4F\x14\xc2\x97\
0\xfb\x19B\xe8\x85\xad4(W \xc6\x89h\x00:\
,K\xb2T>\x97\x5c>4\x88\x03 \xe0?\x89h\
\x80!`Ko|\xb7\x05<-&P\x86\x5c\xf0\xc9\
s\xfc\x1dJ\xe8\xae\x9d4\xbe\xbd\xb4L\x1c<\x83*\
\xb0\x09\x8a0\x00\x1b\x90+d\xba\xc9\xe5\x92\x82R\x81\
K\x9cP\x80H\xc0\x05\xfesT\xc5\x5c@\xa7\x898\
\x00,\xb8\xcc\xd8\xe4\xbc\x94<\x83\x19\x80\x95\x00\x00\x01\
\x9b\x94\xac}$!!\x10\xb50\x1b\x82T\x98\xb2\xc7\
L<\xcf\x12$\xd3\xfa\x8a\x15p;\xd9\xbcL\xe7\xdb\
<6\xc8\x02\x80\x04\x80\x05@\x02/\x02\xcd\x16\xfaE\
M\xfa\x00\xab\xbc\xa1&\xd1\x80F\xc8\x05Y\x22\xce\x9a\
\x83\xb2_\xb8\x03\xc0\xb0\x02\xe6dN\xfb\x83\x01\x1e\xfa\
\x8a\x14\x80\xcab\xeaF\x12\x1a\x02\xb4\xe1N\x0c\xfa\x0a\
\x02\x80\x92\x5c\xd8&U\xf4\xac\x5c\x08\x85\xb0\x93\x08\x0e\
X\x83\xa3T\xcf\x87<\x836\xb0\x82l\x8b\x90\x1d \
!{\xbb\xc9'\xe8\x00\x0d*\xcd\xbc\x90\x00I\xc0\x1d\
\xd5\x14\xbfV\x88\x02\x8a\x18\x80$8\x0328P\xcb\
\x9c@\xe7\xfc\x823i\x91\x00\xf8\x00#\x98\xa8\x95\xfb\
\xc5\xee\x0bH\xcc\xd2!\x01\xf0\x81W\x10O\x91\xb4\x05\
Ex9\x00`\x00\x86\x1cQ\x12\xc5\xc0\x94\xfc\x81\xdb\
L\x80\x1a\xb0\x02}\xc4\xce_\x9c\x82\x86\x82\xcb\xdd\x0b\
\x007\xd0\x05^\xf8\xfeI[\xb0\x05\x14\x00\x0c\x0e0\
\xd0\x1f\x85G\xe7L\x03(\x10\xb5\x00\x80\x80!\x18\xa1\
\xe5\xeaF*\xa0\x81&\xd5\x08\x12\x10\x84^8\xc0\xc2\
\x02'\x0d\xd5\xb1o\x1a\xa4Z\xb8\x05-\xb0\x88\x19\xc0\
D-%K\xf9\x0b\x83+\x02\x8c\x0e@\x82\xe3\xca\xce\
&\x90\x82\x1c\xb8O \x835G8<oB@\xcf\
\xaa\x05[H\x84[\x93\x8e%\x98D=e\xc9\x1e<\
\x835\xe0\x80\xdb`\x00\x18\xc8(n\x94\xacJr\xd1\
\x22\xfbL\xe7\x92Tc\xd3I\x890\x00\x22\xa8\x04]\
\x08\xa0o\x82S\xderS&zTG\xc8\x01\x8b\x10\
\x00/\xf0KKE\xca\x0ct\x833\x95\xa3\x09\xb0\x81\
3\x9a\xca\x16\xb2\xa4\xaa\xb30c\x8a\x02\x22hJ4\
\xfd\xc4.\x88\x85]\xa0\x05\x06\xfa\x9dX\x952*u\
\x84\x1fh<\x00p\x00^-K\x97,\x036p\x82\
\xdfD\x13\x0a\x98\x81%\x08/c\xd5\xb4e\x03\x1f\x22\
0\x01WtV\x8d\x10\x80\x0dh\x83V\xd8\x05)\x15\
 k\xfd\xacB\xfeR [\xc8\xd6m\x05\x00\x12(\
\xd0\x86\xf4V\xa4|@\x97\xda=\x0a\xa8\x01\xce\xe1\xb4\
Qe\xb1\xe6*\x02\x15\xe0\xaaC\x85&\x1dz\x800\
\xc0\x84[\xb8\x05\x06\x1a\xcf\xf9Z\xa2lr\x04\x1f\xc0\
/\x89\x98\x81\xe5,\xd8x$\xd8\x0d\xbc/S\x19\x80\
\x09\xa0\x81#{!_\xa4\xb3\x12\xa2\x82\x1fP\x81\xea\
\x8b\xd7\xea\xf0\xa1(x\x84[`A\xb2\xea5Z\xc8\
\x05\x5c`\x04\x91\xdd=\x00\xb8\x01\xb7\xcb\xd2\x93E\xbe\
-<\x034\xa0\x80\x1e\x8a\x93\x09\x98\x81$8.d\
}\xd8&\xa0\x82\x1d\xa0\xbe\x18\xcdY\x8a`\x80\x1e\xf0\
\x03b\x10\x06\xdf1\xb5\xdf\xc9\x05[\xd0\x051H\xcc\
\x1f\xc3\x81\xb5c\xda\xbd<\x83\xcd\xcc\x88\x92[\x81\x22\
\x88\x82\x98MR:\xb3\x82\x1b\x88\x801T\xcc\xaf\x95\
\x88\x0d@\x03V\xf0\x1f\xdfJ\xc5\x93\xc2\xb1\xb1\x02\x86\
Tp\x05\x1f\xa0\xdb\x8cx\xdb\xb8\x95\xdb\xf8\x91W\x06\
\x00\x01#\xe0\x9e\xcf|\xad\x8a\xc2\xda\x12\x02\xc7'\x90\
\x82\x1a8\x00\xfe\xf7\x14\xdc\x9f\x98\x803\xc8\x84S\xa0\
2\x94:*\xc1J\xc5\x802\x86M\xc8\x035\xe4\x0d\
\x1b(P\xca\xdd\xd3\xcc\xa0\x1f\xe9x\x00\x16\xf0\x81+\
\x98\x02Yc\xa1\xe2\x0d\xc6a\xb2\xa4`\x0a\x9f(\xb0\
\x8c\xd3\xd5\x8b\x0a\x00\x820\xb0\xb1jm%F\xcdW\
\x83B\xa2\xdf\xd1\x05Z\x00\x86[\x88\x04!\x08\x01T\
\xad\x88\xa4\xd5\xdd=]Y\x03\x9b\x08\x03\xc0\x80\x188\
\x02'\xa8\x02A\x0d#\x17e\x82\xff\x222'\x98\x82\
\x22@\x02\x0fh4\xafu^\x82\xd9\x018\xb8\x04f\
\xe0\x85\x22\xca\x05\x81\xeaX\x02\xd2\x05aP\x85`\x80\
\x83<\x90\x00\xe8\x22@\x00\xc8\x016(_\xb2T\xb2\
CD\xad\x01H\x80\x13`\x81 @\x02+\x98\x82\x89\
z\xac2J\xa1LJ!\xef\x09/\xab\xb9\x80\x91\xa5\
\xd8\x5c\x03[\x12\x98\x83V\x9d\x05X\xa8\x05a\x18`\
Z\xa0R\x05*\xa0\xde\xa1\x85_`\xc1d \x85S\
0\x03)\xb0\x80\xc1\xe4\x09\x19\x88@\xb1\xac`i<\
\x83S\x95\xfe\x0e\x07A\x80\x06\xd0\x80\x12\xb0\x81!\x88\
\x82+8.\xd1]\x9f\xcf|\x82\x17\xea\xe2&\xa8\x82\
\xb2k\x02\x17\x98\x01\x03\xd0\xa7\xfe\x0d\x0a,\x93\x08\x0f\
H\x027h\x04F\xf8\x84UX\x86\xdd\xd1\x85c\xd8\
\x05Y\x00\x86`x\x85a\x00\x06M\x80\x85M\xa0\x83\
3\xe0\x80\x86\xba\xc7\xf3\xd3\x89\x11H\xe2%\x8e\xc71\
88\xa0 \x80\x04p\x00\x0fH\x81\x1dh_%@\
\x02)\xb0\x82(`\x82L^\x82\xd0Q\x02'X\x82\
\x1a\xf0\x01\x0d\x00\x01\x03H\x93\x16>]\x9c\x10\x00\x14\
\xd0\x81(\x80\x02;H\x04N\x10\x84@H\x85R@\
\x84L\xb8\x840\xe0\x83$\xc0\x9e\xc7\x91\x08rU\x96\
\x08\x80\xc6\xa5Ud\xceCH\xf1]\x91\x14Y\x00\x07\
\x10\x01\x18@\x01\x18\xc0\x81%\x08\x02\x1b\x00\x02 \x80\
\xe6\x1a\xe8\x80\x138\x00\x06P\xe3\x08F\xe3\xa0p\x80\
\x07p\x00\x05\x90\x01\x18p\x00\x13P\x02\x18\x90\x00\xd2\
\x05\x00\xd3\x123\x18\xdc\x09\x01\xa8\x02b.f\xce\xbb\
U\xf6\xfe\xb2!U\x0e\x0c\x02\x08\x9b\xc2\xe8\x80\x05@\
\x00\x0b@\x1bwv\x11T\xfe\xe6\xa1\xd87\xdc \x02\
\xf7\xab\xe7Yd>0;\xe8\xaf\xbdO\x9c\xa0\x01\xe7\
lh<\xf4<'F\xe6\x88>7\xdd \x819\xbc\
h\xe4\xb3B\xce\xe3\x02\x83\xe6hC\xc3\x8d\x0b\x00\x83\
\xe6\x0b\xe9\xe3{\xc730\x02\x872\xe9\x93\xae\x17\x8a\
E\x80&\x88\xbe\x96^\xbe<,\x83\x138Z\x9a\x9e\
=\xdd\x08\x00\x14\x80\x83\x9cni\xda\xdc<08c\
\xa0n\xd2C-\x00*`i\x9d\xfe<\xe5K\x03\x1a\
\x98i\xa6f2\x9cH\x01\x11\x95\xea\x1b\x04\x03z\xc1\
\xea\xb0~\xb5\x08\xb0\x82\xca\x0c\xd2]\x8d\xdb\xfaS\x03\
\x18\x15\xeb\xb6\xd6\x09\x02\xd8\x81\x94\x9cM\xb4f\xda\xfa\
+\x0318_\xb7\xd6k\xf9\xc1R8\x90\xc0\x90N\
\x03#\xb8\xea\xbd\xeeh\x00(\x80\x17\x90\xeb\xb1T\xe4\
40\x83\xd9\x22\xec\xc7\xb6\x88 H\x03\xc6\xc6BE\
\xfe<\x15\xd8h\xc8>\xe9W\xd1\x80((:\x8b^\
\xe2\xfe\xcf\xd3\x81\xc1\xd6l\x19\xf5\xd0\x14\x10\x034\x18\
\xe9\x0a\xfe\xbc'\x80.\xd2.m\xa8\xba\x0d\x04\xc8\x01\
\x90\x0e\xed3\xf0\x02\x10\xc8\xec\xd8\x16\xeb\x93\x8c\x83\x9c\
\xeeK\xf5\x5cm\xa7=\x0310D\xdeFn\xa2\xe8\
\x80&H\x83\xf6\xdb\xe9\x0dTO\x8b\xd6\xc33\x18\x03\
`\x0d\x5c\xe4\x16k\x05\x18\x821`\xe8,LY\x87\
Dj\xe4\x93;/\xb0\xee\xdd\xc6\xee\xb0\xae\x00\x22(\
\x83\xe6V\xca\xd5\xeeU\xf8\x93k\xe5\x93;)8\xee\
:\x82\xed\xf3\xc6\xac\x05\xc8\x01,H\x83\xdcm\xce\xca\
^\xbe\xe6\x9e\x02\x88vR\xfc\x86\xec\x00X\x80\x1a\x98\
\x821\xa0C\xb3\x96\xdb\xd0\x9b\xec$\xf0\xc4\x951p\
\xbd\xb6\x8d\x06\x18\x01!`\x83\xcf\xe3\xea\x07\xdf<7\
\xf8\x022@\x81\x0d`a\xfe\xad\xf0\x83>\x97\x06\x88\
\x01%(\x03;0\xea\xb2d\xbe8\xa8\x82\x1f\xf8\x80\
c\xbb\xef\x13\xc7\xac\x090\x01,(\x039\xf0k\xe8\
\xd6\xc0\xf8SI\x00\xf7\xbc\x0dw\x83.\x88\x02\x0c\xc8\
\xcfk\x1c\xc7\xf1\xde\xab\x81!\x08\x835\x98\x83\xcdk\
n\x0a\x0cn\x1e\xf4\xbc\xb5{\x835\xf8\x821\xc8\x81\
\x1a(\x00re\xf2&Gp\x03\x08\x01\x15\xa0\x82/\
\x90\x832 \x837h\x83\x02e\x03\xb7K\x83\xb8K\
\x038\xf8<7H\x02+\x10\x81\x13\x08\x9a1\xf7\xf3\
\xf8 \x8a\x94\xd1\x00\x22`\x82*\xe8\xe46\x08\x03-\
@\x837\xe8\x82-p\x83\x0f\xe2\x02\x1a\xd8\x01\x07p\
\x80B\xbeq?\xef\xdf\xafh\x80\x10\xc8\x00\x07H\x81\
\x86\x18\x8e\x1b\xc8\x00\x15\x18\x81\x02\xe8\x8a$\xc1\xf4T\
7\xef8\x9aN\xb41\xe2GT\xf51\x97\xb7\x97*\
\xe8XWub\xcb\xabK\xb7\xf5]\xe7\xf5^\xf7\xf5\
_\x07\xf6`\x17\xf6a'\xf6b7\xf6cG\xf6d\
W\xf6eg\xf6fw\xf6g\x87\xf6h\x8f\xf5\x80\x00\
\x00;\
\x00\x00\x02b\
\x89\
PNG\x0d\x0a\x1a\x0a\x00\x00\x00\x0dIHDR\x00\
\x00\x00\x1c\x00\x00\x00\x1c\x08\x06\x00\x00\x00r\x0d\xdf\x94\
\x00\x00\x00\x01sRGB\x00\xae\xce\x1c\xe9\x00\x00\x02\
\x1cIDATHK\xc5\x96\xcfK\xdc@\x14\xc7\xdf\
\x9b!\x07\xff\x00\x0f\xf5\x9f\x10\xda^+-\x14A\x0f\
\xc5\x0a-X\xb4\xb5\xf4/X\xd8\xbc%^j/f\
3\x09\xec?PP{PPp{R\x90B\xa5\xbd\
V\xf4\xaf\xb0\x7f@\x8fqfd\x96\xa4\xc4d&F\
\xdb\x8d9,a\xdf\x8fO\xde\x9b\x99\xf7\x1d\x84\x96\x1f\
\xbc-o0\x18<\x90RN\x998\xce\xf9E\xa7\xd3\
\xf9}\x9b\x1c\x8d\x80B\x88%\x00\x98\x05\x80UG\xf2\
-\x008&\xa2\xdd\x9b\xe0\xb5@!\xc4\x13D\x0c\xb4\
\xd6s7%2vD<\xd2Z\x87D\xf4\xd3\xe5\xef\
\x04FQ\x14 \xe2F\x13P\xd9Gk\xbd\xd6\xeb\xf5\
B[\xac\x15\x18\xc7\xf1G\xad\xf5\xfa]`y\x0c\x22\
\xae\xfb\xbe\xff\xa9\x9c\xa3\x02\x14B\xbc\x02\x80\xbd\x92\xe3\
\x89\x94\xb2\x12\x9c\xfbp\xce'-1\xc6\xfc\x9a\x88\xf6\
\x8b\xb9\xae\x01\xcd\x9a\x01\xc0\x8f\xf2W\xa5i\xfa\xdc\xf3\
\xbc\x83\x9a\x8a/\x95R\xcb\x8c\xb1C\x8b\xcfLqM\
\xaf\x01\xe38>\xb4m\x90\x0c\xf8\xad\x06\xf8GJ\xf9\
\x82s\xfe\xbd\xd2B\xc4#\xdf\xf7\xe7\xff\xb6:\x7f\x11\
B\xbc\x05\x80m[\xd2\x7f\x01f\xf9\xde\x11\xd1\x97\xd1\
N.\x00M\xcb^\x8e\x098$\xa2\xc52P\xbbZ\
\xf6\x1f*\x04\x22\x1a\x157\xfa1\xe3*M\xd3\x8bq\
\x02=\xcf\x9b2cp\x04L\x92\xe4\x91R\xea\xd78\
\x81\x8c\xb1\xc7\xddn\xf7\xf4~\x80\xad\xb7\xd4\xb4R\x08\
\xd1\xde\xa6\xc9\x80\x9b.\xf9\xc9v\xe9\xb0n\xb6\xba\x0e\
~\x16\xb3ED\xef\xcb\xc7\xc2h\xde\x8e-\xa9\x94\xf2\
Y\x10\x04'\xb9-I\x92\x15\xa5\x14\xe6\x87\xd9\xfc\x1f\
\x86\xe1S\xdb\xa4\xc9b\xde\xe4Z\xd9h\xb4\x15\x81\xfd\
~\x7f\x9a1vn\x12I)\x1f\x06ApV\x074\
\x1ai\x1dmY[\xad\xc3\xbb\x5ca\x14E\x9f\x11\xd1\
T\xf8\xa10\xa9l*c\xcc\xee\xe1m\xac\x0e\xe1\xad\
\x95'D\x9c\xb0)\x85M\x88\xef_\x80\x1b\xb4\xa8n\
\xb3\xe6\xb6\x8a\xf0V\xe4\xc9\x96\xa5\xd5KT\xf1\x032\
\xad\x5cp\xc9\x17\x00\x983\xfa\xb5xL\x5cmht\
/-\x06\xb7r\x11n\xb2hM}\xae\x00\xa1\x13K\
,{Y\xa5\xe9\x00\x00\x00\x00IEND\xaeB`\
\x82\
\x00\x00\x015\
\x89\
PNG\x0d\x0a\x1a\x0a\x00\x00\x00\x0dIHDR\x00\
\x00\x00\x1c\x00\x00\x00\x1c\x08\x06\x00\x00\x00r\x0d\xdf\x94\
\x00\x00\x00\x01sRGB\x00\xae\xce\x1c\xe9\x00\x00\x00\
\xefIDATHK\xed\x951jBA\x14E\xcf\
]\x84\x85\xb5`\xe3\x16\x14\xe2\x06\xb2\x81T)#X\
Z\xeb\x02R\x096!\x81\xac!\x1b\x88\x11K-\xdd\
\x82\x16n\xc0\xee\xca|\x14$\xf9_\xbe\x83_\x82\xcc\
T\x033\x8f\xf3\xee{o\xee\x88\x1b/\xdd\x98G\x02\
^\xbd\xe2\xff\xab\xa4\xb6\x87\xc0C\x84\xcc/`&i\
\xf9;\xf6\xacB\xdb\xef@#\x02\xd8\x02j\xc0@\xd2\
\xebi|e%\xb5=\x06\xfa@G\xd2\xfc\x08\xfd\x03\
\xb4\x1d2{\x02^\x80f\x84\xba\x11\xf0#ij{\
\x01\xec$\xb5\xcf\x01{\xc0\x04X\x01\xdb\x08`\xe8\xf9\
\xa7\xa4g\xdb\x1f\xc0\xa3\xa4 \x22[y\x0a\xbf\xb3\x03\
\xa9\x1b\x01\xe30h#I:\xdd'`*i\xe1<\
\xa5\xa1\xb9\xafw\x18\x1am\xbb.iS\xc6\xda\xde\x80\
u\x84\xdb\x04/\xcd\xac-/\xb6R\xf3.\x05\x8cP\
tQHe\xffaQ\x16\x09xQ\x7f\xca\x5c\xde\x03\
\xd2p\xab\x1d<2$\xc1\x00\x00\x00\x00IEND\
\xaeB`\x82\
\x00\x00\x02\x08\
\x89\
PNG\x0d\x0a\x1a\x0a\x00\x00\x00\x0dIHDR\x00\
\x00\x00 \x00\x00\x00 \x08\x06\x00\x00\x00szz\xf4\
\x00\x00\x00\x01sRGB\x00\xae\xce\x1c\xe9\x00\x00\x01\
\xc2IDATXG\xcd\x97\xadO\xc3P\x14\xc5\xcf\
\x9d\xc2\xb6\x13$(\x04\x1d(\x0c\xc1a0\xa0\x90\x80\
\x1dr]\x82@\xa0G\x82\x81\x04E\xda\x19\x92aH\
`\x184\x8a?\x00\x0c\x8e\xbe%X\xcc:\x81@\xf0\
qI\x0b\xdb\xfa\xd6n\xfdX\xdb\xad\xaaI_\xef\xf9\
\xdd\xfb\xce\xbd\xaf%L\xf8\xa2\x09\xebc:\x01\x94z\
\xeb\x8e\x98W\x01\xcc\xa5U!\x06\x9e\xc0\xdc\xecTK\
\xa7\xde\x98\xbe\x0a\xa8\xa6\xe0\xb4D\x83\xe2\x10\xf3^\xbb\
Z\xba\xec>\x93\x00TS4\x01lg\x09\xe0\xc6f\
l\xdaU\xed\xde\xb9\x95\x01\x0c\xf1\x06\xc2l\xd6\x00\x04\
\xdao\xeb\x0b\xe7~\x80\x8c\xcb\xdfK\x8cP\xb3+\xda\
Q\x0e\x00\xfc\x0c\xd0\xb2\xaf\xa2\xb9\x00\x10j\x05\xfe\xbe\
\xfeA\xe1\x02\xa05\x09\x22s\x00\x8f\xc0|\xe3u\xe6\
\xfd\xe3\xab\xc9\xc0V>[\xe0\x11w\x04US8]\
\xe5tW\xff\xca\xac\x02Q\xc4\xff\x9c\x97\x81\x09\xa3\x8a\
'\x00\xb8\x01\xb0;r6\xc4\x11\x8f\x09\xb0c\xeb\xda\
\xadjX\x0d\x10\x95\x03!\xe2\x8a\xc7\x00p\xc5\xbb\xa2\
ES\x98\x0cT\x86\x99i\xa8\xe1\x02\x0f\x84\xe8\x1e\x90\
 TS\x9c\x018pc&\xc9\xbc\x7f\x02\xc52\xa1\
\x04\xa1\xd4\xadc\x02}vGi\xac\xcc\x13\x028\xaf\
I\x10\xde\xaa\x06\xf6y\xd8i\x96\xb0\x0d}\x10\x89\xc4\
c\x980(\x8f\x1eDb\xf11\x01\xdc\xed\xf8'\x93\
\xc7kX\xd9s\x19\xc5Q!\x12z j\xf8\xf0u\
S\x0b\xa0\x98\xe2\x91\x80\x95\xf0\x14\xc6^\xd13\xb3\xf4\
Q\xaa\x18\xd6!\x11\x9d\x8c\x1d~d\x00~\xb1\xf5\xd2\
R\x7f&\x0d,.\x1aV\x99\x89\x1aY@0\xf0\xd0\
\xd1\xb5u\xb9!\x02\x94TCl\x10\xd1\x22\x13\xabi\
\x810\xd0\xeaT\xb4\xab\xc1x\xd3\xf9o\x98V\xd6Q\
\xe2\xfc\x02\x0f\x80\xf4!#}\xda\x9a\x00\x00\x00\x00I\
END\xaeB`\x82\
\x00\x00\x00\xff\
\x89\
PNG\x0d\x0a\x1a\x0a\x00\x00\x00\x0dIHDR\x00\
\x00\x00\x1c\x00\x00\x00\x1c\x08\x06\x00\x00\x00r\x0d\xdf\x94\
\x00\x00\x00\x01sRGB\x00\xae\xce\x1c\xe9\x00\x00\x00\
\xb9IDATHK\xed\x95\xd1\x0d\xc20\x0cD\xef\
&\xa3K\xc0:\x94u`\x09\x98\xecP\xa4V\x8aR\
\x92\xd8\x82\xf8\xa3\xb4\x9f\xd1\xc5/w\x8eS\x22\xf8c\
0\x0f\x07\xf0\xe7\x89\xffy\xa4\x92&\x00'\x927K\
\xb6\x92\xae\x00^$\x9f5}3\xd2\xa5\xc0\x0c\xe0A\
\xf2\xd2\x82J\xba\x038\x03\x98[\x07\xec\xf60+T\
\x85Z4\xeba\xbb\xc0$l\x15\xf4\xc0R-\x13\xb0\
\x06\xf5\xc2\x5c\xc0\x12\xbaD\x94z\xd6\xedo\xde{\xb3\
\xc3uS\xe6*-\xb9`n\x87\x85\xcb\xf1\xc0\xbcg\
\xc3#\xfdtA\x86]\x9a\xd0\xb1\xb0\xb8\xb0hL\x83\
\x1f\xfe\xb4\x85?\xde\x96?\x84W\xe3\x1e|/\xa0\xd4\
\x1f\xc0o\x13\xdc\xec\xdf\x7f\xa4o\x11Kx\x1d\x1e\xb1\
Y\x8d\x00\x00\x00\x00IEND\xaeB`\x82\
\x00\x00\x01\xe9\
\x89\
PNG\x0d\x0a\x1a\x0a\x00\x00\x00\x0dIHDR\x00\
\x00\x00\x1c\x00\x00\x00\x1c\x08\x06\x00\x00\x00r\x0d\xdf\x94\
\x00\x00\x00\x01sRGB\x00\xae\xce\x1c\xe9\x00\x00\x01\
\xa3IDATHK\xed\x96\xbf\x8f\x0eQ\x14\x86\x9f\
\xa7\xb6\xfe\x07\x8d\x06\xd1\x91\xd8\xac\xc4\x86^\x83F$\
\xb2\x09%\x8d\x8a\xc2nA\xa5\xa1\xfc$\x1b\x89h\xd0\
\xe8\x09\x09!\xb1\x9d\xb0\x8d\xc6\xff\x80\xfa\x95\xbb\xb9\xf3\
e\xcc\xce\xf0\xb1\xfb\x8d\xc6$\xb7\xba?\x9es\xde\xfb\
\xdesFF\xfe\x1c\x99\xc7\x7f\xe0O\x8a'\xb9\x05\x5c\
\xef\x5c\xc3m\xf5\xc6\xacW\xf3G\x92&y\x06\xbcP\
\xef\x15@\x92+\xc0I\xf5\xf4\xbc\x80\x9f\x81\x15\xf5u\
\x05\x9e\x00\xee\xab\xfbw\x0cL\xb2\x01[\xa6\x9a\xa8\x93\
$7\x813\xc01\xf5[\x05\xee\x05\xde\x02O\xd5\xb5\
$\x97\x812\xa2\x1e\xe9\x0b\xa2W\xd2$\xd7\x80S\xc0\
]\xe0|\x1d\x0f\x805\xf5K\xfb\xa0$\xfb\x80\x12\xcc\
E\xe0Q\x1dW\x81\xe7\xea\x9d.t\x1b0\xc9\x1e\xa0\
dpN}2\xabT\x9d \xce\x02\x8f\x81\x05\xf5{\
{\xae\x0f8\x01\x0e\xa9\x8b}\xb0$\x87\x81\xa5:\xf7\
F\xfd0\xb0\xaeH\xfdQ-\x12O\xbf>`\x13\xdd\
Au\xb3\x13y\x91n\x15h2/kW\xcb\xfdu\
\xd6\x1d\x00>\xf5\xa94t\x87\x0dt*k\x92b\x82\
\xf7\xc0\xb2\xfa\xaa\xe5\xd2\x97\xc0Q\xb5\x98\xac<\x95m\
{\x7f\x99a3Y]I\x13}\x92\x15\xe0\x82\xba\xdc\
\xc9\xa6\x00\x1f\xaa\xeb\x15XT\x98\xee\xfb\xadi\xfe\x09\
\xb0O\x96\xb9I\xda\x82\x8dc\x9a$\xa3?\x8bq\x1f\
~u\xdax\xa5\xad\xe5\xd2\xa1\xe2\xbd\xa8~\xad\x81-\
\x00\xefv\x5c\xbc\x87\xeag\x92\xd2\x9e.\xb5\x1e\xfeq\
`}W\xda\xd3@}\x1c\xbd\x01\x8f\xfb\x8b\xf17\xad\
j\xe6\xd2\xb6\x1b\x87\xcf\xdc\xf1\xe7\x05\xdb*\xea\xf3<\
\xbc\xef\xec\x1fU\x18\x0c,s\xead\xd1\x00\x00\x00\x00\
IEND\xaeB`\x82\
\x00\x00\x01\x18\
\x89\
PNG\x0d\x0a\x1a\x0a\x00\x00\x00\x0dIHDR\x00\
\x00\x00 \x00\x00\x00 \x08\x06\x00\x00\x00szz\xf4\
\x00\x00\x00\x01sRGB\x00\xae\xce\x1c\xe9\x00\x00\x00\
\xd2IDATXG\xed\xd51\x12\xc2 \x10\x05P\
\x96\x1b\xc1\xe6\x00v\x19\xadl\xf4<\xe6:V\xb6^\
\xc0\x0a\xe8\xf4:8\xcc\x98\x994I\x96\x85\x95\x06\xea\
\xc0\x7f\xf3\x09\x00\xaa\xf1\x80\xc6\xf9\xaa\x03z\x03E\x0d\
x\xefGD|\x96\xfc\xc8l@\x08\xe1\x1ec<\x00\
\xc0\xc9Z\xeb\xb8\x08\x16\xe0\x17~\x01\x80\xb7R\xeaj\
\xad\xfd\xfc\x0dP3<\xa1\xb3\x1a\xa8\x1d\x9e\x05\x90\x08\
'\x03\xa4\xc2I\x00\xc9\xf0]\x80t\xf8&`\x0e\xe7\
\x1e\xaf\xc5\xbc\x1b\x22Nk\xeb\xac\x9e\x82\xe6\x80$n\
\xba\x05se\xd2\x08\xd2E$\x89 \x01$\xb7\x83\x0c\
\x90Bd\x01$\x10\xd9\x80\xda\x08\x16`\x81\x18\xb5\xd6\
Gc\xcc\x8b{a\xb1\x01)\xd09w\x1e\x86\xe1\xc1\
\x0d\xdf}\x0bJ\x16\xa6\xce-j\x80\x1a\xb2\xf5]\x07\
\xf4\x06\xbet\xbb\xa6!\xc9\xa9\xa0\xb5\x00\x00\x00\x00I\
END\xaeB`\x82\
\x00\x00\x00\xb6\
\x89\
PNG\x0d\x0a\x1a\x0a\x00\x00\x00\x0dIHDR\x00\
\x00\x00\x18\x00\x00\x00\x18\x08\x06\x00\x00\x00\xe0w=\xf8\
\x00\x00\x00\x01sRGB\x00\xae\xce\x1c\xe9\x00\x00\x00\
pIDATHK\xedUA\x0a\x800\x0c\xcb~\
\xa6O\xc8K\xf3\x04\xfd\x99\x820\x99P\x1d\xa3tx\
\xe8\xcei\x92\x86\xb0\x16\x04\xbf\x12\xcc\x8f\xb9\x02$7\
\x00\x8bs\xab]\xd2Z9\x1e\x1b\x90<\x9c\xe4\xd7\xb8\
\xa4\x9b\xd7\x14h\x01#\x82\xd5`\x0a\xbc\xa6\x96\x11u\
\x0b\x95\x11eD\x80\xd5\x82n.\x0d\xe0?-\x1aq\
ma\xbf~\xd3\xd8\x83\xe3un\xcd\xcf\xbd\xc9\x11\x1b\
\x9cNV\x82\x19\xddN;\x22\x00\x00\x00\x00IEN\
D\xaeB`\x82\
\x00\x00\x02\xbe\
\x89\
PNG\x0d\x0a\x1a\x0a\x00\x00\x00\x0dIHDR\x00\
\x00\x00 \x00\x00\x00 \x08\x06\x00\x00\x00szz\xf4\
\x00\x00\x00\x01sRGB\x00\xae\xce\x1c\xe9\x00\x00\x02\
xIDATXG\xed\x96=hTA\x10\xc7\xff\
\xf3\xee\xb8Rbq*\x88M\xb4S\xc4FP\xab\x88\
$\x0aW\xdc\xce\x1d\x11k\x9b\xa0\x85\x0aF+\x0b\x03\
Z\xf8\x05\x11E\xe5\xd0Z\xf0\xb8\x9b\xf5N\x90D\x88\
\x8ah*5\x06\x1bE\x1bE\x05\x9b\x84\x146\xf2n\
d\xe1=\x90\xfb\xdc\xe4\x8e\x9cB\x16\x1e\xef\xb1of\
\xf6\xb7\xb33;C\xe8\xf3\xa0>\xaf\x8f5\x00o\x0f\
\xe4\xf3\xf9\x9da\x18\xee\x01\xb0\x83\x88\xb6\xbb7\x80\x1a\
\x809\x22\x9aW\xd5\x0f\xaa\xfa\xc6Z;\xb7\x9cc\xf5\
\x02`\xe6Q\x007\x01l\xe8`|\x09\xc0\x05\x11\xb9\
\xe2\x0b\xd1\x11\x80\x99'\x01\x9c\x8c\x0cN\x03\x98\x07\xf0\
\xbaV\xab\xbdT\xd50\x91H\xec\x06\x10?#\x91\xdc\
\x13\x11\x89\xbf\xdb\xb2\xb4\x05`f\x8d\xb5U\xf5\xb8\xb5\
\xf6v;k\xc6\x98\xabDt:\x96\x11\x91\x8e\x1bl\
)\xc0\xccn\xb7\xc3\xce\x98\xaan\xb3\xd6~\xf6q+\
3\xef\x05\xf0*\x92\xbd.\x22\xa7\xda\xe95\x05`\xe6\
3\x00.G\x8a\xfbDd\xb6\xde\x083?us\x22\
\xb2\xbf\xfe\x9f1f+\x11}\x8a\xe6\x0f\x8bH\xb1\x15\
D\x03\x801f\x17\x11=\x07\xb0NU\xafYk\xc7\
\x9b)\xc7\xc7\xd3\xca\xcd\xc6\x98cDt\x0b\xc0\xcf \
\x08\x86K\xa5\x92\x8b\x9d\x86\xd1\x00\xc0\xccG\x01\xdc\x03\
0-\x22\x07[\x91w\x02pz\xcc<\x05`DU\
\xc7\xac\xb5\x05/\x80\x5c.wIU\xcf\x02\xb8(\x22\
\xe7\xba\x04p\xe98\xae\xaa7\xac\xb5'\xbc\x00\x98\xf9\
1\x80C\x00\x8c\x88<\xec\x12\xe0\x08\x80\xfb\x00fD\
\xe4\x80/\xc0\x0f\x00\x9b\xc20\xdc\x5c\xa9T\xbeG\xae\
t\x017\xe4\x93\x05\x00\x9e\xc5\x81\x99\xcdf\xb7\x04A\
\xf0\xc5\xc5\x81\x88l\xfco\x00\xfa{\x04\xffB\x10\xf6\
7\x0d{}\x11\xa9\xeaR\x22\x91\x18*\x95Jo\xbd\
\x820\x8a\xfa\x9e]\xc5\xaaz\xdeZ;\xe1}\x15\xc7\
\x82\xbd(F\xaa:\x15\x86a\xaeZ\xad\xfeZ6@\
\xe4\x89\xae\xca1\x80w\x00\x5c1\xfa\xb8\x22\x80\x08b\
\xd9\x0d\x09\x11UUu\x10\x80k\xddf\x93\xc9\xe4h\
\xb1X\xfc\xe6\x1d\x03MJ\xafoK\xb6\xa8\xaa\x13\x03\
\x03\x03w\x16\x16\x16\x06\x83 x\x10A\xcc\xa8j\xde\
Z\xbbXo\xbbc\xc7\x12+\xac\xa4)\xcdd2\xeb\
S\xa9\xd4\x8b\x08\xe2Q:\x9d\xce\x15\x0a\x85\xdf\x7fC\
x\x03x\xd6\x81\xa6b\xcc\xfc\xdeA\x10Q\xa1\x5c.\
\x8f\xad:\x80[\xd0\x18s\x17\xc0\xd7\xfa\x94\x5c\x15\x0f\
\xb4\xf3\xde\x1a@\xdf=\xf0\x07\xd2\xca|0\xb3\xb2\x01\
\x18\x00\x00\x00\x00IEND\xaeB`\x82\
\x00\x00\x02\xd5\
\x89\
PNG\x0d\x0a\x1a\x0a\x00\x00\x00\x0dIHDR\x00\
\x00\x00 \x00\x00\x00 \x08\x06\x00\x00\x00szz\xf4\
\x00\x00\x00\x01sRGB\x00\xae\xce\x1c\xe9\x00\x00\x02\
\x8fIDATXG\xed\x96=h\x14Q\x10\xc7\xff\
\xb3K\xca\x086*\x88M\xb4\x8b\x88E\x02*\x81\xbc\
\xd9\xdbD\x9b\x80D\x12\xacm\x82\x16*\x18\xad,\x14\
\xb4\xf0\x0b\x14E%h-h%\x0a\x92x\xb9y\xc7\
\xa1\xa9\xd4\x18l\x14m\x14\x15RI\x08\x161\xfbF\
\x1e\xec\x82^rw\x9b\x0fs\x08y\xcd.;\xf3\xe6\
\xfdv\xbe\xde\x10\x9a\xbc\xa8\xc9\xe7c\x1d \xb7\x07\x8a\
\xc5\xe2\xae \x08\xf6\x00\xd8\x19\x04A\xbb\x7f\xaa\xaa\x03\
0IDS\xce\xb9\xf7D\xf4\x9a\x99'\x97\x12\xd6\x5c\
\x00\xd6\xda\x01\xe7\xdc-\x22\xdaT\xcf8\x11\xcd\x00\xb8\
`\x8c\xb9\x92\x17\xa2!\x80\x88\x5c\x07p\xc2\x1b$\xa2\
1U\x9d\x02\xf0*\x08\x82\x17a\x18&sss\x9d\
D\xd4\xa9\xaa\xfe\xd9\x9b\x1e\xfc\x9c\x99\xb3\xf7\xba,u\
\x01DD\xb3\xddDt\xcc\x18s\xa7\x9e5\x11\xb9\x0a\
\xe0T\xa6\xc3\xcc\x0d\x7f\xb0\xa6\x82\x88\x8c\x01\xe8\xf1\xc6\
\x9cs;\x0a\x85\xc2\xa7<n-\x16\x8b{\xc30|\
\x99\xea\xde`\xe6\x93u\xc3\xb6\x98\xd0Z{ZU/\
{Y\x92$\xfb\xe28\x9e\xa8\xd6\x13\x11\xf1\xdf\x98\x99\
\xabe\xe3\xe3\xe3\xdb\x83 \xf8\x98\x86m\xd0\x18\xf3\xa8\
\x16\xc4\x02\x0f\x88\xc8n\x22*\xab\xea\x06\x00\xd7\x98y\
x\xb1\xcdYxj\xb9\xd9Z{TUo\xab\xea\xb4\
s\xae'\x8ec\x9f;\x0b\xd6\x02\x80R\xa9t\x84\x88\
\xee\xab\xeaX\x14E\xfbk\x917\x02\xf0\xfb\xac\xb5\xa3\
\xaa\xda\xab\xaaCQ\x14\x8d\xe4\x02\xb0\xd6^R\xd53\
\x00.2\xf3\xd9\x95\x00\x88\x88/\xc7aU\xbd\x19E\
\xd1\xf1\x5c\x00\x22\xf2\x0c\xc0\x01U=\x18E\xd1\xe3\x15\
\x02\x1c\x06\xf0\x80\x88J\xc6\x98B^\x80\xef\x00\xb6\xb4\
\xb4\xb4l\xed\xea\xea\xfa\xe67\xa5\x09g\xf2T\x81\xf7\
|\x96\x98\xe5ry\x9bs\xee3\x11M\x1bc6\xff\
7\x00\xcd\x0dA\xd3\x93\xb0\xe9e\xf8\x0f\x1a\xd1L\x18\
\x86\xa6\xbb\xbb\xfbM\xae$L\x1b\xc8\xaa\xb5b\x00\xe7\
\x98\xf9|\xeeV\x9c)\xae\xd2e4:;;\xdb\xdf\
\xd7\xd7\xf7s\xc9\x00i\xfd\xaf\xe8:\x06\xf06I\x92\
\xc18\x8e?,\x0b \x85X\xf2@BDOT\xb5\
\x0d@;\x11M$I2P(\x14\xbe\xe6\xce\x81j\
\xc5\xbc#\x19\x80\x1f\x00|\xbc\xef\x86a\xd8\x96$\xc9\
C\x0f\xa1\xaa%\x22:\xc4\xcc^\xfe\xd7j8\xb1d\
\xda\xcb\x19J+\x95\xca\xc6\xf9\xf9\xf9\x8a\x87\x00\xf0\xb4\
\xb5\xb5\xb5\xbf\xa3\xa3\xe3\xd7\x9f\x04\xb9\x01r\xde\x03\x8b\
\xaa\x89\xc8\xbb4\x1c#\xc6\x98\xa15\x07Hs\xe9\x1e\
\x80/\xd5%\xb9&\x1e\xa8\xe7\xbdu\x80\xa6{\xe07\
\xda\xa0\xa60\xeey\xbd\x0e\x00\x00\x00\x00IEND\
\xaeB`\x82\
\x00\x00\x01J\
\x89\
PNG\x0d\x0a\x1a\x0a\x00\x00\x00\x0dIHDR\x00\
\x00\x00 \x00\x00\x00 \x08\x06\x00\x00\x00szz\xf4\
\x00\x00\x00\x01sRGB\x00\xae\xce\x1c\xe9\x00\x00\x01\
\x04IDATXG\xed\x96\xc1\x0d\x830\x0cE\xed\
\xec\xd0%\xda%\xe8\x04!\x87v\x9d\xc2\x10]\x82S\
\x98\xa0]\x82\x0e\xd1!p\x15\xa9H(\x02\xec8H\
\x5c\xc29\xf1\x7f\xfa\xfev@8\xf8\xc3\x83\xf5\xa1\x00\
\x14\x07\x8a\x03\xac\x03\xce\xb9\x8e\x88\x06\xef}+\x1dY\
k\xed\xd9\x18\xf3$\xa2\xd6{\xff\xde\xba\xc7\x02\xd4u\
\xfd@\xc4\x86\x88\x1a\x09\xc4_\xbc\x0b\xa2\xe38\xde\xfb\
\xbe\xffd\x01\x84\xcbR\x88T\xf1P\x9bu`\xa2\xe7\
 4\xe2I\x00[Nh\xc5\x93\x01\x96 r\xc4U\
\x001\x04\x22\xde\xa4\x81[\x0a\xa38\x03\xf1\xe5)\x13\
\x000H\xd2\xbe6\x09*\x80\xb9\xed\x00p\x91\x8e\xe8\
.\x0e\xc4=\x0f-H\xd9\x131D\x92\x03k\x81\xe3\
F4{\x11\x85\x02\x5c\xda\xb5\x10\x22\x078q\xe9\xb2\
Re@*\xae\x85`\x1dp\xce\xbd\x00\xe0\x942j\
\xb3v\x5c\xf7x\x0d+\x22\xfar\xaf\xda\xc2\x9e\xa88\
q\xf5&\x94\xfe\x17H\xce\xb1-\x90\x14\xc99S\x00\
\x8a\x03\xc5\x81\x1f\x9dh\xe5!\x90[\xc0|\x00\x00\x00\
\x00IEND\xaeB`\x82\
\x00\x00\x02\xc4\
\x89\
PNG\x0d\x0a\x1a\x0a\x00\x00\x00\x0dIHDR\x00\
\x00\x00 \x00\x00\x00 \x08\x06\x00\x00\x00szz\xf4\
\x00\x00\x00\x01sRGB\x00\xae\xce\x1c\xe9\x00\x00\x02\
~IDATXG\xed\x96Mh\x13Q\x10\xc7\xff\
\x93\x90\xab`\x0e*\x88\x97\xeaA\xb0H\xf6\xcdK\xa2\
\x9e\x04\xa9zS\x94\x16\xcf^\x8a\x1eT\xb0z\xf2`\
A\x0f~\x81\xa2\xa8\x14=\x0bz\xf2\x03\xa4\x11\x0a\x22\
\xda\xcb\xbe\x17M\x04Q\xf4\xa2\xa8\xe0%\xd2\x83\x87d\
\xdd\x91\x95\x8d\xc4\xb6\xc9\xbe4\xb5A\xe8;\xed\xb2\xff\
\x99\xf9\xbd\xd9yo\x86\xd0\xe7E}\x8e\x8fe\x00\xe7\
\x0c\x18c6\x03\xd8\x22\x22\x83D\xb4\x09\xc0 \x80\x10\
\xc0K\x00\x15\x22zKD\xd6\xf3\xbc\xe8\xddy9\x01\
\xf8\xbe?LD\xd7\x00\xacJ\xf0<\x03\xe0\x0c3_\
p%H\x040\xc6\x5c\x06p4vX\x8awk2\
\x99\xcc\xf3F\xa3\xf1\x93\x88\xf2a\x18\xe6E$OD\
;#\x1d\x11=QJ\xfd~NZ\x1d\x01\x8c1\xd2\
t@D\x87\x95R7:9\xf4}\xff\x22\x11\x1do\
j\x989q\x83m\x05\xd6\xda\x92\x88\x0cE\xceDd\
\x83\xd6\xfaC\xd2n\xa2\xef\xd6\xda\xad\x22\xf2\x22\xd6^\
a\xe6c\x9d\xec\xe6\x050\xc6\x9c\x00p>N\xe76\
\xa5\xd4\xb4K\xf0\xa6\xc6\xf7\xfd\xf5D\xf4>\x86\x1f\xd1\
Z\xdfkg?\x07\xa0\x5c.\xe7\xc20|\x0a`\x85\
\x88\x5c\xd2Z\x8fu\x13\xbc\xa9\xb5\xd6\x1e\x12\x91\xeb\x00\
\xbe\x01\x18b\xe6\xca|~\xe6\x00Xk\x0f\x8a\xc8m\
\x11)i\xadw-$x\xd3\xc6\x183\x09 *\xc6\
Qf\x9ep\x020\xc6\x9c\x03p\x12\xc0Yf>\xd5\
#@t\x1c\xc7D\xe4\xaa\xd6\xfa\x88+\xc0c\x00\xbb\
S\xa9\xd4^\xcf\xf3\xee\xf7\x02`\xad= \x22w\x00\
L1\xf3\x0eW\x80\xaf\x00\xd6\x10\xd1Z\xa5\xd4\x97\xc8\
\xc8\x18\xf3\x06\xc0F\x17\x18\x22z\xa0\x94\xda\x13i\xab\
\xd5\xea\xbaz\xbd\xfe1\xaa\x03f^\xfd\xdf\x00\xf4\xfd\
\x17\xf4\xb7\x08\xfb~\x0c\xff\xc1E4\x13\x86\xe1\xf6|\
>_v*\xc2\xb8\xea\x17\xed*\x06p\x9a\x99\xc7\x9d\
\xaf\xe2\x96\xabt1\x9a\xd1\xa4\x88\xec\xd3Z\xff\xe8\x1a\
 \xceDO\xed\x18\xc0\xab \x08F\x8a\xc5\xe2\xbb\x05\
\x01\xc4\x10]\x0f$\x00\x1e\x12\xd1\x80\x88D\xa3\xdbt\
:\x9d\x1e\xce\xe5r\x9f\x9dk`\xb6\xb0\x8b\x91\xec;\
\x80\xf1l6{\xb3V\xab\x0d\x00\xb8\x1bCL\xa5R\
\xa9\xfd\x9e\xe7E\xdf\xffZ\x89\x13KKgK\x1cJ\
\x83 \xb0\x85B\xe1\xcfPZ\xa9TV\x06A\xf0,\
\x86x\x14\xd7C\xa3\x95\xc0\x19\xc0\xa5\x0f\xb4\xd3Xk\
_\xc7\x10\x13\xcc<\xba\xe4\x00Q@\xdf\xf7o\x11\xd1\
\xa7\xd9GrI2\xd0){\xcb\x00}\xcf\xc0/0\
\xc8r0\xd1S\xc4\x07\x00\x00\x00\x00IEND\xae\
B`\x82\
\x00\x00\x00\xae\
\x89\
PNG\x0d\x0a\x1a\x0a\x00\x00\x00\x0dIHDR\x00\
\x00\x00 \x00\x00\x00 \x08\x06\x00\x00\x00szz\xf4\
\x00\x00\x00\x01sRGB\x00\xae\xce\x1c\xe9\x00\x00\x00\
hIDATXG\xed\xd5\xb1\x0d\x800\x0c\x00A\
\xc7#0\x08\xa3XJ\x01C\x82d\x0f\xc2<\xf4\xd9\
\x00+\xa6H\xf3\xa9\xe3\xf8uM\x9a,>m\xf1~\
!\x00\x01\x04\x10@\x00\x01\x04R\x81\xde\xfb%\x22G\
\xf1\xdb\xbe#\xe2\xfc\x9aM\x03\xcclW\xd5\xad\x12\xa0\
\xaa\xaf\xbb?\xbf\x02*\x8bgfR\x81\x99\xc7*w\
\x09@\x00\x01\x04\x10@`\x00+\x08\x0a!\xa3\x16\xbb\
\xeb\x00\x00\x00\x00IEND\xaeB`\x82\
\x00\x00\x00\xc7\
\x89\
PNG\x0d\x0a\x1a\x0a\x00\x00\x00\x0dIHDR\x00\
\x00\x00 \x00\x00\x00 \x08\x06\x00\x00\x00szz\xf4\
\x00\x00\x00\x01sRGB\x00\xae\xce\x1c\xe9\x00\x00\x00\
\x81IDATXG\xed\x95]\x0a\xc0 \x0c\x83\xf5\
\x88\x9e\xb4G\xdc`\xd0\x1770\x96J\xca\x88\xcf\xfd\
I?\xb5\xe9\x8d|:\xb9\x7f\x93\x80\x17\x811\xc6\x85\
^\x8b\x99=\xf9\x91\x1c\xefQW\x80O\xf7E\xc3'\
\x9e\x09\xec\xe4,\x09\xec\x14\x9b\x05!\xa2%@\x04\xea\
\x13@\x96\xd1?\x17\x112yfL=7\x8c\x18K\
$g\xf9\x0b\x10\xccG\x1f\xa1\xbc@\x04D\x80N\x80\
\xbe\x07h\x02\x90\xc6\x991\xf5\xcc(s:\xa4\x16\x9d\
\xc0\x0d#/ 0\x81\xa4\xac\xb8\x00\x00\x00\x00IE\
ND\xaeB`\x82\
\x00\x00\x01\x14\
\x89\
PNG\x0d\x0a\x1a\x0a\x00\x00\x00\x0dIHDR\x00\
\x00\x00 \x00\x00\x00 \x08\x06\x00\x00\x00szz\xf4\
\x00\x00\x00\x01sRGB\x00\xae\xce\x1c\xe9\x00\x00\x00\
\xceIDATXG\xed\x96\xc1\x0d\xc30\x08E\xc3\
L]\xa0\xdd\x00\x0e\xcd\x92=\xe0\x0d\xda\x01\xbaI\x87\
\xa0\xa2\x92+\xcb\xb2\x1dc%M*\x91cb\xe0\xe5\
\xf3C\x80i\xe7\x0bv\xae?9\xc0\xff)\x80\x88\xe7\
Q\xdf\x84\x10\x1ey\xacI\x01-\x0e\x00\xf7Q\x00\x11\
\xb9\xe4\x10C\x00\x9a\xc8\x0a\xa1\xe0\xab\x02\x94\xe4lA\
\x11\x918\x80I\x01D<\x01\xc03\x91u\x16\x91W\
\xad\x97K\x9e0\xb7 :>\x1aN{\x9e\xde\xdb\xdc\
\x03\xb1\x183\x7f\xbf\x14\x07p\x05\x5c\x81\xc3(\xb04\
tj\xcf\xad\x93\xf0\xf3\xebM\xe7\x80&\xfe\xd9>P\
\x1aD\xbdoNDWf\xbe\xf5\x9c\xaf\xee\x03\xa3\x00\
\xd6\xb8\xe3\x03\xf4\xc8X:\x93{\xa7\x96\xa7\xb9\x92\xad\
m\xb8\x12\x84i'\x1cU\xa3\x15\xe7\x00\xae\xc0\x1bN\
\xc450J\x09\x05\xfe\x00\x00\x00\x00IEND\xae\
B`\x82\
\x00\x00\x01\x1d\
\x89\
PNG\x0d\x0a\x1a\x0a\x00\x00\x00\x0dIHDR\x00\
\x00\x00 \x00\x00\x00 \x08\x06\x00\x00\x00szz\xf4\
\x00\x00\x00\x01sRGB\x00\xae\xce\x1c\xe9\x00\x00\x00\
\xd7IDATXG\xed\xd51\x0e\xc2 \x14\x06\xe0\
\xd7\xa4\x07skt)\x0cz\x1e\xbd\x8e\xe9\xf0`\xf3\
\x02N\xaez\x1b\xc0`l\xe2\xd2\xf6\xf1\xe0\xc9\x02s\
\xe1\xff\xf2S\xa0\x83\xca\xa3\xab\x9c\x0f\x0d\xd0\x1a\xc8j\
`\x1c\xc7\xc1\x18s\xcb\xf9\x91\xd9\x00\xad\xf5\x15\x00v\
\xce\xb9\x83\xb5\xf6\xc1E\xb0\x00\xdf\xf0#\x00<\xbd\xf7\
'c\xcc\xebo\x80\x92\xe1\x11\x9d\xd4@\xe9\xf0$\x80\
D8\x19 \x15N\x02H\x86o\x02\xa4\xc3W\x01?\
\xe1\xdc\x13\xf6\x99\x17B8#\xe2ei\x91\xc5SP\
\x1d\x10\xc5U\xb7`\xaeL\x1aA\xba\x88$\x11$\x80\
\xe4v\x90\x01R\x88$\x80\x04\x22\x19P\x1a\xc1\x02\xcc\
\x88\x10\xc2\xd0\xf7\xfd~\x9a\xa6;\xf7\xb6b\x03b\xa0\
RJ!\x22r\xc37\xdf\x82\x9c\x85\xa9s\xb3\x1a\xa0\
\x86\xac}\xd7\x00\xad\x817+\xb8\xa6!\x08\xe5\x17]\
\x00\x00\x00\x00IEND\xaeB`\x82\
\x00\x00\x01\x84\
\x89\
PNG\x0d\x0a\x1a\x0a\x00\x00\x00\x0dIHDR\x00\
\x00\x00 \x00\x00\x00 \x08\x06\x00\x00\x00szz\xf4\
\x00\x00\x00\x01sRGB\x00\xae\xce\x1c\xe9\x00\x00\x01\
>IDATXG\xed\xd61K\xc40\x14\x07\xf0\
\xf7BA:\xdc&\xa5\xe8t\x93\x22\xe8P]t\x90\
\x1b\xc4A'\x17?\xa4\xe7\xdd\xd8\xd5\xa5Ki\x1a\x9a\
A\xe9\x17\xe9\x96\xf2\xe4\xc1\x9d\x93r\xedK\xa0\x0e\xed\
\x9e\xfe\x7fyI^\x820\xf1\x87\x13\xe7\xc3\x0c\x98+\
\xe0U\x01c\xcc\x05o\xe2,\xcb\xbe\xa4\x9bY\x0c\xd8\
\x85\xbf\xed\x82_\xa5\x081@k}\x8e\x88\x0c\xb8D\
\xc4O\x00\x10!\xc4\x00\x9e\xb9\xb5v\xe9\x9c[\x03\xc0\
\xb5\x14\xe1\x05`D\xd34\xa7}\xdf3\xe2V\x82\xf0\
\x060Bk}\x8c\x88\x1b\x00\xb8\x1f\x8b\x08\x02`D\
\xdb\xb6\x8b\xae\xeb\xb6\x00\xf00\x06\x11\x0c\xc0\x88<\xcf\
\x8f\xd24\xdd\x12\xd1\xd3PDP\xc0\xbe\x17\xd4u\xcd\
\x95x\x19\x82\xf8\x13PU\xd5J)\xf5!m0\xfb\
q\x87\x10\xff\x17\xe03\xf3 K \x01\xf0&L\x92\
d\x83\x88\xcf\x87J\xff\xb3D\x92\xa0\xdf\xc6\x14E\xb1\
\x88\xe3\xf8\x1d\x00\x1e\x87\x86\xf3\x7f\x82\x9c\x02nDJ\
\xa95\x11\xad\xc6\x84\x07\x01\x18cN\x88\x88[\xf1\xdd\
\xd8po@Y\x96\xcb(\x8a\xf8F\xbc\x91\x84{\x01\
\xac\xb5g\xce9\x0e\xbf\x92\x86{\x01&\x7f\x90\xb0~\
\xd2'Y\xa8\xe3\x1b\xe4\x18\xfa`f\xc0\x5c\x81o\x1f\
\x8b\x87!\xb7\xf9\xeep\x00\x00\x00\x00IEND\xae\
B`\x82\
\x00\x00\x01;\
\x89\
PNG\x0d\x0a\x1a\x0a\x00\x00\x00\x0dIHDR\x00\
\x00\x00 \x00\x00\x00 \x08\x06\x00\x00\x00szz\xf4\
\x00\x00\x00\x01sRGB\x00\xae\xce\x1c\xe9\x00\x00\x00\
\xf5IDATXG\xed\x96\xd1\x0d\xc20\x0cD\xcf\
C\xb0\x04,Q\x86\x80u\xa0C\xb0\x04K\xc0\x12e\
\x08\x960\x8a\x14\xa4*j\xea\x8bS\xa9?\x8e\xd4\xbf\
8\xf7t9;\x15\xec\xbcdg}\x04@8\x10\x0e\
\x98\x0e\xa8\xea\x13\xc0$\x22#\xdb\xb2\xaaz\x04\xf0\x00\
0\x8a\xc8{\xad\x8e\x01\xb8\x01\xb8\xa7\x8f\x81\xc8\xe2\x09\
:\xad\xab\x88|\xba\x00R\xb1\xaaR\x10\xad\xe2\xe9l\
\xd3\x81?\xbd\x05\xe1\x11o\x02Xs\xc2+\xde\x0c\xb0\
\x04\xd1#\xee\x02(!\x00\x5c\xd8\xc0-\x85\x91\xce@\
Y<\xcb\xc4\xc4\xa4\xbd\xd6\x09.\x80\xc2\xf6\x13\xdb\xa2\
\x9b8P\xdey\xbe\x02zN\x94\x10M\x0e\xd4\x02g\
\xb5h\xf7 \xca\xc1K\xe3\xb5:\xe1\xbc\x10\x94\x03l\
\xaby L\x00V\x9c\x9d\x98\xcd\x19P\xd5\x17\x80C\
K\xab\xcd\x9c8o\xf1\x1a\x0e\x00\xbe\xd6\xab\xb60'\
\x06K\xdc=\x09\xd9\xff\x02f\x9f\x99\x01\xe6\x90\x9e=\
\x01\x10\x0e\x84\x03?\xaf-\x8e!\xaa$\xe0\xf4\x00\x00\
\x00\x00IEND\xaeB`\x82\
\x00\x00\x02\xb3\
\x89\
PNG\x0d\x0a\x1a\x0a\x00\x00\x00\x0dIHDR\x00\
\x00\x00 \x00\x00\x00 \x08\x06\x00\x00\x00szz\xf4\
\x00\x00\x00\x01sRGB\x00\xae\xce\x1c\xe9\x00\x00\x02\
mIDATXG\xed\x96Mh\x13Q\x10\xc7\xff\
\xb3\x1br\x94x\x88\x0a\xe2\xa5z\x10\x14\xf1\x22\xa8'\
AZ\x85\x1c\xf2&\xa1\xe2\xd9K\xd1\x83\x0aVO\x1e\
,\xe8\xc1/P\x14\x95\xa0g\xc1\xb0\x99g\x22H+\
\x14D\xb4'\xb5\x16A\x14\xbd(*xI\xe9\xc1\x8b\
lF\x16v!\xa4m\xf2\x92\x94F\xa1\x0f\x96\xdd\x85\
\xf9\xf8\xbdy\xf3f\x860\xe0E\x03\xf6\x8f5\x00\xe7\
\x08\x14\x8b\xc5]a\x18\xee\x05\xb0\x93\x88vDo\x00\
\x0d\x00\xb3D4\xa7\xaa\x1fU\xf5\x8d\xb5v\xb6\x9bc\
u\x02`\xe6Q\x00\xb7\x01l\xe8`|\x01\xc0E\x11\
\xb9\xea\x0a\xd1\x11\x80\x99o\x008\x15\x1b\x9c\x020\x07\
\xe0u\xa3\xd1x\xa9\xaa\xa1\xef\xfb{\x00$\xcfH,\
\xf7LD\x92\xef\xb6,m\x01\x98Y\x13mU=a\
\xad\xbd\xdb\xce\x9a1\xe6\x1a\x11\x9dIdD\xa4\xe3\x06\
\x97\x15`\xe6h\xb7\xc3\x911U\xddf\xad\xfd\xe2\x12\
Vf\xde\x07\xe0U,{SDN\xb7\xd3[\x12\x80\
\x99\xcf\x02\xb8\x12+\xee\x17\x91\x19\x17\xe7\x89\x8c1f\
+\x11}\x8e\xff\x8f\x88Hy9\xfdE\x00\xc6\x98\xdd\
D\xf4\x1c\xc0:U\xbdn\xad\x1d\xef\xc6y\x13\xc4q\
\x22\xba\x03\xe0\x97\xe7y\xc3A\x10D\xb9\xb3h-\x02\
`\xe6c\x00\x1e\x00\x98\x12\x91C\xbd8Ot\x98y\
\x12\xc0\x88\xaa\x8eYkKN\x00\x85B\xe1\xb2\xaa\x9e\
\x03pID\xce\xf7\x09\x10]\xc7qU\xbde\xad=\
\xe9\x04\xc0\xccO\x01\x1c\x06`D\xe4q\x9f\x00G\x01\
<\x040-\x22\x07]\x01~\x02\xd8\x14\x86\xe1\xe6j\
\xb5\xfa#Rb\xe6\x0f\x00\xb6;\xc2TE$\x1f\xc9\
\xe6\xf3\xf9-\x9e\xe7}\x8d\xf2@D6\xfe7\x00\x83\
=\x82\x7f!\x09\x07{\x0dW\xba\x10\xa9\xea\x82\xef\xfb\
\x07\x82 x\xeb\x94\x84q\xd6\xafX)V\xd5\x0b\xd6\
\xda\x09\xe7R\xdcT\xc5\xfanF\xaa:\x19\x86a\xa1\
V\xab\xfd\xee\x1a \x8eD_\xed\x18\xc0;\x00Q3\
\xfa\xd4\x13@\x0c\xd1\xf5@BD5U\x1d\x02\x10\x8d\
n3\xa9Tj\xb4\x5c.\x7fw\xce\x81V\xc1.F\
\xb2yU\x9d\xc8d2\xf7\xea\xf5\xfa\x90\xe7y\x8fb\
\x88iU-Zk\xe7[mw\x9cX\x12\x85^\x86\
\xd2\x5c.\xb7>\x9dN\xbf\x88!\x9ed\xb3\xd9B\xa9\
T\xfa\xd3\x0c\xe1\x0c\xe0\xd8\x07\x96\x14c\xe6\xf7\x11\x04\
\x11\x95*\x95\xca\xd8\xaa\x03D\x0e\x8d1\xf7\x01|k\
\xbd\x92\xab\x12\x81v\xd1[\x03\x18x\x04\xfe\x02\xcfa\
T0I\xe8@\xac\x00\x00\x00\x00IEND\xaeB\
`\x82\
\x00\x00\x01|\
\x89\
PNG\x0d\x0a\x1a\x0a\x00\x00\x00\x0dIHDR\x00\
\x00\x00 \x00\x00\x00 \x08\x06\x00\x00\x00szz\xf4\
\x00\x00\x00\x01sRGB\x00\xae\xce\x1c\xe9\x00\x00\x01\
6IDATXG\xed\xd6\xc1J\xc40\x10\x06\xe0\
\x99$\xc5\xf6\xe0\xcd\x93\x9e\xf6\xa4\x08\xeee\xbd\xe8A\
\xf6 B\xb5\x99\xb6\x94\xfa\x90\xbbZ\xe8\x13\xf8\x14\xfa\
4%\x91\x01\x05\x0f*\xed$\xd0=4\xf7\xf0\x7fI\
f\x86 \xcc\xbcp\xe6|X\x00\xcb\x0d\x04\xdd@Y\
\x96\x97\x5c\xc4}\xdf\x7fH\x8bY\x0c\xe0p\xa5\xd4\x8e\
\x83\x9ds\xcfR\x84\x18\xd04\xcd\x85s\x8e\x01W\x00\
\xf0.E\x88\x01|\xf2\xb6mW\xc30\xec\x01`#\
E\x04\x01\x18Q\x14\xc5Y\x92$\x8c\xb8\x91 \x82\x01\
\x8c\xb0\xd6\x9e\x18c^\x01\xe0n*\x22\x0a\x80\x11D\
t\xac\x94\xea\x10\xf1~\x0a\x22\x1a\x80\x11y\x9e\x1fe\
Y\xd6y\xef\x1f\xc7\x22\xa2\x02\xbegA]\xd7\x1d\x00\
\xd4c\x10\x7f\x02\xaa\xaa\xda\x22\xe2\x9bt\xc0\xfc\xd8\xf7\
o\x8b\x1e. \xe4\xe4Q\x9e@\x02\xe0\x22L\xd3\x94\
\xdb\xf1i\xcc\xfbsF\xb4\x22\xe46\xd4Z\xbf\x00\xc0\
\xc3\xd8\xf0h\x80\xafA\xc4\xd3p;%<\x0a\x80\x88\
N\x8d1{\xef\xfd\xed\xd4\xf0`\x80\xb5v\xa5\xb5\xde\
!\xe2\xb5$<\x08@D\xe7\x1c\x0e\x00kix\x10\
`\xf6\x0f\x09\xebg\xfd\x92I\xe6\xc4o{\xa2\xcd\x01\
)h\x01,7\xf0\x09\xf3\x84\xb4!\xfa\xd1\xb6\xa0\x00\
\x00\x00\x00IEND\xaeB`\x82\
\x00\x00\x01:\
\x89\
PNG\x0d\x0a\x1a\x0a\x00\x00\x00\x0dIHDR\x00\
\x00\x00 \x00\x00\x00 \x08\x06\x00\x00\x00szz\xf4\
\x00\x00\x00\x01sRGB\x00\xae\xce\x1c\xe9\x00\x00\x00\
\xf4IDATXG\xed\x95\xdd\x0d\xc2 \x14F\xbf\
\xa6\x8b\xb4\x1b\xd4\x0d\xec&\xaea\xd2D\x1f4\x8ee\
7P'\xb0\x8b\x18\x0cQ\x94\x1f+\xf7\xb6@_\xe0\
\x99p\x0e\x1f\xf7r\x0b,\xbc\x8a\x85\xf9\xc8\x029\x81\
\xb4\x09\x5cN\x15V\xdbA/\xfct\x02\xd7\xc3\x19@\
\x05Q\xb6\xbaD\x1a\x81\x17|\xfd\xbey\x8f\xa6kU\
\x0a\xf1\x05L\xf8\x80\xa6\xab\xd3=\x81\x07.E\xe2%\
@\x80\xc7\x13 \xc2\xe3\x080\xe0\xae\x80\xec\xd3\xe2q\
\x87(k\xbb_IC\x8b\x097\x05\x14\x5c\x91\xb8\x12\
\x13\xe0n\x02\xb7\xe3\x0eB\xec?\xb7\xa5JL\x84\xff\
\xae\x01\xae\xc4\x0c\xf8x\x11R%f\xc2\xffw\x81O\
\x22\x00\xdc\xdf\x86c\x12\x81\xe0~\x01\xb9\xc3\x96\x00z\
m\xb08\x7f;\xa9]\xb5M\xb4\xaf\xd8\x95\x90G\xcc\
\x86\xd3\x12P\xb6\xa6D\x108O\xe0\xfb\x1c\x1b{\xa4\
rcO7\x8e\x09f\xb4\x1a \x1c4uK\x16\xc8\
\x09,\x9e\xc0\x13\xd7\xb3\x83!\x90:\x1d\xc5\x00\x00\x00\
\x00IEND\xaeB`\x82\
\x00\x00\x01\xa6\
\x89\
PNG\x0d\x0a\x1a\x0a\x00\x00\x00\x0dIHDR\x00\
\x00\x00 \x00\x00\x00 \x08\x06\x00\x00\x00szz\xf4\
\x00\x00\x00\x01sRGB\x00\xae\xce\x1c\xe9\x00\x00\x01\
`IDATXG\xed\x96\xcdq\xc20\x10\x85w\
\xb9\xa7\x08\x0a\xb0\x89\xa8\x88\x5c\x93\x09-@Z\x80I\
\xae\xa1\xa28\x88\x06\xd2\x03w\x96\xd1\xc1\x19\xc5^I\
\xbb+3\x5c\xe2\xa3\xad\xd1\xfb\xbc\xbf\x0f\xe1\xce\x0f\xde\
Y\x1f\xfe\x01F\x11\xe8\xda\xf6\x1d\x00\x9e\x91h\xffx\
:\xad\xa7HQ\xd7\xb6\x1b\x00X\x01\xc0\xc1y\xff\x16\
\xdf\xc9\x01P\x7f\x80\x88\xf6\xcbJ\x88n\xb1\xf8\x04\xa2\
 \x1e\x9e\x1f\xe7\xfd<\x0b\xf0\xdd4;B|\x9d\x02\
b \x1e\xae\xdc\x16#\x10N}5\xcd\x0e+!F\
\xe2\x88\x07w<>\x0dS\x9a\xec\x82\x1a\x08\xa9x\x80\
\xc9\xb6\xa1\x05B#^\x04\xd0\xa6C+.\x02\x90B\
X\xc4\xc5\x00%\x08\xab\xb8\x0a \x05\x81\xb3\xd9C\xd4\
\xe7\x00\x89jO\x0d4\xf5.\x18\x15f\x5c\xc9Jq\
u\x04\xfa\xbf`!\x0c\xe2f\x80\x90s\x22Z\xc5\xe1\
\xb3\x8emu\x0a\xe2\x82\x0bK\xa3\x16B\x05\xc0U;\
].\xe7\x9a\xb1-\x06\xc8\xb5\x9aeb\xf6\xf5$\x02\
\x90\xf4\xb9\x15\xa2\x08 \x11Ov\x87\xc0Od\x014\
\xe2V\x88$\x80E\xdc\x02\xc1\x02\xd4\x88k!8O\
\x18\x0c\xe4\xf6wv\x1b'\x1c\xb7;8\xa3\x9b5\xa5\
\xda\xc5\xc2-\x9caw8\xef\xffh\xa6\x22\xc0Z\xe8\
\xd4F+\xbd\x8f\x8c\xee\x87\xf3\xfe%\xeb\x8aK\x97M\
\xfd\xbd8\x07\xa6\x16\x14\xbb\xe2[\x0b\xabF\xf1-a\
\xaey\xb8;0\xbej\xf2\xeb\x00\x00\x00\x00IEN\
D\xaeB`\x82\
\x00\x00\x01~\
\x89\
PNG\x0d\x0a\x1a\x0a\x00\x00\x00\x0dIHDR\x00\
\x00\x00 \x00\x00\x00 \x08\x06\x00\x00\x00szz\xf4\
\x00\x00\x00\x01sRGB\x00\xae\xce\x1c\xe9\x00\x00\x01\
8IDATXG\xed\x97\xeb\x0d\xc20\x0c\x84\xcd\
&\xb0\x09\x9d\x04\xd8\xe06\x006\xf0\x06t\x13\xd8\x84\
n\x02:\xe4\xa24u\xfa\xa0\xa9\x10\xa8\xfeY%\xf6\
\x97\xb3c7+\xf9\xb2\xad\xbe\x1c_~\x1b\x00\xc0\xdd\
\x14<\xabj\xf9\x89\x9a\x93\x14\x00\xf0\xb0\xa0\x87\x05`\
Q\xe0\xff\x14\x00\xb0\x15\x915\xab<u\xba\xbe[\x00\
`o\xb7\xa4R\xd5\x9bwM\xddk\x08\xe0*\x22\x04\
\xa8m\xa3\xaaU\xec\xa0\x0b\x00\x00\xe1\xeb>\xc1\xad\x84\
\xd8\xc4>Z\x00F}\x89\x16\xe6\x00\xa0\xcb\x22V\xa2\
\x0b\xa0Eli!\x1c\x1dU\xb1\x02\xa6\xdcMU\xcf\
\xe1\x01\xaccR\x91V\xc3\x1a\x0bPw>\xa6\xa3\x08\
$>\x88\xc8.H[\xe3\xa49\x01\xc2\xbc\x12\xe2U\
\xa4\x91\x95\xaaJ\xa0\xb7e\x03\xa0G\xa7\xb8\xc2X\xad\
\xe0\xb6\x87\xc58=\x05u\xa4\x04\x84\x1b|\x16\x00G\
\x89d\xf0\xd9\x00\x02\x88c\x9cs\xa7_\xe4M\x81\xd7\
\xd1\xba\xbee-\xc2\xb1\xc1gM\xc1P\x98E\x81\x8f\
\x15\xb0v;T\xe9\xaeu\x9c\xae\x83\x1b\x11\xc707\
\xcca\xfd\xc3\xc8\xaa\xf6(\x22\xa7\xcc\x04\x9c\x92\x1c`\
\x0dK\xbe\x0b\xac\xddz\xc3f4W\xeao\x88\x8e&\
=LF\x938\x1b\x16\x80'\xf8?\x0c0Q\x8a\xa9\
/\x00\x00\x00\x00IEND\xaeB`\x82\
\x00\x00\x01\xd3\
\x89\
PNG\x0d\x0a\x1a\x0a\x00\x00\x00\x0dIHDR\x00\
\x00\x00 \x00\x00\x00 \x08\x06\x00\x00\x00szz\xf4\
\x00\x00\x00\x01sRGB\x00\xae\xce\x1c\xe9\x00\x00\x01\
\x8dIDATXG\xd5\x97\xd1q\xc30\x08\x86a\
\x926\x9b\xa4\x1b\xa0\x09\x92L\x92d\x92\xa4\x13\x88\x0d\
\xdaM\xeaNB\x0f\x9f\xe4\x93e\xcbV\x8d\xaf\xba\xfa\
.wy\x90\xe0\x03!\xf8\x85\xd0\xf8\xc3\xc6\xfe\xa1\x08\
@D\xaf\x01\xeeh\x84\xec\x98\xf9\xb3dc\x02\x10\x1c\
\x9f\x10\xf1ft<\xda.\x227f\xbe\xe76'\x00\
\xce\xb9/\x00\x88\xd1\xef\xc9\xa0\xb6:\xef\xfd!5:\
\x02 \xa2\x07\x22\x9e\xc3\x82ND\x9e\x00\xf0m\xa5@\
\xc4k\x0cJm2\xf3%\xda\x1c\x018\xe7$:\xcf\
I-\x10z\xac\x88\xf8\x00\x80\xbe\x9e\xbc\xf7\x83\xdf\xe1\
\x0f\x11\x9d\xc3\x22\x10\x91\x0b3k\xf4\xbb}Dt\x8d\
u%\x22o\xb10\xff\x12`6\xc0*\x80x3V\
\x8a\xf3\xce\xcc])e\xa5\x0c\xd7\x02\xa4\xc59\xeb\xa3\
t\xcd\xe2b+\xc01\xd4G\xe9z\xea\x8d\xd1\xba)\
6\x1c\x13\xc0\x1e\x95\xf8\xff\x01B!\xd6\xce\x85I\xff\
7e \xdd\x5c{\x1cyQ\xb6\x00\x1853\x13\x80\
F\xdd\xf4\x08j\xd3\xbe\xb4\xce\x9c\x01+\x84\x09\x80\x88\
\xb4\x11}d\x10\xfd\xb8\x9e\x13\x19s\xb0V\x80a\x92\
\xe5\x10\xb5c\xdb\x0a\xa0-\xf843\x8c\xde\x97\xdao\
\x0ak\x02\xb0\x9e\x7f\xb8E\xab\xe3x8\xe7\xb5\xc9\xb6\
\x05(\xcb\xc0!\x8e\xeet\x1c\xablRA:+\x1e\
\xb78M\xf78\xe7\xb4\x88\xcb\x92,\xa4)\x17\xa5\x13\
\x19\xbd\x01\xe4%\x08\xdd~\x94/\x8a\xd2 \x1e\x95\xb4\
\x8d,OZn\xbb\x87I\x22\xa14\x0b\xf1\xb7!\xf3\
\xc3\x96\xdf=\xcd,\x9e\xb6\xecm\xfe:\xfe\x01A\xdf\
\xb40\xa5\x00\xdb\xc0\x00\x00\x00\x00IEND\xaeB\
`\x82\
\x00\x00\x01\xc8\
\x89\
PNG\x0d\x0a\x1a\x0a\x00\x00\x00\x0dIHDR\x00\
\x00\x00 \x00\x00\x00 \x08\x06\x00\x00\x00szz\xf4\
\x00\x00\x00\x01sRGB\x00\xae\xce\x1c\xe9\x00\x00\x01\
\x82IDATXG\xed\x96\xcb\x91\x830\x0c\x86-\
\xd1\x08\xa9d\x93N\xc2\x01\xe3.\x92\xed\x02\xcc!\xd9\
J6\x9d,\x8d\x80v4\x033\x86\xf5\x8b\xc7,\x1c\
\xe2#\xc8\xd2\xe7_\x0f\x1b\xc4\xce\x0bv\x8e/\xde\x00\
\xc7R@)\x95\x12\xd1\x8d\x88\xae\xbe\xda \xa2W\x92\
$YY\x96\xcd\xda\x1a\x1a) \xa5\xbc\x09!\xee1\
N\xb7\x82\x98\x02\x10\x07\xd7Z{S#\xa5\xfc\x11B\
\xa4\x0c\xab\xb5\xfe\x8c\x01v\xd9,\x05\x18\x94j\x00\xe0\
\x15\x02 \xa2\x06\x11\xbfl)[\x04\xc0\x01\x8b\xa2x\
\x84je\x0a\x86\x88\xa7)\xc4b\x00v\xae\x94:\xb7\
m\xcb\xa9\xf0.D\xfc\xe8a\xff\xa4l\x15@(\xf0\
\xf0?\xcf\xf3+\x00<\x00\xe0YUUf\xee;>\
\x00\xd3\xc7\x9e\xd4e7\xa4\xc0\xd6\xba^\x05\x8cv[\
\xcb`\xeeo\xb4\xd6\xa7\xe1\x83\x13\xc0\x18JQ\xad\x16\
\x22$\xa2s?;\xe2\x00\x8c6[=l\x18.\xcf\
\xf3o\x00`\x88\x91?\xab\x02\xdc\xaf]\xd7\xf1\xb4\x0b\
N\xc5\xd0\xc9\xfbvM]\xfe\xac\x00\xfd}p\xe7\xa2\
\xa9\xeb\xfa\x12\x13\xc4g3\xa4\xd3\xe6\xcf\x0a\xc0\x86,\
\x17\x11eu]?7\x00p\xde\x1d.\x058\xe6\xa8\
X\x96B\xf0\x15\xdf\xcbo\xf5\xe7\x03\xd8\xa4\xf8\x8cn\
\xb2\xfas\x02 \xe2\xa5,\xcb\xe0M\x17Rf\x98%\
\xaet\xba\x00\xfeE~\x86wv\xc1\xda\x87\x06;\x0f\
\xc9\xef\x03\x08);\xeb\xbf/\x9d#\x05\x8ci5+\
\x80\xcf84K\x8e\xf5,\xdf\xec\xd83\x1c\xbd\x15\xd8\
]\x81_\x92\xd4\x0e0\xd5\xc01x\x00\x00\x00\x00I\
END\xaeB`\x82\
\x00\x00\x02\xaa\
\x89\
PNG\x0d\x0a\x1a\x0a\x00\x00\x00\x0dIHDR\x00\
\x00\x00 \x00\x00\x00 \x08\x06\x00\x00\x00szz\xf4\
\x00\x00\x00\x01sRGB\x00\xae\xce\x1c\xe9\x00\x00\x02\
dIDATXG\xc5Wmn\xc20\x0c\xb5[\
\x0e\xd2\xdd\x005\xfc\xdf8\xc9\xc6I\xd8N2v\x92\
\xb1\xff\xa4\xe2\x06\xebAh29\x8a\x91I\xf3\x05\xfb\
\xd1J\x95\xa8H\xe3g\xfb=\xe7\x15a\xe1\x0b\x17\x8e\
\x0fw\x01X\xaf\xd7]\xd34\xaf\x88\xd8\x01\x00\xdf\x94\
\xc3H\xb7\xb5\xf6\xc7\x18s<\x9f\xcf\xf4\x5cuU\x01\
\xa0\xc0m\xdb\xee\x01\xe0\xadjW\x80\x11\x11w\xa7\xd3\
\xe9XZ_\x04\xa0\x94\xfa\x14\x81)\xcbC\xd34?\
rs\x02H\x81|u^\x00\x80n\xba\x0eZ\xeb]\
\x0eD\x12\x80\xcf\x9a\x82\xd3f\x14\xf8c\x18\x86C)\
#\xfa\xbf\xef\xfb7D\xa4\x8a\x11\xb0q\x9a\xa6m\xaa\
-Q\x00>\xf8om\x161P\x82/\xef9\x10Q\
\x00J\xa9o\xca\xdcZ\xfb>\x0c\xc3GM\xd6\xa95\
}\xdf\xef\x11\xd1\x81\xd0Z?\x85\xebf\x0088\x00\
\x1c\xb5\xd6\xdb\xff\x04\xe7w\x05\x88\x19'n\x00l6\
\x1b\xca\x9a\xb2\x8f\xa2}\x14\x8c\xe4\x13\x22n%\x81o\
\x00p\xf6\xe1\x22\x0aL\x9b\xd4\xea;\xb6V$wS\
\xd9\x10\x80\x8d\x95^\xf6\xb1\xa4o\xa5\x14\xed\xe1\xe4\x1a\
\xf2'\x96\xe0\x15\x80\x97\x0e\xc9n\xd6'\xbf\xa9\xeb@\
\x8e\x98b\x0f7\x1dC\xd2q\x22\xd6\xda\x1dK\xfa\x0a\
\x80\x07\xce4MOa\xa9e\x05r\x9a.\xc9W\xfc\
\x7fm\x83\x04\xe0\xa4\x17\x03p\x0f\x07x*\xc6\xf8R\
\x02@\x83\xa7\xd3Z\x17\xc7\xf3\xa3j\xa0\xf7\x98#\xdc\
\x1eY\x81\xc5\x01D[\xe0\xe5\xb3\xbfw(\x11o\x8c\
1_a+|\x05\xd2\x1c\x08g\x003[2\xb7\xd4\
\x02&tj/\xa9\xb4\x99\x0cC\x99y\xe2Pu \
\xa7\x00\x06%\x886\x93!\x03\x8b\xca0\xf7\xa2\xd0w\
\xd6hH\x19\xc6\xa6\xa9R\xca\xf1L*\xadz\x14\xcb\
Y\x10\x9a\x92\xe0\xe8\xa5au\x1d4\xe2@\x22\x8f0\
\x1bt7\x00rU\xe0Y\xd0\xb6-\xb5\xc39 \xef\
\x05\xf9\xb7{N\x8d\xea\xd49\x13;\x8e\xd9\x82E\xed\
\x14\x81\x5c\xadV\x9d1\xa6C\xc4W\x0f\xe6h\xad\x1d\
S\xdeA\x1c\xf1\xf9\xe38\xccr\x11C\x22@8K\
\xf6\x1f\x10\xc2\xd0&[S2\xa5\xdc\xef\xbbL\xa9\x1f\
^\xd4\xca\xc7L\xa9\xd4\xb4\xb7\xda\xe4\xe9\x1c\xc9X\x01\
\x97\xcbe\xe4)\x17\xd8r\xfav`b\x16m]\xd5\
\xc1\x13X\xf4\xd2 \xcc\xaa\xa1hJs\xbb{\xbd\xbf\
 \xe2s\xe2\xd3,\xa9\x84\xd4\xbeU\x15\xa8I\xf9\xd1\
5\x8b\x03\xf8\x03\xf4Y\xef0q\xc7\x06\xe0\x00\x00\x00\
\x00IEND\xaeB`\x82\
\x00\x00\x02\x1f\
\x89\
PNG\x0d\x0a\x1a\x0a\x00\x00\x00\x0dIHDR\x00\
\x00\x00 \x00\x00\x00 \x08\x06\x00\x00\x00szz\xf4\
\x00\x00\x00\x01sRGB\x00\xae\xce\x1c\xe9\x00\x00\x01\
\xd9IDATXG\xed\x96\xedQ\xc30\x0c\x86\xa5\
Ih'\x81n\xa0L\x00L\x02\x9d\xa4e\x02k\x83\
\x96I\xc8&\x02\xe5l\x9f\xec8i\x94\xf6(?\xf0\
\xaf^\xa3\xe8}\xf4\x19#\xdc\xf9\xe0\x9d\xf5\xe1o\x03\
\x10\xd1\x0b\x00<\x00\xc0\x06\x117\x22r\x06\x80O\x00\
\xe8\x99\xb9\xb7\xd9#\xa2'\xb5\x03\x80\xc7K\xb6\xf6\xbd\
f\x06\xd4\x19\x22\x1e\xa2\xc3V\x95z\x11yef\x05\
\x82\xae\xebN\x00\xa0\x00\xcd#\x22\xef\x00\xf0QC\xab\
\xf1\x08\x80\x88\x0e\x88\xa8\x91\xd7G#\xd6\x08\xf3\x11\x91\
#\x22\xa6\xc8\xed#\x05S[k\x7f\x8e\xd0E\xe6\x0a\
\x80\x18\xb9F3\x9c\x9a\x9c\x88\xd4\xe1s\x04,`~\
20\x12hd\xf2\x1cB\xd85K\xa0\xce\x11\xf1+\
>,R\x5c\xa7\xa2v\x1c#;N\x95\x80\x88\xde\x10\
Q\xcb0\x04\xc5\xcc\xfbd\x9b30g\xd4r\x1c\x81\
O\x22\xb2g\xe6I\xf1\xf4n\xd7u\x1a\xdc\x90\xb5\x10\
B\xd6\xcd?L#\xf5!\x84\xedT4k\xff\xd7\x89\
\x8a\x8d\xadY\xd8\xa6\x86\xb4\x00\x12Std\xe6\xd7\xb5\
B3e\xd0\xc9\x1a\xfa\xcb\x96\xec7\x01r\x8f\xd9>\
\xb0\x00\xa9F\xa3N\xbdE6\xec\x84\x89\xc8.\xed\x10\
\xdb\x84y\xfem\x8dn!\xae>l\x937\x9b\xb0j\
\x92bT\xae\x85\xa8\xf6K\xd1\xe4\xc5\x22\xb2+\xb5\x9e\
\xd7\xb5\x10\xd5~)&@}\xd6\x9bP\x1bE;u\
\x98\xd7k!\x1a\xe2\xa3\xcc\xb6\xbe\x05\xc5\x87h-D\
C\xbc9\xde\x8b\xbe\x86^\x88\xa5\xe2\xa3\x12\xd8:7\
\xf6\xfd\xa2\xc6\xf4\x88\xcf\x02\xc4\xd1q\x95\xc3+~\x11\
\xc0\x03\xb1F|\x11\xc0\x12\x88\xb5\xe2\x8b\x01\xe6 \xae\
\x11w\x01L@\xe8\x95,_\xdf\xf4\x8a\xe6\xfd\x92\xba\
\xaf\xe5S\x17\xd65\xe2\xee\x0c\xa41m\x8c\xa8;\xf2\
\xd1\x95\xcc\xbb\xeb\x13D\x8c<\xdf\xf1\xbc~\xdc%\xf0\
\x0a\x5c\xb2\xff\x07\xb8{\x06\xbe\x01\x90?\x800\x02\xab\
\xad\xb7\x00\x00\x00\x00IEND\xaeB`\x82\
\x00\x00\x01\xfa\
\x89\
PNG\x0d\x0a\x1a\x0a\x00\x00\x00\x0dIHDR\x00\
\x00\x00 \x00\x00\x00 \x08\x06\x00\x00\x00szz\xf4\
\x00\x00\x00\x01sRGB\x00\xae\xce\x1c\xe9\x00\x00\x01\
\xb4IDATXG\xed\x97\x81M\xc40\x0cEs\
\x93\x00\x93\x00\x93\x00\x93\x00\x93pL\x02L\x02L\x02\
}R\xbf\xe4\xa6Nb\xf7\x10\x15\x12\x96N\xba\xb6\xa9\
\xff\xf7\xb7\x9d\xb8\x87\xb2\xb3\x1dv\xc6/\x7f\x9e\xc0y\
)\xe5c\xa0\x22k\xb4n\xb56\xab\xc0U)\xe5r\
\x02|\xa8@q\xac\xdf\xdb\x04x4\xcf\x9f\xa6g\xb7\
\xf3\xbd\xbb\x9al\x94\x00\xc08\x22\x92\x88\xbd\x96R\x00\
\x83\xd4\xc9\x04\xee\xab\x88q\xaa\x08\x89\x96k)\x03A\
\xfecZ\xc7\xbd\xcd\x0a\xbcT\x0e\x89\x8a\xe8z\xd6R\
\x0b\xd2\xa9\x14\xd8\xc8\x01\xbd\x8eh?\xaf!\xea\x9bJ\
\xb9\x14\x01\xa2 z,\x03\xfe^\x91\xb45\x93\x22`\
\xa5\x8f\x16*\xd8_\x1d\x95\xc2\x04(\x18*\x17C\xf6\
Q\xce-&\xef\xb6\x8c\xa2\x5c\xf9\xf2\xa2S\xdbd\xa4\
O\x94\xc7r\xa9G\x80<\x92;W\xb2\xcdH\x8d\x17\
=\x02\xca#-cw\xb4S\xb0\xd5\x15\xf8x\xb4\x8e\
j\x02,T%_\x04\xf6\xf9(\xa9\xa6\xdf\xdf\x22`\
\xdbz\x11\x98G\x80\x0d\x04{\xfeA\x05lg-0\
3=\x1e\x95\xdb[\xa7\xce\xe2\xd9.\x04\x9a\x9d\xd5R\
\x80\x9c\xf5\x8e\xdeLw\xd8\xfc\xaf:\xabE\xc0J\xe6\
I\x9aI\x9d\xda\xda\xdd\xd8\xa2\x04\xeaQ\x8aJ\x8e\x98\
=S\xdcm=J\xc0N8\x11`\xd2\x87\x8a\x1aN\
\x18\xe1\x16\x1b\x90\x9c\x8c\x08\x10\xb9jA\x13\x8e\xeb\xc8\
\xb0\xb29\xe7v\xf7L\x19\x11\xa0\xd8\x00\xb6C\xa8N\
5\x8dc\x5ck\xef\x00\x5cQ\x03\xde\x8c<\xaa\x80\x0e\
$o\xc2\xe9\xa5\x02R\x91\xf1\xad\xf9a\xd2\x9ad\xd9\
\xd1\xce\xe6(5\xef\x8b\x88R\xf4\x999\xc4Z)\xe8\
~L\x98\xd0m}D\x8as\xb5&\xd3\xcf\x9b\x00F\
/\xfd\x13\xf8\x06]\xe1l!\x04t\xab}\x00\x00\x00\
\x00IEND\xaeB`\x82\
\x00\x00\x02<\
\x89\
PNG\x0d\x0a\x1a\x0a\x00\x00\x00\x0dIHDR\x00\
\x00\x00 \x00\x00\x00 \x08\x06\x00\x00\x00szz\xf4\
\x00\x00\x00\x01sRGB\x00\xae\xce\x1c\xe9\x00\x00\x01\
\xf6IDATXG\xedW\xd1u\xc20\x0c\xb46\
\x81I\x0a\x1b(\x13\x94N\x02\x9d\x04:\x81\xbdA\xd9\
\xa4l\xa2\xbeKm\x9eb\xe4XI__\x7f\xe0\x13\
\xa2\xf8tw:\x19\x0a\xff\xfc\xa1\x7f>?<\x01t\
\x19`\xe6MJ\xe9\xb6V\xaa^\xfd,\x00f>\x12\
\xd1IDN)\xa5\xf7\xa5 <\xf5.\x008XD\
\xb6K\x98`\xe6\x1d\x11}\xe6\xdaf\x03]\x09\x86a\
\xf8\x0a!lB\x087\x11\xd9{@\x80v\x22B\x1d\
>\xd7\x18\xe3\xbe\xc5^\x17@\xee\xe4\x0c\x10^)\x86\
a@\xe7;\x0f\xe8.\x00 /Zf:\xc1\xc2\xb5\
\xd5\xd1\x92g\xf1\x0e\x17\x00<\xe8\x91\xa2\xd2\xfd\x92R\
z\xeb\x19\xd7\x0d \xeb\x0ajM)*\xddo1\xc6\
m\xef\xf0E\x0c\x18RL\x9c\xadt\xc7\xc4\xcc\xca\xa4\
\x81\xb9\x19(E\x95\xc6\xe3hV\xdf-\xca\x8c\xc5\x00\
,?@\x16\x22\xc2\xa4\x80\xfa\xe6\xc8Y\x92\xac\x02`\
\x8d&3\x1fRJ\x17\x8f\xee\xbf\x92\xa0!\x85[\xf3\
\x1a\xe0*\x06\xb2!\xefQ\xeb\x09\x9c\xd5Ih\x15V\
#7>\xe2M\xc9E\x0c0\xf3\x99\x88J\xa4\x22\xfd\
>\xe0\xfa*j/\xd8\x98\x1a\x04\xfc\x10BxQ\xb5\
\xa83\xfdaJ`uX\x90\x8b\x08\x0e\xc4\x01\xf7y\
\xd7c\x88\xe5\x93\xf7\xc0\xa4Y0T\x1a\xe8\x9aP\xc5\
\xeeH\xed\x98X?\x87b+\x9a\x94\xeb\x9a\xfc\xc8U\
D\xae\x99\x05\xb0h\xca\xf4\xc0\x80\xee^'Z/j\
\xf5h\xd6+XI\xf6\xb0\x9a-\x00\x07\x15*\x93<\
/]\xb6\x0c\xa7~\x9f\x8c%<\x91\xdf\x19b\x8c\x93\
3\xe7\x00LnA-f\xb4\x9e-\x80\xca#\x0fK\
\xca4\xa1\xd2\x13:\xe2.\x88\xa8}-\xe6\xaa\xbbh\
\x84\x13V1.\xb3\x98\x86\xc9\x94tMX\xb9\xbav\
\xf3l\xea\x19f,\xf5\xe6\x8an&a6\xd51;\
\x1fw\x00\xcc1\xe6\xb9y\x1bRL\x94\xfc\x18\xa7\x06\
\xb5\xad\xcb\xc9\xea(\xf6,\x9d\xde\x7f\x82q\xbc=/\
\xfa\xcbg\x9e\x00\xbe\x01\xe3\xb1\x980S\x98\xe4\xe8\x00\
\x00\x00\x00IEND\xaeB`\x82\
"

qt_resource_name = b"\
\x00\x04\
\x00\x06\x9e\x84\
\x00c\
\x00h\x00a\x00t\
\x00\x0a\
\x0b\xca\xaad\
\x00s\
\x00c\x00r\x00e\x00e\x00n\x00s\x00h\x00o\x00t\
\x00\x05\
\x00p7\xd5\
\x00i\
\x00m\x00a\x00g\x00e\
\x00\x04\
\x00\x06\xfa^\
\x00i\
\x00c\x00o\x00n\
\x00\x06\
\x06\x8a\x9c\xb3\
\x00a\
\x00s\x00s\x00e\x00t\x00s\
\x00\x10\
\x06\xf4{'\
\x00f\
\x00o\x00l\x00d\x00e\x00r\x00-\x00c\x00o\x00l\x00o\x00r\x00.\x00p\x00n\x00g\
\x00\x0e\
\x00\xd2\x05\x07\
\x00s\
\x00m\x00a\x00l\x00l\x00_\x00p\x00a\x00g\x00e\x00.\x00p\x00n\x00g\
\x00\x0a\
\x09\x8a\xfc\xa7\
\x00v\
\x00o\x00i\x00c\x00e\x002\x00.\x00p\x00n\x00g\
\x00\x08\
\x0b\xd7Y\x07\
\x00l\
\x00e\x00f\x00t\x00.\x00p\x00n\x00g\
\x00\x0a\
\x09\x8d\xfc\xa7\
\x00v\
\x00o\x00i\x00c\x00e\x003\x00.\x00p\x00n\x00g\
\x00\x0a\
\x0a\xc8\xfb\x07\
\x00f\
\x00o\x00l\x00d\x00e\x00r\x00.\x00p\x00n\x00g\
\x00\x0b\
\x0a\xb8N\xa7\
\x00f\
\x00a\x00v\x00i\x00c\x00o\x00n\x00.\x00p\x00n\x00g\
\x00\x16\
\x0e\x01 '\
\x00o\
\x00u\x00t\x00l\x00i\x00n\x00e\x00-\x00m\x00a\x00x\x00i\x00m\x00i\x00z\x00e\x00-\
\x003\x00.\x00p\x00n\x00g\
\x00\x0b\
\x00\xb0\xf8'\
\x00l\
\x00o\x00a\x00d\x00i\x00n\x00g\x00.\x00p\x00n\x00g\
\x00\x0b\
\x073\xc2g\
\x00m\
\x00e\x00s\x00s\x00a\x00g\x00e\x00.\x00p\x00n\x00g\
\x00\x0e\
\x00\xea\xc8g\
\x00m\
\x00i\x00n\x00i\x00m\x00i\x00z\x00i\x00n\x00g\x00.\x00p\x00n\x00g\
\x00\x0e\
\x068'g\
\x00m\
\x00a\x00x\x00i\x00m\x00_\x00p\x00a\x00g\x00e\x00.\x00p\x00n\x00g\
\x00\x0a\
\x0a\x94\x0bG\
\x00s\
\x00w\x00i\x00t\x00c\x00h\x00.\x00p\x00n\x00g\
\x00\x0c\
\x08\x1a\x9d'\
\x00d\
\x00o\x00w\x00n\x00l\x00o\x00a\x00d\x00.\x00p\x00n\x00g\
\x00\x09\
\x0f\x98\xad\xe7\
\x00v\
\x00o\x00i\x00c\x00e\x00.\x00p\x00n\x00g\
\x00\x0a\
\x0e\x88\xe0g\
\x00w\
\x00e\x00c\x00h\x00a\x00t\x00.\x00p\x00n\x00g\
\x00\x08\
\x09\xc5X\xc7\
\x00u\
\x00s\x00e\x00r\x00.\x00p\x00n\x00g\
\x00\x06\
\x05dWG\
\x00Q\
\x00Q\x00.\x00p\x00n\x00g\
\x00\x08\
\x02\x01X\x07\
\x00s\
\x00k\x00i\x00n\x00.\x00p\x00n\x00g\
\x00\x09\
\x0d\xf7\xa6\xa7\
\x00r\
\x00i\x00g\x00h\x00t\x00.\x00p\x00n\x00g\
\x00\x0b\
\x00\xb0\xe2\x96\
\x00l\
\x00o\x00a\x00d\x00i\x00n\x00g\x00.\x00g\x00i\x00f\
\x00\x09\
\x06H\xba\xa7\
\x00p\
\x00h\x00o\x00n\x00e\x00.\x00p\x00n\x00g\
\x00\x0b\
\x01\xe3I\xc7\
\x00m\
\x00a\x00x\x00m\x00i\x00z\x00e\x00.\x00p\x00n\x00g\
\x00\x14\
\x0d,\xd1\xc7\
\x00c\
\x00h\x00e\x00c\x00k\x00b\x00o\x00x\x00-\x00c\x00h\x00e\x00c\x00k\x00e\x00d\x00.\
\x00p\x00n\x00g\
\x00\x09\
\x06\x98\x83'\
\x00c\
\x00l\x00o\x00s\x00e\x00.\x00p\x00n\x00g\
\x00\x0b\
\x00\xbd\xc0'\
\x00s\
\x00e\x00t\x00t\x00i\x00n\x00g\x00.\x00p\x00n\x00g\
\x00\x12\
\x06\x22\x9b\x87\
\x00b\
\x00t\x00n\x00_\x00l\x00e\x00f\x00t\x00_\x00s\x00l\x00e\x00e\x00p\x00.\x00p\x00n\
\x00g\
\x00\x0e\
\x02_q\xa7\
\x00b\
\x00t\x00n\x00_\x00c\x00h\x00a\x00n\x00g\x00e\x00.\x00p\x00n\x00g\
\x00\x0b\
\x08-?\xe7\
\x00b\
\x00t\x00n\x00_\x00b\x00i\x00g\x00.\x00p\x00n\x00g\
\x00\x11\
\x0b\x9fRg\
\x00b\
\x00t\x00n\x00_\x00b\x00i\x00g\x00_\x00s\x00l\x00e\x00e\x00p\x00.\x00p\x00n\x00g\
\
\x00\x0d\
\x06\x00\xe2\x87\
\x00b\
\x00t\x00n\x00_\x00c\x00l\x00o\x00s\x00e\x00.\x00p\x00n\x00g\
\x00\x13\
\x05v(\x87\
\x00b\
\x00t\x00n\x00_\x00s\x00m\x00a\x00l\x00l\x00_\x00s\x00l\x00e\x00e\x00p\x00.\x00p\
\x00n\x00g\
\x00\x0c\
\x0d\x91\xdb'\
\x00b\
\x00t\x00n\x00_\x00l\x00i\x00s\x00t\x00.\x00p\x00n\x00g\
\x00\x14\
\x0fc\xf6\xc7\
\x00b\
\x00t\x00n\x00_\x00c\x00h\x00a\x00n\x00g\x00e\x00_\x00s\x00l\x00e\x00e\x00p\x00.\
\x00p\x00n\x00g\
\x00\x0c\
\x06\xe1\xdb\x07\
\x00b\
\x00t\x00n\x00_\x00l\x00e\x00f\x00t\x00.\x00p\x00n\x00g\
\x00\x13\
\x06\xe6#\xa7\
\x00b\
\x00t\x00n\x00_\x00r\x00i\x00g\x00h\x00t\x00_\x00s\x00l\x00e\x00e\x00p\x00.\x00p\
\x00n\x00g\
\x00\x13\
\x00$\xe8\x87\
\x00b\
\x00t\x00n\x00_\x00c\x00l\x00o\x00s\x00e\x00_\x00s\x00l\x00e\x00e\x00p\x00.\x00p\
\x00n\x00g\
\x00\x0d\
\x07G\x82\x87\
\x00b\
\x00t\x00n\x00_\x00s\x00m\x00a\x00l\x00l\x00.\x00p\x00n\x00g\
\x00\x0d\
\x0e\x9f\x87\x07\
\x00b\
\x00t\x00n\x00_\x00r\x00i\x00g\x00h\x00t\x00.\x00p\x00n\x00g\
\x00\x0b\
\x00\x5c\x9e\xe7\
\x00c\
\x00o\x00n\x00f\x00i\x00r\x00m\x00.\x00p\x00n\x00g\
\x00\x0a\
\x0a-g\xc7\
\x00c\
\x00a\x00n\x00c\x00l\x00e\x00.\x00p\x00n\x00g\
\x00\x0a\
\x06\x88@\x07\
\x00r\
\x00e\x00c\x00o\x00r\x00d\x00.\x00p\x00n\x00g\
\x00\x0d\
\x0c\xc4^'\
\x00f\
\x00i\x00l\x00e\x00-\x00o\x00p\x00e\x00n\x00.\x00p\x00n\x00g\
\x00\x0c\
\x07\xe9\x82\xa7\
\x00e\
\x00m\x00o\x00t\x00i\x00c\x00o\x00n\x00.\x00p\x00n\x00g\
\x00\x08\
\x06\xc8Y'\
\x00l\
\x00o\x00v\x00e\x00.\x00p\x00n\x00g\
\x00\x0a\
\x04\xddjG\
\x00c\
\x00h\x00a\x00n\x00g\x00e\x00.\x00p\x00n\x00g\
\x00\x07\
\x0a\xc7W\x87\
\x00c\
\x00u\x00t\x00.\x00p\x00n\x00g\
"

qt_resource_struct = b"\
\x00\x00\x00\x00\x00\x02\x00\x00\x00\x04\x00\x00\x00\x01\
\x00\x00\x00\x00\x00\x00\x00\x00\
\x00\x00\x00\x00\x00\x02\x00\x00\x00\x01\x00\x00\x008\
\x00\x00\x00\x00\x00\x00\x00\x00\
\x00\x00\x008\x00\x02\x00\x00\x00\x01\x00\x00\x00\x1c\
\x00\x00\x00\x00\x00\x00\x00\x00\
\x00\x00\x00(\x00\x02\x00\x00\x00\x01\x00\x00\x00\x0b\
\x00\x00\x00\x00\x00\x00\x00\x00\
\x00\x00\x00\x0e\x00\x02\x00\x00\x00\x01\x00\x00\x00\x05\
\x00\x00\x00\x00\x00\x00\x00\x00\
\x00\x00\x00F\x00\x02\x00\x00\x00\x01\x00\x00\x00\x06\
\x00\x00\x00\x00\x00\x00\x00\x00\
\x00\x00\x008\x00\x02\x00\x00\x00\x01\x00\x00\x00\x07\
\x00\x00\x00\x00\x00\x00\x00\x00\
\x00\x00\x00\x0e\x00\x02\x00\x00\x00\x03\x00\x00\x00\x08\
\x00\x00\x00\x00\x00\x00\x00\x00\
\x00\x00\x05\x1e\x00\x00\x00\x00\x00\x01\x00\x03\x0eS\
\x00\x00\x01\x8c\x8ff%[\
\x00\x00\x01\xe8\x00\x00\x00\x00\x00\x01\x00\x03\x11;\
\x00\x00\x01\x8c\x8ff%[\
\x00\x00\x05:\x00\x00\x00\x00\x00\x01\x00\x03\x0f\x91\
\x00\x00\x01\x8c\x8ff%Z\
\x00\x00\x00F\x00\x02\x00\x00\x00\x01\x00\x00\x00\x0c\
\x00\x00\x00\x00\x00\x00\x00\x00\
\x00\x00\x008\x00\x02\x00\x00\x00\x01\x00\x00\x00\x0d\
\x00\x00\x00\x00\x00\x00\x00\x00\
\x00\x00\x00(\x00\x02\x00\x00\x00\x0e\x00\x00\x00\x0e\
\x00\x00\x00\x00\x00\x00\x00\x00\
\x00\x00\x04\xb2\x00\x00\x00\x00\x00\x01\x00\x03\x08\xdd\
\x00\x00\x01\x88\xa9t\x9d]\
\x00\x00\x01\x8a\x00\x00\x00\x00\x00\x01\x00\x03\x03\x9f\
\x00\x00\x01\x88\xa9t\x9d^\
\x00\x00\x03j\x00\x00\x00\x00\x00\x01\x00\x02\xf94\
\x00\x00\x01\x88\xa9t\x9d[\
\x00\x00\x03\xf0\x00\x00\x00\x00\x00\x01\x00\x03\x00\xd7\
\x00\x00\x01\x88\xa9t\x9d^\
\x00\x00\x03\xd0\x00\x00\x00\x00\x00\x01\x00\x02\xff\x89\
\x00\x00\x01\x88\xa9t\x9d\x5c\
\x00\x00\x03@\x00\x00\x00\x00\x00\x01\x00\x02\xf8\x18\
\x00\x00\x01\x88\xa9t\x9d]\
\x00\x00\x04h\x00\x00\x00\x00\x00\x01\x00\x03\x064\
\x00\x00\x01\x88\xa9t\x9d]\
\x00\x00\x04\x86\x00\x00\x00\x00\x00\x01\x00\x03\x07U\
\x00\x00\x01\x88\xa9t\x9d^\
\x00\x00\x04\xde\x00\x00\x00\x00\x00\x01\x00\x03\x0a\x1c\
\x00\x00\x01\x88\xa9t\x9d^\
\x00\x00\x03\x8c\x00\x00\x00\x00\x00\x01\x00\x02\xf9\xee\
\x00\x00\x01\x88\xa9t\x9d[\
\x00\x00\x03\xa8\x00\x00\x00\x00\x00\x01\x00\x02\xfc\xb0\
\x00\x00\x01\x88\xa9t\x9d[\
\x00\x00\x04\x1c\x00\x00\x00\x00\x00\x01\x00\x03\x04Q\
\x00\x00\x01\x88\xa9t\x9d]\
\x00\x00\x04\xfe\x00\x00\x00\x00\x00\x01\x00\x03\x0c\xd3\
\x00\x00\x01\x88\xa9t\x9d^\
\x00\x00\x04:\x00\x00\x00\x00\x00\x01\x00\x03\x05\x1c\
\x00\x00\x01\x88\xa9t\x9d[\
\x00\x00\x00F\x00\x02\x00\x00\x00\x01\x00\x00\x00\x1d\
\x00\x00\x00\x00\x00\x00\x00\x00\
\x00\x00\x008\x00\x02\x00\x00\x00\x1a\x00\x00\x00\x1e\
\x00\x00\x00\x00\x00\x00\x00\x00\
\x00\x00\x02\x8e\x00\x00\x00\x00\x00\x01\x00\x00T6\
\x00\x00\x01\x88\xa9t\x9d_\
\x00\x00\x01R\x00\x00\x00\x00\x00\x01\x00\x003\x92\
\x00\x00\x01\x88\xa9t\x9d`\
\x00\x00\x03$\x00\x00\x00\x00\x00\x01\x00\x02\xf6+\
\x00\x00\x01\x88\xa9t\x9db\
\x00\x00\x00~\x00\x00\x00\x00\x00\x01\x00\x00\x03\x04\
\x00\x00\x01\x88\xa9t\x9db\
\x00\x00\x01\x8a\x00\x00\x00\x00\x00\x01\x00\x008Y\
\x00\x00\x01\x88\xa9t\x9da\
\x00\x00\x02\xc2\x00\x00\x00\x00\x00\x01\x00\x02\xf1\xe3\
\x00\x00\x01\x88\xa9t\x9d`\
\x00\x00\x02`\x00\x00\x00\x00\x00\x01\x00\x00O\xcc\
\x00\x00\x01\x88\xa9t\x9db\
\x00\x00\x02N\x00\x00\x00\x00\x00\x01\x00\x00L\xa6\
\x00\x00\x01\x88\xa9t\x9dX\
\x00\x00\x01\xac\x00\x00\x00\x00\x00\x01\x00\x009\x11\
\x00\x00\x01\x88\xa9t\x9d`\
\x00\x00\x02\xaa\x00\x00\x00\x00\x00\x01\x00\x02\xef}\
\x00\x00\x01\x88\xa9t\x9da\
\x00\x00\x03\x0c\x00\x00\x00\x00\x00\x01\x00\x02\xf5(\
\x00\x00\x01\x88\xa9t\x9dY\
\x00\x00\x00X\x00\x00\x00\x00\x00\x01\x00\x00\x00\x00\
\x00\x00\x01\x89\x96\x1f\xc9\x14\
\x00\x00\x01n\x00\x00\x00\x00\x00\x01\x00\x006y\
\x00\x00\x01\x88\xa9t\x9d`\
\x00\x00\x01\xe8\x00\x00\x00\x00\x00\x01\x00\x00?\xaa\
\x00\x00\x01\x88\xa9t\x9dY\
\x00\x00\x00\xa0\x00\x00\x00\x00\x00\x01\x00\x00\x03\xea\
\x00\x00\x01\x88\xa9t\x9dc\
\x00\x00\x00\xd0\x00\x00\x00\x00\x00\x01\x00\x00\x07\xce\
\x00\x00\x01\x88\xa9t\x9dc\
\x00\x00\x028\x00\x00\x00\x00\x00\x01\x00\x00H\xff\
\x00\x00\x01\x88\xa9t\x9db\
\x00\x00\x01\xce\x00\x00\x00\x00\x00\x01\x00\x00;9\
\x00\x00\x01\x88\xa9t\x9db\
\x00\x00\x01\x04\x00\x00\x00\x00\x00\x01\x00\x00\x0c(\
\x00\x00\x01\x88\xa9t\x9dZ\
\x00\x00\x00\xea\x00\x00\x00\x00\x00\x01\x00\x00\x09\xd4\
\x00\x00\x01\x88\xa9t\x9dZ\
\x00\x00\x00\xba\x00\x00\x00\x00\x00\x01\x00\x00\x05\xdb\
\x00\x00\x01\x88\xa9t\x9d^\
\x00\x00\x02\xde\x00\x00\x00\x00\x00\x01\x00\x02\xf3\x1c\
\x00\x00\x01\x88\xa9t\x9dX\
\x00\x00\x02v\x00\x00\x00\x00\x00\x01\x00\x00R{\
\x00\x00\x01\x88\xa9t\x9da\
\x00\x00\x01 \x00\x00\x00\x00\x00\x01\x00\x000\xe1\
\x00\x00\x01\x88\xa9t\x9da\
\x00\x00\x02\x1e\x00\x00\x00\x00\x00\x01\x00\x00D\xcb\
\x00\x00\x01\x88\xa9t\x9dc\
\x00\x00\x02\x06\x00\x00\x00\x00\x00\x01\x00\x00Bm\
\x00\x00\x01\x88\xa9t\x9dc\
\x00\x00\x00F\x00\x02\x00\x00\x00\x01\x00\x00\x009\
\x00\x00\x00\x00\x00\x00\x00\x00\
\x00\x00\x008\x00\x02\x00\x00\x00\x01\x00\x00\x00:\
\x00\x00\x00\x00\x00\x00\x00\x00\
\x00\x00\x00\x00\x00\x02\x00\x00\x00\x06\x00\x00\x00;\
\x00\x00\x00\x00\x00\x00\x00\x00\
\x00\x00\x05\xc2\x00\x00\x00\x00\x00\x01\x00\x03\x1b1\
\x00\x00\x01\x8d \x10C\x88\
\x00\x00\x05T\x00\x00\x00\x00\x00\x01\x00\x03\x12\xbd\
\x00\x00\x01\x8d \x10C\x89\
\x00\x00\x05\xac\x00\x00\x00\x00\x00\x01\x00\x03\x19\x0e\
\x00\x00\x01\x8d \x10C\x88\
\x00\x00\x05\x8e\x00\x00\x00\x00\x00\x01\x00\x03\x16`\
\x00\x00\x01\x8c\x8ff%Z\
\x00\x00\x05\xdc\x00\x00\x00\x00\x00\x01\x00\x03\x1d/\
\x00\x00\x01\x8c\x8ff%Z\
\x00\x00\x05n\x00\x00\x00\x00\x00\x01\x00\x03\x14\x94\
\x00\x00\x01\x8c\x8ff%Z\
"

def qInitResources():
    QtCore.qRegisterResourceData(0x03, qt_resource_struct, qt_resource_name, qt_resource_data)

def qCleanupResources():
    QtCore.qUnregisterResourceData(0x03, qt_resource_struct, qt_resource_name, qt_resource_data)

qInitResources()
